ID,AGE,USE,AD,ED,ACCESS_TIME,EGRESS_TIME,ALT1,ALT2,ALT3,BICYCLES,MOTOR,WB,GENDER,UNO,SERO,DM1,DM2,DM3,DM4,DM5,EDM1,EDM2,EDM3,EDM4,EDM5
1,22.0,4,0.3,2.25,5,7,0,0,1,0,1,0,0,1,0,1,0,0,0,0,0,0,0,1,0
2,22.0,4,0.75,0.3,10,2,0,0,1,1,1,1,0,1,0,0,1,0,0,0,1,0,0,0,0
3,30.0,4,4.25,0.75,10,5,0,0,1,1,1,0,0,1,0,0,0,0,0,1,0,1,0,0,0
4,40.0,4,0.3,1.25,5,5,0,0,1,0,1,1,1,1,0,1,0,0,0,0,0,0,1,0,0
5,22.0,4,3.75,1.25,15,10,0,0,1,0,1,0,1,1,0,0,0,0,1,0,0,0,1,0,0
6,30.0,1,5.0,5.0,10,17,1,0,0,0,0,0,0,1,0,0,0,0,0,1,0,0,0,0,1
7,22.0,1,5.0,2.75,20,10,1,0,0,1,1,0,1,1,0,0,0,0,0,1,0,0,0,1,0
8,40.0,4,0.3,0.75,5,10,0,0,1,0,1,0,0,1,0,1,0,0,0,0,0,1,0,0,0
9,65.0,4,2.75,3.25,20,20,0,0,1,0,1,0,1,1,0,0,0,0,1,0,0,0,0,1,0
10,22.0,4,1.75,1.25,20,10,0,0,1,0,0,1,1,1,0,0,0,1,0,0,0,0,1,0,0
11,40.0,1,0.3,1.75,5,20,1,0,0,0,1,0,1,1,0,1,0,0,0,0,0,0,1,0,0
12,30.0,4,1.75,0.3,15,2,0,0,1,0,1,0,1,1,0,0,0,1,0,0,1,0,0,0,0
13,22.0,1,0.3,0.3,5,3,1,0,0,1,1,0,1,1,0,1,0,0,0,0,1,0,0,0,0
14,22.0,4,0.75,1.25,3,13,0,0,1,0,1,0,1,1,0,0,1,0,0,0,0,0,1,0,0
15,30.0,4,5.0,1.75,20,10,0,0,1,0,1,1,1,1,0,0,0,0,0,1,0,0,1,0,0
16,22.0,1,0.3,0.3,5,5,1,0,0,0,0,1,1,1,0,1,0,0,0,0,1,0,0,0,0
17,40.0,4,0.3,2.75,3,10,0,0,1,0,1,0,0,1,0,1,0,0,0,0,0,0,0,1,0
18,30.0,4,0.75,0.3,10,5,0,0,1,1,1,0,1,1,0,0,1,0,0,0,1,0,0,0,0
19,30.0,4,4.25,2.75,15,15,0,0,1,0,1,0,0,1,0,0,0,0,0,1,0,0,0,1,0
20,30.0,1,3.75,1.75,10,15,1,0,0,0,1,1,1,1,0,0,0,0,1,0,0,0,1,0,0
21,40.0,1,3.75,4.25,15,15,1,0,0,1,1,0,1,1,0,0,0,0,1,0,0,0,0,0,1
22,40.0,4,5.0,0.3,20,5,0,0,1,0,1,0,0,1,0,0,0,0,0,1,1,0,0,0,0
23,30.0,4,0.75,2.25,10,20,0,0,1,0,1,0,0,1,0,0,1,0,0,0,0,0,0,1,0
24,22.0,1,0.3,0.3,5,2,1,0,0,0,0,0,1,1,0,1,0,0,0,0,1,0,0,0,0
25,22.0,1,0.3,0.75,1,5,1,0,0,1,1,0,1,1,0,1,0,0,0,0,0,1,0,0,0
26,22.0,1,0.3,0.75,8,10,1,0,0,0,1,0,1,1,0,1,0,0,0,0,0,1,0,0,0
27,22.0,4,0.3,0.3,5,5,0,0,1,0,1,0,0,1,0,1,0,0,0,0,1,0,0,0,0
28,30.0,1,1.75,0.75,5,5,1,0,0,0,0,0,1,1,0,0,0,1,0,0,0,1,0,0,0
29,30.0,4,1.25,5.0,10,20,0,0,1,0,1,1,1,1,0,0,0,1,0,0,0,0,0,0,1
30,40.0,4,1.75,0.3,5,5,0,0,1,0,1,0,0,1,0,0,0,1,0,0,1,0,0,0,0
31,22.0,4,0.3,0.3,2,2,0,0,1,1,1,1,1,1,0,1,0,0,0,0,1,0,0,0,0
32,54.0,4,1.75,1.75,10,10,0,0,1,0,0,1,1,1,0,0,0,1,0,0,0,0,1,0,0
33,30.0,2,3.75,4.75,15,20,0,1,0,0,1,1,0,1,0,0,0,0,1,0,0,0,0,0,1
34,40.0,1,2.25,2.25,10,10,1,0,0,0,1,1,1,1,0,0,0,0,1,0,0,0,0,1,0
35,30.0,4,2.75,1.25,10,10,0,0,1,0,1,0,1,1,0,0,0,0,1,0,0,0,1,0,0
36,22.0,4,0.3,0.3,5,5,0,0,1,0,0,0,0,1,0,1,0,0,0,0,1,0,0,0,0
37,22.0,4,3.75,0.3,15,5,0,0,1,0,1,0,1,1,0,0,0,0,1,0,1,0,0,0,0
38,30.0,4,1.75,1.75,25,10,0,0,1,0,1,0,0,1,0,0,0,1,0,0,0,0,1,0,0
39,40.0,4,1.25,0.3,10,10,0,0,1,0,1,1,1,1,0,0,0,1,0,0,1,0,0,0,0
40,22.0,1,2.75,0.75,10,5,1,0,0,0,0,0,1,1,0,0,0,0,1,0,0,1,0,0,0
41,22.0,4,0.3,0.3,5,5,0,0,1,0,0,1,0,1,0,1,0,0,0,0,1,0,0,0,0
42,22.0,4,0.3,0.3,5,5,0,0,1,1,1,1,1,1,0,1,0,0,0,0,1,0,0,0,0
43,22.0,1,1.25,0.3,20,5,1,0,0,0,0,1,1,1,0,0,0,1,0,0,1,0,0,0,0
44,30.0,1,1.75,0.3,10,5,1,0,0,1,1,1,1,1,0,0,0,1,0,0,1,0,0,0,0
45,54.0,1,0.3,2.25,5,10,1,0,0,0,0,1,0,1,0,1,0,0,0,0,0,0,0,1,0
46,30.0,4,0.3,1.75,5,5,0,0,1,0,1,1,0,1,0,1,0,0,0,0,0,0,1,0,0
47,22.0,4,2.75,0.75,10,5,0,0,1,1,1,0,0,1,0,0,0,0,1,0,0,1,0,0,0
48,30.0,4,0.75,0.75,5,10,0,0,1,0,1,1,0,1,0,0,1,0,0,0,0,1,0,0,0
49,30.0,2,0.3,5.0,5,40,0,1,0,0,1,1,1,1,0,1,0,0,0,0,0,0,0,0,1
50,40.0,2,0.3,5.0,5,30,0,1,0,1,1,1,1,1,0,1,0,0,0,0,0,0,0,0,1
51,30.0,4,0.3,0.3,2,2,0,0,1,0,1,0,1,1,0,1,0,0,0,0,1,0,0,0,0
52,22.0,1,2.25,0.75,30,10,1,0,0,1,1,0,1,1,0,0,0,0,1,0,0,1,0,0,0
53,30.0,1,2.25,1.25,5,10,1,0,0,1,1,1,1,1,0,0,0,0,1,0,0,0,1,0,0
54,22.0,4,0.3,0.75,5,4,0,0,1,0,0,1,0,1,0,1,0,0,0,0,0,1,0,0,0
55,30.0,4,2.25,2.25,10,10,0,0,1,0,1,1,1,1,0,0,0,0,1,0,0,0,0,1,0
56,30.0,1,0.3,0.3,3,5,1,0,0,1,1,1,1,1,0,1,0,0,0,0,1,0,0,0,0
57,30.0,2,0.3,0.3,10,4,0,1,0,0,0,0,0,1,0,1,0,0,0,0,1,0,0,0,0
58,30.0,1,0.75,1.25,10,15,1,0,0,0,1,0,1,1,0,0,1,0,0,0,0,0,1,0,0
59,54.0,1,0.3,0.3,5,7,1,0,0,0,1,1,1,1,0,1,0,0,0,0,1,0,0,0,0
60,22.0,4,0.3,0.75,3,10,0,0,1,1,1,0,1,1,0,1,0,0,0,0,0,1,0,0,0
61,22.0,1,0.75,1.25,10,10,1,0,0,1,1,0,1,1,0,0,1,0,0,0,0,0,1,0,0
62,22.0,4,0.75,0.3,8,4,0,0,1,0,0,1,0,1,0,0,1,0,0,0,1,0,0,0,0
63,22.0,1,1.25,2.75,10,10,1,0,0,0,1,0,0,1,0,0,0,1,0,0,0,0,0,1,0
64,22.0,2,0.3,3.75,5,25,0,1,0,0,0,0,1,1,0,1,0,0,0,0,0,0,0,1,0
65,30.0,4,0.3,5.0,2,25,0,0,1,1,1,1,1,1,0,1,0,0,0,0,0,0,0,0,1
66,22.0,1,0.3,0.75,7,15,1,0,0,0,0,0,0,1,0,1,0,0,0,0,0,1,0,0,0
67,40.0,4,0.3,1.75,2,10,0,0,1,0,0,0,1,1,0,1,0,0,0,0,0,0,1,0,0
68,22.0,4,1.75,0.3,10,5,0,0,1,0,1,0,1,1,0,0,0,1,0,0,1,0,0,0,0
69,30.0,4,2.75,1.75,18,13,0,0,1,0,1,0,1,1,0,0,0,0,1,0,0,0,1,0,0
70,30.0,4,0.3,3.25,2,15,0,0,1,0,1,1,1,1,0,1,0,0,0,0,0,0,0,1,0
71,22.0,4,0.75,0.3,10,5,0,0,1,0,1,0,1,1,0,0,1,0,0,0,1,0,0,0,0
72,22.0,1,0.75,0.75,10,10,1,0,0,0,1,0,0,1,0,0,1,0,0,0,0,1,0,0,0
73,22.0,1,1.25,0.3,15,5,1,0,0,1,1,0,0,1,0,0,0,1,0,0,1,0,0,0,0
74,22.0,2,0.3,0.3,10,5,0,1,0,0,1,1,1,1,0,1,0,0,0,0,1,0,0,0,0
75,30.0,4,0.3,5.0,2,45,0,0,1,0,1,1,1,1,0,1,0,0,0,0,0,0,0,0,1
76,22.0,1,1.25,2.75,10,10,1,0,0,0,0,1,1,1,0,0,0,1,0,0,0,0,0,1,0
77,22.0,2,1.25,0.3,10,5,0,1,0,1,1,0,0,1,0,0,0,1,0,0,1,0,0,0,0
78,22.0,4,0.3,0.3,5,5,0,0,1,0,1,1,0,1,0,1,0,0,0,0,1,0,0,0,0
79,22.0,4,1.25,0.3,20,5,0,0,1,1,1,1,1,1,0,0,0,1,0,0,1,0,0,0,0
80,22.0,4,0.75,0.75,10,10,0,0,1,0,1,1,0,1,0,0,1,0,0,0,0,1,0,0,0
81,30.0,2,2.75,0.75,10,10,0,1,0,0,1,1,0,1,0,0,0,0,1,0,0,1,0,0,0
82,22.0,4,1.25,0.3,10,2,0,0,1,0,1,0,1,1,0,0,0,1,0,0,1,0,0,0,0
83,54.0,4,0.3,0.3,5,5,0,0,1,0,0,1,1,1,0,1,0,0,0,0,1,0,0,0,0
84,22.0,4,0.75,0.75,10,10,0,0,1,0,0,0,0,1,0,0,1,0,0,0,0,1,0,0,0
85,22.0,4,5.0,0.75,20,10,0,0,1,0,0,1,0,1,0,0,0,0,0,1,0,1,0,0,0
86,30.0,4,0.3,0.75,3,3,0,0,1,0,1,1,1,1,0,1,0,0,0,0,0,1,0,0,0
87,30.0,2,2.75,2.75,10,10,0,1,0,1,1,1,1,1,0,0,0,0,1,0,0,0,0,1,0
88,54.0,4,0.3,1.75,3,10,0,0,1,0,0,1,1,1,0,1,0,0,0,0,0,0,1,0,0
89,22.0,4,3.75,1.75,15,7,0,0,1,1,1,1,1,1,0,0,0,0,1,0,0,0,1,0,0
90,22.0,4,5.0,0.75,250,5,0,0,1,0,1,0,1,1,0,0,0,0,0,1,0,1,0,0,0
91,22.0,1,0.75,0.75,10,10,1,0,0,0,1,0,0,1,0,0,1,0,0,0,0,1,0,0,0
92,22.0,2,0.3,0.3,5,5,0,1,0,1,1,0,0,1,0,1,0,0,0,0,1,0,0,0,0
93,40.0,4,5.0,0.3,30,5,0,0,1,0,1,1,1,1,0,0,0,0,0,1,1,0,0,0,0
94,30.0,4,0.3,2.75,5,10,0,0,1,1,0,1,1,1,0,1,0,0,0,0,0,0,0,1,0
95,22.0,1,0.3,0.3,5,10,1,0,0,0,1,0,0,1,0,1,0,0,0,0,1,0,0,0,0
96,22.0,2,0.75,0.3,8,5,0,1,0,0,1,0,0,1,0,0,1,0,0,0,1,0,0,0,0
97,40.0,2,5.0,5.0,15,30,0,1,0,0,1,1,0,1,0,0,0,0,0,1,0,0,0,0,1
98,22.0,1,0.3,0.3,2,1,1,0,0,0,1,0,1,1,0,1,0,0,0,0,1,0,0,0,0
99,40.0,1,3.75,0.75,15,10,1,0,0,1,1,1,0,1,0,0,0,0,1,0,0,1,0,0,0
100,22.0,4,2.25,1.75,10,10,0,0,1,0,1,0,0,1,0,0,0,0,1,0,0,0,1,0,0
101,22.0,4,1.25,0.3,15,2,0,0,1,0,1,0,1,1,0,0,0,1,0,0,1,0,0,0,0
102,40.0,4,0.3,0.3,5,5,0,0,1,0,0,0,1,1,0,1,0,0,0,0,1,0,0,0,0
103,30.0,4,1.25,1.25,13,20,0,0,1,0,0,0,1,1,0,0,0,1,0,0,0,0,1,0,0
104,22.0,4,0.3,0.3,10,5,0,0,1,0,1,1,1,1,0,1,0,0,0,0,1,0,0,0,0
105,30.0,2,0.3,5.0,5,60,0,1,0,0,0,1,1,1,0,1,0,0,0,0,0,0,0,0,1
106,40.0,2,0.3,5.0,5,40,0,1,0,0,1,1,1,1,0,1,0,0,0,0,0,0,0,0,1
107,22.0,4,0.3,0.75,5,10,0,0,1,0,0,1,0,1,0,1,0,0,0,0,0,1,0,0,0
108,22.0,2,0.3,2.25,8,10,0,1,0,0,1,0,0,1,0,1,0,0,0,0,0,0,0,1,0
109,54.0,4,1.75,0.75,20,10,0,0,1,0,1,1,1,1,0,0,0,1,0,0,0,1,0,0,0
110,22.0,1,5.0,0.3,20,2,1,0,0,0,1,0,1,1,0,0,0,0,0,1,1,0,0,0,0
111,30.0,1,4.25,0.75,10,10,1,0,0,0,1,1,1,1,0,0,0,0,0,1,0,1,0,0,0
112,30.0,2,0.3,0.75,5,10,0,1,0,0,0,1,1,1,0,1,0,0,0,0,0,1,0,0,0
113,30.0,1,0.75,0.3,10,3,1,0,0,0,1,1,1,1,0,0,1,0,0,0,1,0,0,0,0
114,40.0,1,0.75,3.75,10,15,1,0,0,0,1,1,1,1,0,0,1,0,0,0,0,0,0,1,0
115,54.0,1,0.3,3.25,5,10,1,0,0,1,1,0,1,1,0,1,0,0,0,0,0,0,0,1,0
116,22.0,1,0.75,2.25,7,10,1,0,0,0,0,0,0,1,0,0,1,0,0,0,0,0,0,1,0
117,22.0,2,0.3,2.25,2,5,0,1,0,1,1,0,0,1,0,1,0,0,0,0,0,0,0,1,0
118,30.0,4,5.0,0.3,120,2,0,0,1,0,1,1,1,1,0,0,0,0,0,1,1,0,0,0,0
119,22.0,1,5.0,0.3,60,5,1,0,0,0,1,1,1,1,0,0,0,0,0,1,1,0,0,0,0
120,22.0,1,1.25,0.3,15,1,1,0,0,0,1,1,1,1,0,0,0,1,0,0,1,0,0,0,0
121,22.0,4,0.3,0.3,1,1,0,0,1,0,1,1,1,1,0,1,0,0,0,0,1,0,0,0,0
122,22.0,1,3.25,0.75,10,10,1,0,0,0,1,0,1,1,0,0,0,0,1,0,0,1,0,0,0
123,54.0,4,5.0,1.25,50,10,0,0,1,1,1,0,0,1,0,0,0,0,0,1,0,0,1,0,0
124,22.0,4,0.3,0.3,2,5,0,0,1,0,1,0,1,1,0,1,0,0,0,0,1,0,0,0,0
125,22.0,1,1.25,0.3,5,2,1,0,0,0,1,1,1,1,0,0,0,1,0,0,1,0,0,0,0
126,22.0,4,0.75,0.75,10,10,0,0,1,0,0,0,0,1,0,0,1,0,0,0,0,1,0,0,0
127,40.0,1,0.3,0.75,5,10,1,0,0,1,1,0,1,1,0,1,0,0,0,0,0,1,0,0,0
128,30.0,2,1.25,1.75,15,20,0,1,0,0,1,1,1,1,0,0,0,1,0,0,0,0,1,0,0
129,22.0,4,1.25,0.3,10,2,0,0,1,1,1,1,1,1,0,0,0,1,0,0,1,0,0,0,0
130,22.0,4,0.3,0.3,5,4,0,0,1,0,0,1,0,1,0,1,0,0,0,0,1,0,0,0,0
131,22.0,1,0.75,0.3,10,5,1,0,0,1,1,0,1,1,0,0,1,0,0,0,1,0,0,0,0
132,30.0,4,0.3,0.3,10,10,0,0,1,0,1,1,1,1,0,1,0,0,0,0,1,0,0,0,0
133,22.0,1,0.3,0.75,5,10,1,0,0,0,0,0,1,1,0,1,0,0,0,0,0,1,0,0,0
134,40.0,4,0.3,0.3,5,2,0,0,1,0,1,1,1,1,0,1,0,0,0,0,1,0,0,0,0
135,40.0,4,0.75,0.3,10,4,0,0,1,0,1,1,0,1,0,0,1,0,0,0,1,0,0,0,0
136,22.0,1,0.75,0.3,20,4,1,0,0,0,1,0,0,1,0,0,1,0,0,0,1,0,0,0,0
137,22.0,4,0.3,1.25,5,15,0,0,1,0,1,1,0,1,0,1,0,0,0,0,0,0,1,0,0
138,22.0,1,0.75,1.25,10,8,1,0,0,1,1,1,1,1,0,0,1,0,0,0,0,0,1,0,0
139,40.0,4,2.25,0.3,15,10,0,0,1,0,0,1,0,1,0,0,0,0,1,0,1,0,0,0,0
140,22.0,4,4.25,0.3,15,5,0,0,1,0,1,1,0,1,0,0,0,0,0,1,1,0,0,0,0
141,30.0,4,2.75,0.75,5,10,0,0,1,0,0,0,1,1,0,0,0,0,1,0,0,1,0,0,0
142,22.0,1,4.75,0.75,15,10,1,0,0,0,0,1,0,1,0,0,0,0,0,1,0,1,0,0,0
143,22.0,4,0.3,0.3,5,4,0,0,1,0,1,0,0,1,0,1,0,0,0,0,1,0,0,0,0
144,30.0,4,0.3,1.25,5,10,0,0,1,0,0,1,1,1,0,1,0,0,0,0,0,0,1,0,0
145,22.0,4,5.0,5.0,20,25,0,0,1,0,1,0,1,1,0,0,0,0,0,1,0,0,0,0,1
146,22.0,1,0.3,0.3,5,7,1,0,0,1,1,0,1,1,0,1,0,0,0,0,1,0,0,0,0
147,22.0,4,0.3,2.75,10,15,0,0,1,1,1,0,1,1,0,1,0,0,0,0,0,0,0,1,0
148,22.0,1,0.75,0.75,10,10,1,0,0,0,1,0,1,1,0,0,1,0,0,0,0,1,0,0,0
149,30.0,4,0.3,1.75,7,5,0,0,1,0,1,1,0,1,0,1,0,0,0,0,0,0,1,0,0
150,22.0,4,0.3,0.75,5,10,0,0,1,0,1,0,1,1,0,1,0,0,0,0,0,1,0,0,0
151,54.0,4,0.3,0.3,5,3,0,0,1,0,1,1,1,1,0,1,0,0,0,0,1,0,0,0,0
152,22.0,4,0.3,0.3,5,2,0,0,1,1,1,0,0,1,0,1,0,0,0,0,1,0,0,0,0
153,22.0,4,0.3,0.3,2,2,0,0,1,1,1,0,1,1,0,1,0,0,0,0,1,0,0,0,0
154,22.0,1,0.3,5.0,5,30,1,0,0,1,1,1,0,1,0,1,0,0,0,0,0,0,0,0,1
155,22.0,1,1.25,0.3,5,2,1,0,0,0,1,1,0,1,0,0,0,1,0,0,1,0,0,0,0
156,22.0,4,3.75,3.25,15,15,0,0,1,0,1,0,1,1,0,0,0,0,1,0,0,0,0,1,0
157,22.0,4,3.25,0.3,10,2,0,0,1,0,1,1,1,1,0,0,0,0,1,0,1,0,0,0,0
158,40.0,1,0.75,0.3,5,2,1,0,0,1,1,1,1,1,0,0,1,0,0,0,1,0,0,0,0
159,30.0,1,0.75,0.3,5,5,1,0,0,0,1,1,1,1,0,0,1,0,0,0,1,0,0,0,0
160,22.0,4,0.3,0.75,2,10,0,0,1,0,0,0,0,1,0,1,0,0,0,0,0,1,0,0,0
161,22.0,4,0.75,0.3,10,3,0,0,1,0,1,1,1,1,0,0,1,0,0,0,1,0,0,0,0
162,22.0,1,0.75,0.3,10,2,1,0,0,1,1,0,1,1,0,0,1,0,0,0,1,0,0,0,0
163,22.0,4,1.75,0.3,10,2,0,0,1,0,1,1,0,1,0,0,0,1,0,0,1,0,0,0,0
164,22.0,4,0.75,0.3,10,3,0,0,1,0,1,0,0,1,0,0,1,0,0,0,1,0,0,0,0
165,22.0,4,0.75,2.25,8,20,0,0,1,0,1,1,0,1,0,0,1,0,0,0,0,0,0,1,0
166,22.0,4,0.75,1.75,10,5,0,0,1,0,1,1,0,1,0,0,1,0,0,0,0,0,1,0,0
167,22.0,1,0.3,0.75,5,10,1,0,0,0,1,0,1,1,0,1,0,0,0,0,0,1,0,0,0
168,22.0,4,2.25,5.0,15,30,0,0,1,0,0,0,0,1,0,0,0,0,1,0,0,0,0,0,1
169,30.0,4,0.3,0.75,2,5,0,0,1,1,1,1,1,1,0,1,0,0,0,0,0,1,0,0,0
170,22.0,4,2.25,0.3,15,5,0,0,1,0,0,0,1,1,0,0,0,0,1,0,1,0,0,0,0
171,22.0,1,0.75,3.25,7,10,1,0,0,0,1,1,0,1,0,0,1,0,0,0,0,0,0,1,0
172,30.0,4,0.3,0.3,5,5,0,0,1,0,1,0,0,1,0,1,0,0,0,0,1,0,0,0,0
173,22.0,1,0.75,0.75,10,10,1,0,0,0,1,0,1,1,0,0,1,0,0,0,0,1,0,0,0
174,22.0,4,0.3,3.25,5,10,0,0,1,0,1,0,1,1,0,1,0,0,0,0,0,0,0,1,0
175,22.0,2,0.75,0.3,5,5,0,1,0,0,1,0,0,1,0,0,1,0,0,0,1,0,0,0,0
176,22.0,2,0.3,0.3,5,5,0,1,0,0,0,0,0,1,0,1,0,0,0,0,1,0,0,0,0
177,22.0,4,4.25,1.75,15,15,0,0,1,0,1,0,1,1,0,0,0,0,0,1,0,0,1,0,0
178,22.0,1,0.75,0.3,10,2,1,0,0,1,1,1,1,1,0,0,1,0,0,0,1,0,0,0,0
179,40.0,4,0.3,0.3,5,5,0,0,1,0,0,1,1,1,0,1,0,0,0,0,1,0,0,0,0
180,30.0,4,0.3,0.3,5,5,0,0,1,0,1,0,0,1,0,1,0,0,0,0,1,0,0,0,0
181,40.0,4,2.75,1.25,15,15,0,0,1,0,0,1,1,1,0,0,0,0,1,0,0,0,1,0,0
182,40.0,1,0.3,0.3,7,2,1,0,0,1,1,1,1,1,0,1,0,0,0,0,1,0,0,0,0
183,22.0,4,0.3,0.3,2,2,0,0,1,1,1,0,1,1,0,1,0,0,0,0,1,0,0,0,0
184,30.0,2,0.3,0.3,2,3,0,1,0,0,0,1,0,1,0,1,0,0,0,0,1,0,0,0,0
185,30.0,4,0.3,0.75,5,10,0,0,1,0,0,1,1,1,0,1,0,0,0,0,0,1,0,0,0
186,22.0,2,1.25,5.0,5,120,0,1,0,0,1,0,0,1,0,0,0,1,0,0,0,0,0,0,1
187,22.0,4,0.75,0.3,5,3,0,0,1,1,1,0,1,1,0,0,1,0,0,0,1,0,0,0,0
188,22.0,4,0.3,0.3,5,10,0,0,1,0,1,0,0,1,0,1,0,0,0,0,1,0,0,0,0
189,30.0,1,3.25,2.25,10,10,1,0,0,0,0,1,1,1,0,0,0,0,1,0,0,0,0,1,0
190,22.0,2,0.3,0.3,3,5,0,1,0,1,1,0,0,1,0,1,0,0,0,0,1,0,0,0,0
191,22.0,4,0.75,1.75,7,17,0,0,1,0,1,0,0,1,0,0,1,0,0,0,0,0,1,0,0
192,22.0,1,1.25,0.75,20,10,1,0,0,0,1,1,1,1,0,0,0,1,0,0,0,1,0,0,0
193,22.0,4,0.75,0.75,10,9,0,0,1,0,0,1,1,1,0,0,1,0,0,0,0,1,0,0,0
194,22.0,2,0.3,0.3,5,2,0,1,0,0,1,1,0,1,0,1,0,0,0,0,1,0,0,0,0
195,22.0,4,0.3,0.3,7,7,0,0,1,0,0,0,0,1,0,1,0,0,0,0,1,0,0,0,0
196,30.0,2,1.75,4.25,15,25,0,1,0,0,0,0,0,1,0,0,0,1,0,0,0,0,0,0,1
197,22.0,2,0.3,0.75,5,10,0,1,0,0,1,1,1,1,0,1,0,0,0,0,0,1,0,0,0
198,22.0,4,2.25,0.3,10,17,0,0,1,1,1,0,0,1,0,0,0,0,1,0,1,0,0,0,0
199,30.0,4,3.75,0.75,10,10,0,0,1,0,1,0,0,1,0,0,0,0,1,0,0,1,0,0,0
200,22.0,1,0.3,0.3,4,4,1,0,0,0,1,0,1,1,0,1,0,0,0,0,1,0,0,0,0
201,22.0,1,0.75,0.75,10,10,1,0,0,0,1,1,1,1,0,0,1,0,0,0,0,1,0,0,0
202,40.0,1,1.25,0.75,15,5,1,0,0,0,1,1,1,1,0,0,0,1,0,0,0,1,0,0,0
203,30.0,1,0.75,2.25,10,30,1,0,0,0,1,1,1,1,0,0,1,0,0,0,0,0,0,1,0
204,22.0,4,1.75,2.25,6,15,0,0,1,0,0,1,1,1,0,0,0,1,0,0,0,0,0,1,0
205,22.0,1,1.25,0.3,5,5,1,0,0,0,0,1,1,1,0,0,0,1,0,0,1,0,0,0,0
206,30.0,1,0.75,0.75,10,8,1,0,0,0,1,1,1,1,0,0,1,0,0,0,0,1,0,0,0
207,30.0,1,0.3,3.75,5,15,1,0,0,0,1,1,1,1,0,1,0,0,0,0,0,0,0,1,0
208,40.0,4,4.75,2.25,20,30,0,0,1,1,1,1,1,1,0,0,0,0,0,1,0,0,0,1,0
209,30.0,1,0.3,2.75,2,15,1,0,0,0,1,1,1,1,0,1,0,0,0,0,0,0,0,1,0
210,22.0,4,0.3,0.3,5,2,0,0,1,1,1,0,0,1,0,1,0,0,0,0,1,0,0,0,0
211,30.0,4,2.25,4.25,7,10,0,0,1,0,0,1,0,1,0,0,0,0,1,0,0,0,0,0,1
212,30.0,4,5.0,0.3,25,5,0,0,1,1,1,0,1,1,0,0,0,0,0,1,1,0,0,0,0
213,30.0,1,0.3,0.3,6,5,1,0,0,0,1,0,0,1,0,1,0,0,0,0,1,0,0,0,0
214,22.0,4,5.0,1.25,20,10,0,0,1,0,1,1,0,1,0,0,0,0,0,1,0,0,1,0,0
215,30.0,1,0.3,0.3,5,5,1,0,0,0,0,1,1,1,0,1,0,0,0,0,1,0,0,0,0
216,22.0,4,0.3,0.3,5,5,0,0,1,0,0,0,0,1,0,1,0,0,0,0,1,0,0,0,0
217,22.0,4,0.3,1.25,3,6,0,0,1,0,1,1,0,1,0,1,0,0,0,0,0,0,1,0,0
218,22.0,4,5.0,0.3,20,5,0,0,1,0,1,1,1,1,0,0,0,0,0,1,1,0,0,0,0
219,40.0,4,0.3,0.75,5,10,0,0,1,0,1,1,0,1,0,1,0,0,0,0,0,1,0,0,0
220,30.0,2,2.25,2.75,5,15,0,1,0,0,1,1,0,1,0,0,0,0,1,0,0,0,0,1,0
221,54.0,1,0.3,0.3,5,5,1,0,0,1,1,0,1,1,0,1,0,0,0,0,1,0,0,0,0
222,22.0,2,0.3,0.3,3,2,0,1,0,0,0,0,0,1,0,1,0,0,0,0,1,0,0,0,0
223,22.0,4,0.3,1.25,7,13,0,0,1,0,1,0,0,1,0,1,0,0,0,0,0,0,1,0,0
224,30.0,1,0.75,1.25,10,20,1,0,0,0,1,1,1,1,0,0,1,0,0,0,0,0,1,0,0
225,22.0,2,1.25,0.3,15,5,0,1,0,1,1,0,0,1,0,0,0,1,0,0,1,0,0,0,0
226,22.0,4,0.75,0.3,7,5,0,0,1,0,1,0,0,1,0,0,1,0,0,0,1,0,0,0,0
227,54.0,4,0.3,1.25,5,15,0,0,1,0,0,0,1,1,0,1,0,0,0,0,0,0,1,0,0
228,22.0,4,0.3,0.3,2,5,0,0,1,0,1,1,1,1,0,1,0,0,0,0,1,0,0,0,0
229,22.0,1,0.75,0.75,7,7,1,0,0,0,1,0,0,1,0,0,1,0,0,0,0,1,0,0,0
230,40.0,2,0.75,0.75,10,10,0,1,0,0,0,0,1,1,0,0,1,0,0,0,0,1,0,0,0
231,22.0,2,4.75,0.3,15,5,0,1,0,0,1,0,0,1,0,0,0,0,0,1,1,0,0,0,0
232,54.0,4,2.25,0.75,7,10,0,0,1,0,1,0,0,1,0,0,0,0,1,0,0,1,0,0,0
233,22.0,4,1.75,0.3,15,5,0,0,1,0,1,1,1,1,0,0,0,1,0,0,1,0,0,0,0
234,30.0,1,0.3,1.25,5,7,1,0,0,0,1,1,0,1,0,1,0,0,0,0,0,0,1,0,0
235,22.0,2,0.3,0.3,5,4,0,1,0,1,1,1,0,1,0,1,0,0,0,0,1,0,0,0,0
236,54.0,4,0.3,0.75,5,10,0,0,1,0,1,1,0,1,0,1,0,0,0,0,0,1,0,0,0
237,30.0,4,0.3,1.75,2,10,0,0,1,1,1,1,1,1,0,1,0,0,0,0,0,0,1,0,0
238,22.0,4,0.3,0.3,5,3,0,0,1,0,1,1,1,1,0,1,0,0,0,0,1,0,0,0,0
239,22.0,2,0.75,1.25,10,13,0,1,0,0,0,0,0,1,0,0,1,0,0,0,0,0,1,0,0
240,22.0,4,0.75,0.3,10,5,0,0,1,0,1,0,0,1,0,0,1,0,0,0,1,0,0,0,0
241,30.0,4,0.3,0.3,3,2,0,0,1,0,0,1,1,1,0,1,0,0,0,0,1,0,0,0,0
242,22.0,4,0.3,0.75,7,10,0,0,1,0,0,0,0,1,0,1,0,0,0,0,0,1,0,0,0
243,22.0,2,0.3,3.25,5,20,0,1,0,0,1,0,0,1,0,1,0,0,0,0,0,0,0,1,0
244,22.0,2,0.3,1.25,5,15,0,1,0,1,1,0,0,1,0,1,0,0,0,0,0,0,1,0,0
245,22.0,2,0.3,0.3,7,5,0,1,0,0,0,0,0,1,0,1,0,0,0,0,1,0,0,0,0
246,22.0,2,0.3,0.75,5,6,0,1,0,0,0,1,0,1,0,1,0,0,0,0,0,1,0,0,0
247,22.0,4,0.75,0.75,7,10,0,0,1,0,0,1,0,1,0,0,1,0,0,0,0,1,0,0,0
248,22.0,2,0.3,0.75,3,7,0,1,0,0,1,0,0,1,0,1,0,0,0,0,0,1,0,0,0
249,22.0,4,0.75,1.25,8,15,0,0,1,1,1,0,0,1,0,0,1,0,0,0,0,0,1,0,0
250,22.0,4,0.3,0.75,5,10,0,0,1,0,1,0,0,1,0,1,0,0,0,0,0,1,0,0,0
251,22.0,4,5.0,0.75,25,10,0,0,1,0,1,0,1,1,0,0,0,0,0,1,0,1,0,0,0
252,22.0,2,0.3,0.75,5,10,0,1,0,0,0,0,0,1,0,1,0,0,0,0,0,1,0,0,0
253,22.0,4,0.3,1.25,5,15,0,0,1,0,1,0,0,1,0,1,0,0,0,0,0,0,1,0,0
254,22.0,4,0.75,0.3,10,5,0,0,1,0,1,1,1,1,0,0,1,0,0,0,1,0,0,0,0
255,22.0,4,0.3,0.75,5,10,0,0,1,1,1,0,1,1,0,1,0,0,0,0,0,1,0,0,0
256,30.0,4,1.75,5.0,20,25,0,0,1,0,1,0,1,1,0,0,0,1,0,0,0,0,0,0,1
257,40.0,4,4.75,2.25,20,10,0,0,1,1,1,1,1,1,0,0,0,0,0,1,0,0,0,1,0
258,22.0,4,0.3,0.75,6,7,0,0,1,1,1,0,1,1,0,1,0,0,0,0,0,1,0,0,0
259,54.0,4,0.75,0.75,10,10,0,0,1,0,0,1,1,1,0,0,1,0,0,0,0,1,0,0,0
260,30.0,4,1.25,1.25,10,10,0,0,1,0,1,1,1,1,0,0,0,1,0,0,0,0,1,0,0
261,22.0,2,0.3,0.75,2,5,0,1,0,1,1,0,0,1,0,1,0,0,0,0,0,1,0,0,0
262,22.0,1,0.3,3.25,2,20,1,0,0,0,1,0,0,1,0,1,0,0,0,0,0,0,0,1,0
263,22.0,1,3.25,0.75,10,10,1,0,0,0,1,1,1,1,0,0,0,0,1,0,0,1,0,0,0
264,30.0,1,1.25,1.25,15,15,1,0,0,1,1,1,1,1,0,0,0,1,0,0,0,0,1,0,0
265,22.0,2,0.75,0.75,7,10,0,1,0,1,1,0,0,1,0,0,1,0,0,0,0,1,0,0,0
266,22.0,2,0.3,1.25,5,10,0,1,0,1,1,0,0,1,0,1,0,0,0,0,0,0,1,0,0
267,54.0,1,1.25,0.3,5,5,1,0,0,1,1,0,1,1,0,0,0,1,0,0,1,0,0,0,0
268,22.0,4,1.75,0.3,8,10,0,0,1,0,1,0,1,1,0,0,0,1,0,0,1,0,0,0,0
269,22.0,4,3.75,0.3,15,5,0,0,1,1,1,0,1,1,0,0,0,0,1,0,1,0,0,0,0
270,22.0,2,3.25,0.75,5,7,0,1,0,1,1,0,0,1,0,0,0,0,1,0,0,1,0,0,0
271,30.0,2,1.25,0.3,10,2,0,1,0,0,0,0,0,1,0,0,0,1,0,0,1,0,0,0,0
272,40.0,4,2.25,1.75,10,30,0,0,1,0,1,1,1,1,0,0,0,0,1,0,0,0,1,0,0
273,22.0,2,2.25,0.75,5,7,0,1,0,0,1,0,0,1,0,0,0,0,1,0,0,1,0,0,0
274,22.0,4,0.3,3.75,5,10,0,0,1,1,1,0,1,1,0,1,0,0,0,0,0,0,0,1,0
275,30.0,4,0.75,1.75,3,20,0,0,1,0,0,1,1,1,0,0,1,0,0,0,0,0,1,0,0
276,30.0,1,5.0,0.3,45,2,1,0,0,0,1,0,1,1,0,0,0,0,0,1,1,0,0,0,0
277,22.0,1,5.0,0.75,15,10,1,0,0,1,1,0,1,1,0,0,0,0,0,1,0,1,0,0,0
278,22.0,4,0.3,0.3,5,5,0,0,1,0,0,0,1,1,0,1,0,0,0,0,1,0,0,0,0
279,22.0,1,0.3,0.3,5,5,1,0,0,0,1,0,1,1,0,1,0,0,0,0,1,0,0,0,0
280,22.0,4,0.3,0.3,5,5,0,0,1,0,1,1,1,1,0,1,0,0,0,0,1,0,0,0,0
281,40.0,4,0.3,0.75,5,10,0,0,1,0,1,1,1,1,0,1,0,0,0,0,0,1,0,0,0
282,22.0,1,0.75,0.75,10,10,1,0,0,0,1,0,1,1,0,0,1,0,0,0,0,1,0,0,0
283,30.0,4,0.75,0.75,15,5,0,0,1,0,1,1,1,1,0,0,1,0,0,0,0,1,0,0,0
284,30.0,4,1.25,0.75,10,5,0,0,1,0,1,0,1,1,0,0,0,1,0,0,0,1,0,0,0
285,22.0,1,0.3,0.3,5,2,1,0,0,1,1,0,1,1,0,1,0,0,0,0,1,0,0,0,0
286,22.0,4,0.3,0.3,2,5,0,0,1,1,1,0,1,1,0,1,0,0,0,0,1,0,0,0,0
287,22.0,4,0.75,0.3,10,5,0,0,1,0,1,0,1,1,0,0,1,0,0,0,1,0,0,0,0
288,54.0,4,5.0,5.0,70,20,0,0,1,1,1,1,1,1,0,0,0,0,0,1,0,0,0,0,1
289,22.0,4,0.3,0.3,2,5,0,0,1,0,1,1,1,1,0,1,0,0,0,0,1,0,0,0,0
290,30.0,4,0.75,1.75,5,15,0,0,1,0,1,0,1,1,0,0,1,0,0,0,0,0,1,0,0
291,22.0,1,0.75,2.25,15,30,1,0,0,1,0,1,1,1,0,0,1,0,0,0,0,0,0,1,0
292,22.0,4,5.0,0.3,120,5,0,0,1,0,1,1,1,1,0,0,0,0,0,1,1,0,0,0,0
293,30.0,1,0.3,5.0,10,20,1,0,0,0,1,1,1,1,0,1,0,0,0,0,0,0,0,0,1
294,40.0,4,0.75,0.3,10,5,0,0,1,0,1,1,1,1,0,0,1,0,0,0,1,0,0,0,0
295,30.0,2,0.3,0.3,5,2,0,1,0,0,1,1,1,1,0,1,0,0,0,0,1,0,0,0,0
296,30.0,1,0.75,0.75,10,5,1,0,0,0,0,1,1,1,0,0,1,0,0,0,0,1,0,0,0
297,30.0,1,0.75,0.75,10,10,1,0,0,0,0,1,1,1,0,0,1,0,0,0,0,1,0,0,0
298,40.0,1,2.75,0.3,10,3,1,0,0,1,1,1,1,1,0,0,0,0,1,0,1,0,0,0,0
299,30.0,4,0.3,0.3,3,5,0,0,1,0,0,0,1,1,0,1,0,0,0,0,1,0,0,0,0
300,22.0,2,0.75,4.75,10,20,0,1,0,0,1,1,1,1,0,0,1,0,0,0,0,0,0,0,1
301,30.0,2,0.75,0.3,8,2,0,1,0,0,1,1,1,1,0,0,1,0,0,0,1,0,0,0,0
302,22.0,4,1.25,0.3,5,7,0,0,1,0,1,0,1,1,0,0,0,1,0,0,1,0,0,0,0
303,30.0,4,0.3,2.25,5,5,0,0,1,1,1,1,1,1,0,1,0,0,0,0,0,0,0,1,0
304,30.0,4,0.3,0.75,2,10,0,0,1,0,1,1,1,1,0,1,0,0,0,0,0,1,0,0,0
305,30.0,4,0.3,0.75,3,10,0,0,1,0,0,0,1,1,0,1,0,0,0,0,0,1,0,0,0
306,40.0,4,0.75,0.3,7,5,0,0,1,0,1,1,1,1,0,0,1,0,0,0,1,0,0,0,0
307,40.0,1,2.25,0.3,10,5,1,0,0,1,1,1,1,1,0,0,0,0,1,0,1,0,0,0,0
308,22.0,4,0.3,0.75,5,10,0,0,1,0,0,0,1,1,0,1,0,0,0,0,0,1,0,0,0
309,22.0,1,1.25,0.3,12,3,1,0,0,1,1,1,0,1,0,0,0,1,0,0,1,0,0,0,0
310,22.0,4,5.0,0.75,15,10,0,0,1,0,1,0,1,1,0,0,0,0,0,1,0,1,0,0,0
311,30.0,4,0.3,0.75,2,10,0,0,1,0,1,0,1,1,0,1,0,0,0,0,0,1,0,0,0
312,40.0,4,0.3,0.3,5,5,0,0,1,0,1,1,1,1,0,1,0,0,0,0,1,0,0,0,0
313,30.0,4,0.75,0.3,10,4,0,0,1,0,1,1,1,1,0,0,1,0,0,0,1,0,0,0,0
314,30.0,4,0.3,0.3,4,5,0,0,1,0,1,0,1,1,0,1,0,0,0,0,1,0,0,0,0
315,22.0,1,0.3,0.3,5,5,1,0,0,0,0,0,1,1,0,1,0,0,0,0,1,0,0,0,0
316,22.0,4,4.75,2.25,15,15,0,0,1,1,1,1,1,1,0,0,0,0,0,1,0,0,0,1,0
317,22.0,4,4.75,0.3,20,7,0,0,1,0,1,0,0,1,0,0,0,0,0,1,1,0,0,0,0
318,22.0,4,0.75,0.3,10,2,0,0,1,0,1,0,1,1,0,0,1,0,0,0,1,0,0,0,0
319,22.0,2,2.75,0.3,20,5,0,1,0,0,1,0,1,1,0,0,0,0,1,0,1,0,0,0,0
320,22.0,1,2.75,0.75,20,5,1,0,0,1,1,0,0,1,0,0,0,0,1,0,0,1,0,0,0
321,22.0,4,1.75,0.3,10,7,0,0,1,0,1,0,1,1,0,0,0,1,0,0,1,0,0,0,0
322,22.0,1,0.3,0.3,15,8,1,0,0,0,0,0,0,1,0,1,0,0,0,0,1,0,0,0,0
323,40.0,1,5.0,0.75,40,2,1,0,0,1,1,1,1,1,0,0,0,0,0,1,0,1,0,0,0
324,30.0,1,2.75,0.3,15,10,1,0,0,0,1,1,1,1,0,0,0,0,1,0,1,0,0,0,0
325,40.0,4,0.75,2.75,2,15,0,0,1,0,1,1,1,1,0,0,1,0,0,0,0,0,0,1,0
326,22.0,4,1.25,1.25,20,10,0,0,1,0,1,1,1,1,0,0,0,1,0,0,0,0,1,0,0
327,22.0,4,0.75,0.75,10,10,0,0,1,0,1,0,1,1,0,0,1,0,0,0,0,1,0,0,0
328,22.0,1,0.3,0.3,10,10,1,0,0,1,1,0,1,1,0,1,0,0,0,0,1,0,0,0,0
329,30.0,1,1.25,1.25,6,5,1,0,0,1,1,1,0,1,0,0,0,1,0,0,0,0,1,0,0
330,30.0,4,0.3,0.3,6,5,0,0,1,0,1,1,1,1,0,1,0,0,0,0,1,0,0,0,0
331,30.0,4,0.75,2.25,5,10,0,0,1,0,1,0,1,1,0,0,1,0,0,0,0,0,0,1,0
332,30.0,4,5.0,2.25,90,15,0,0,1,0,1,1,1,1,0,0,0,0,0,1,0,0,0,1,0
333,22.0,4,2.75,0.3,15,2,0,0,1,0,1,0,1,1,0,0,0,0,1,0,1,0,0,0,0
334,30.0,4,0.3,0.3,5,8,0,0,1,0,0,0,0,1,0,1,0,0,0,0,1,0,0,0,0
335,40.0,4,0.75,1.25,10,15,0,0,1,1,1,1,1,1,0,0,1,0,0,0,0,0,1,0,0
336,40.0,4,1.25,0.3,10,10,0,0,1,0,1,0,1,1,0,0,0,1,0,0,1,0,0,0,0
337,22.0,4,1.75,1.75,15,30,0,0,1,1,1,0,1,1,0,0,0,1,0,0,0,0,1,0,0
338,40.0,1,0.75,5.0,13,45,1,0,0,0,1,1,0,1,0,0,1,0,0,0,0,0,0,0,1
339,30.0,1,0.75,2.75,10,20,1,0,0,0,1,0,0,1,0,0,1,0,0,0,0,0,0,1,0
340,30.0,4,0.75,0.3,5,5,0,0,1,0,1,1,1,1,0,0,1,0,0,0,1,0,0,0,0
341,22.0,4,1.75,0.3,15,5,0,0,1,0,0,0,1,1,0,0,0,1,0,0,1,0,0,0,0
342,22.0,4,1.25,0.3,5,6,0,0,1,0,1,0,1,1,0,0,0,1,0,0,1,0,0,0,0
343,22.0,4,0.3,0.75,5,10,0,0,1,0,0,0,0,1,0,1,0,0,0,0,0,1,0,0,0
344,22.0,4,0.3,0.3,6,8,0,0,1,0,1,1,1,1,0,1,0,0,0,0,1,0,0,0,0
345,22.0,4,0.3,0.3,5,3,0,0,1,0,1,0,1,1,0,1,0,0,0,0,1,0,0,0,0
346,22.0,4,5.0,1.75,15,10,0,0,1,0,1,0,0,1,0,0,0,0,0,1,0,0,1,0,0
347,22.0,4,0.75,0.3,5,5,0,0,1,0,1,1,1,1,0,0,1,0,0,0,1,0,0,0,0
348,22.0,4,5.0,5.0,40,20,0,0,1,0,1,0,1,1,0,0,0,0,0,1,0,0,0,0,1
349,22.0,1,0.75,0.75,15,10,1,0,0,0,1,1,0,1,0,0,1,0,0,0,0,1,0,0,0
350,22.0,1,0.75,1.25,10,15,1,0,0,0,0,0,1,1,0,0,1,0,0,0,0,0,1,0,0
351,30.0,4,0.75,0.75,15,10,0,0,1,0,0,1,1,1,0,0,1,0,0,0,0,1,0,0,0
352,40.0,4,1.25,0.3,15,5,0,0,1,0,1,1,1,1,0,0,0,1,0,0,1,0,0,0,0
353,22.0,4,0.75,0.3,10,3,0,0,1,0,0,0,1,1,0,0,1,0,0,0,1,0,0,0,0
354,22.0,4,2.25,1.25,10,10,0,0,1,0,1,0,1,1,0,0,0,0,1,0,0,0,1,0,0
355,22.0,4,0.3,0.3,5,5,0,0,1,0,1,0,1,1,0,1,0,0,0,0,1,0,0,0,0
356,30.0,1,3.25,1.25,10,15,1,0,0,0,0,0,1,1,0,0,0,0,1,0,0,0,1,0,0
357,30.0,4,0.3,0.3,3,5,0,0,1,0,0,1,1,1,0,1,0,0,0,0,1,0,0,0,0
358,22.0,4,1.25,5.0,20,20,0,0,1,0,1,1,1,1,0,0,0,1,0,0,0,0,0,0,1
359,22.0,4,0.75,3.25,10,20,0,0,1,0,1,1,0,1,0,0,1,0,0,0,0,0,0,1,0
360,22.0,2,0.75,1.25,10,13,0,1,0,0,0,1,0,1,0,0,1,0,0,0,0,0,1,0,0
361,54.0,4,2.25,0.3,30,2,0,0,1,0,1,1,1,1,0,0,0,0,1,0,1,0,0,0,0
362,22.0,4,2.25,0.75,10,5,0,0,1,0,1,0,0,1,0,0,0,0,1,0,0,1,0,0,0
363,22.0,2,0.3,1.75,5,15,0,1,0,0,1,0,0,1,0,1,0,0,0,0,0,0,1,0,0
364,30.0,4,0.3,2.25,7,4,0,0,1,0,1,1,0,1,0,1,0,0,0,0,0,0,0,1,0
365,22.0,4,0.75,0.3,5,5,0,0,1,1,1,0,0,1,0,0,1,0,0,0,1,0,0,0,0
366,22.0,4,0.75,0.3,10,7,0,0,1,0,0,1,0,1,0,0,1,0,0,0,1,0,0,0,0
367,30.0,4,2.25,0.3,15,4,0,0,1,0,1,0,0,1,0,0,0,0,1,0,1,0,0,0,0
368,30.0,4,0.3,0.75,5,7,0,0,1,0,1,1,0,1,0,1,0,0,0,0,0,1,0,0,0
369,22.0,2,3.75,0.3,15,7,0,1,0,0,0,0,0,1,0,0,0,0,1,0,1,0,0,0,0
370,30.0,4,3.25,0.3,15,5,0,0,1,0,1,0,0,1,0,0,0,0,1,0,1,0,0,0,0
371,22.0,4,0.3,0.3,2,10,0,0,1,0,0,0,0,1,0,1,0,0,0,0,1,0,0,0,0
372,22.0,4,0.3,0.3,2,3,0,0,1,0,0,1,0,1,0,1,0,0,0,0,1,0,0,0,0
373,30.0,4,0.3,1.25,5,15,0,0,1,0,0,1,0,1,0,1,0,0,0,0,0,0,1,0,0
374,30.0,4,1.25,0.3,10,5,0,0,1,0,0,0,0,1,0,0,0,1,0,0,1,0,0,0,0
375,22.0,4,1.75,0.3,15,5,0,0,1,0,0,0,0,1,0,0,0,1,0,0,1,0,0,0,0
376,54.0,4,3.25,1.25,15,15,0,0,1,0,1,0,0,1,0,0,0,0,1,0,0,0,1,0,0
377,22.0,2,3.25,0.75,10,7,0,1,0,1,1,0,0,1,0,0,0,0,1,0,0,1,0,0,0
378,40.0,4,1.25,0.3,12,5,0,0,1,0,1,0,1,1,0,0,0,1,0,0,1,0,0,0,0
379,22.0,4,0.3,0.75,2,7,0,0,1,0,1,0,0,1,0,1,0,0,0,0,0,1,0,0,0
380,22.0,2,0.3,1.75,5,3,0,1,0,0,1,0,0,1,0,1,0,0,0,0,0,0,1,0,0
381,22.0,4,0.3,0.75,5,8,0,0,1,0,1,1,0,1,0,1,0,0,0,0,0,1,0,0,0
382,54.0,4,0.3,0.3,10,8,0,0,1,0,0,0,0,1,0,1,0,0,0,0,1,0,0,0,0
383,22.0,2,0.75,0.3,8,5,0,1,0,1,1,0,0,1,0,0,1,0,0,0,1,0,0,0,0
384,30.0,4,5.0,4.25,20,10,0,0,1,0,1,0,0,1,0,0,0,0,0,1,0,0,0,0,1
385,30.0,4,0.3,0.3,10,5,0,0,1,0,1,1,0,1,0,1,0,0,0,0,1,0,0,0,0
386,22.0,2,2.75,2.25,10,15,0,1,0,0,1,0,0,1,0,0,0,0,1,0,0,0,0,1,0
387,30.0,4,5.0,0.3,30,2,0,0,1,0,1,1,0,1,0,0,0,0,0,1,1,0,0,0,0
388,40.0,4,0.75,0.3,5,5,0,0,1,0,1,1,1,1,0,0,1,0,0,0,1,0,0,0,0
389,22.0,4,0.75,0.75,10,5,0,0,1,1,1,0,0,1,0,0,1,0,0,0,0,1,0,0,0
390,22.0,4,0.75,0.3,10,5,0,0,1,0,0,0,0,1,0,0,1,0,0,0,1,0,0,0,0
391,22.0,4,1.75,0.75,1,10,0,0,1,0,0,1,1,1,0,0,0,1,0,0,0,1,0,0,0
392,40.0,4,4.75,0.75,15,5,0,0,1,0,1,0,1,1,0,0,0,0,0,1,0,1,0,0,0
393,30.0,4,5.0,0.75,20,8,0,0,1,0,0,0,1,1,0,0,0,0,0,1,0,1,0,0,0
394,22.0,2,0.75,4.75,7,20,0,1,0,0,1,0,0,1,0,0,1,0,0,0,0,0,0,0,1
395,22.0,2,0.75,1.25,10,15,0,1,0,0,0,0,0,1,0,0,1,0,0,0,0,0,1,0,0
396,30.0,4,1.25,5.0,3,15,0,0,1,0,0,0,0,1,0,0,0,1,0,0,0,0,0,0,1
397,40.0,4,1.75,2.25,5,15,0,0,1,1,1,0,1,1,0,0,0,1,0,0,0,0,0,1,0
398,22.0,1,2.25,0.3,30,5,1,0,0,0,0,1,0,1,0,0,0,0,1,0,1,0,0,0,0
399,22.0,4,0.75,0.75,15,7,0,0,1,0,1,0,0,1,0,0,1,0,0,0,0,1,0,0,0
400,30.0,4,0.75,0.3,7,7,0,0,1,0,0,0,0,1,0,0,1,0,0,0,1,0,0,0,0
401,22.0,4,1.75,0.3,5,5,0,0,1,0,1,0,0,1,0,0,0,1,0,0,1,0,0,0,0
402,40.0,1,5.0,4.75,20,15,1,0,0,0,1,1,1,1,0,0,0,0,0,1,0,0,0,0,1
403,22.0,1,5.0,4.75,20,10,1,0,0,0,1,0,1,1,0,0,0,0,0,1,0,0,0,0,1
404,30.0,4,0.3,0.75,10,10,0,0,1,0,1,1,1,1,0,1,0,0,0,0,0,1,0,0,0
405,22.0,4,3.25,0.3,15,5,0,0,1,0,0,1,0,1,0,0,0,0,1,0,1,0,0,0,0
406,30.0,4,4.75,0.3,15,5,0,0,1,1,1,1,1,1,0,0,0,0,0,1,1,0,0,0,0
407,30.0,2,5.0,1.75,25,10,0,1,0,0,1,1,1,1,0,0,0,0,0,1,0,0,1,0,0
408,22.0,1,0.3,0.3,5,3,1,0,0,0,0,0,0,1,0,1,0,0,0,0,1,0,0,0,0
409,22.0,4,0.75,0.3,7,7,0,0,1,0,0,0,0,1,0,0,1,0,0,0,1,0,0,0,0
410,22.0,4,0.75,0.3,10,7,0,0,1,1,1,0,0,1,0,0,1,0,0,0,1,0,0,0,0
411,22.0,2,0.75,0.75,10,12,0,1,0,0,0,0,0,1,0,0,1,0,0,0,0,1,0,0,0
412,22.0,1,1.25,0.3,5,5,1,0,0,0,1,1,0,1,0,0,0,1,0,0,1,0,0,0,0
413,30.0,4,0.75,0.3,10,5,0,0,1,0,0,0,0,1,0,0,1,0,0,0,1,0,0,0,0
414,30.0,2,0.3,0.3,5,2,0,1,0,1,1,0,0,1,0,1,0,0,0,0,1,0,0,0,0
415,22.0,4,0.3,0.3,2,10,0,0,1,1,0,1,0,1,0,1,0,0,0,0,1,0,0,0,0
416,30.0,4,0.3,0.3,5,15,0,0,1,0,1,1,1,1,0,1,0,0,0,0,1,0,0,0,0
417,30.0,1,1.75,5.0,10,30,1,0,0,1,1,0,0,1,0,0,0,1,0,0,0,0,0,0,1
418,22.0,4,0.3,1.25,5,10,0,0,1,0,0,0,0,1,0,1,0,0,0,0,0,0,1,0,0
419,22.0,4,0.3,0.3,2,2,0,0,1,0,1,1,0,1,0,1,0,0,0,0,1,0,0,0,0
420,30.0,4,0.75,0.75,6,10,0,0,1,0,1,0,0,1,0,0,1,0,0,0,0,1,0,0,0
421,22.0,2,0.75,0.3,10,6,0,1,0,0,1,0,0,1,0,0,1,0,0,0,1,0,0,0,0
422,40.0,4,2.25,0.3,10,1,0,0,1,1,1,0,1,1,0,0,0,0,1,0,1,0,0,0,0
423,22.0,4,1.75,0.3,5,2,0,0,1,0,1,0,1,1,0,0,0,1,0,0,1,0,0,0,0
424,22.0,4,3.75,0.75,10,15,0,0,1,0,1,0,0,1,0,0,0,0,1,0,0,1,0,0,0
425,40.0,4,1.75,5.0,6,15,0,0,1,0,1,0,0,1,0,0,0,1,0,0,0,0,0,0,1
426,22.0,2,0.3,0.3,6,2,0,1,0,1,1,0,0,1,0,1,0,0,0,0,1,0,0,0,0
427,22.0,1,0.3,1.25,5,10,1,0,0,0,0,0,1,1,0,1,0,0,0,0,0,0,1,0,0
428,30.0,1,2.25,2.25,10,10,1,0,0,0,1,1,0,1,0,0,0,0,1,0,0,0,0,1,0
429,22.0,4,0.3,0.3,5,5,0,0,1,0,0,0,0,1,0,1,0,0,0,0,1,0,0,0,0
430,22.0,2,0.3,0.3,20,5,0,1,0,1,1,0,1,1,0,1,0,0,0,0,1,0,0,0,0
431,22.0,2,0.3,5.0,5,30,0,1,0,0,0,0,0,1,0,1,0,0,0,0,0,0,0,0,1
432,30.0,1,0.3,1.25,7,15,1,0,0,1,1,0,0,1,0,1,0,0,0,0,0,0,1,0,0
433,30.0,4,0.75,1.25,10,10,0,0,1,0,1,0,1,1,0,0,1,0,0,0,0,0,1,0,0
434,40.0,4,0.75,0.75,7,10,0,0,1,0,1,0,0,1,0,0,1,0,0,0,0,1,0,0,0
435,22.0,4,0.3,0.3,7,6,0,0,1,0,0,0,0,1,0,1,0,0,0,0,1,0,0,0,0
436,30.0,2,3.75,0.3,12,5,0,1,0,0,1,0,1,1,0,0,0,0,1,0,1,0,0,0,0
437,22.0,1,0.3,0.3,6,7,1,0,0,0,1,0,0,1,0,1,0,0,0,0,1,0,0,0,0
438,22.0,2,0.75,0.3,5,3,0,1,0,0,0,1,0,1,0,0,1,0,0,0,1,0,0,0,0
439,30.0,4,0.75,0.3,10,5,0,0,1,0,1,1,1,1,0,0,1,0,0,0,1,0,0,0,0
440,22.0,4,0.3,0.3,2,5,0,0,1,0,1,0,0,1,0,1,0,0,0,0,1,0,0,0,0
441,22.0,2,4.75,0.3,20,5,0,1,0,0,1,0,0,1,0,0,0,0,0,1,1,0,0,0,0
442,22.0,4,5.0,0.3,15,3,0,0,1,0,1,0,0,1,0,0,0,0,0,1,1,0,0,0,0
443,22.0,2,4.25,0.3,25,5,0,1,0,0,1,0,0,1,0,0,0,0,0,1,1,0,0,0,0
444,22.0,2,0.3,0.3,5,5,0,1,0,0,1,0,0,1,0,1,0,0,0,0,1,0,0,0,0
445,30.0,4,0.3,0.75,5,7,0,0,1,1,1,0,0,1,0,1,0,0,0,0,0,1,0,0,0
446,22.0,2,0.3,0.3,5,5,0,1,0,0,0,0,0,1,0,1,0,0,0,0,1,0,0,0,0
447,22.0,4,0.3,0.75,5,7,0,0,1,0,1,0,0,1,0,1,0,0,0,0,0,1,0,0,0
448,30.0,4,4.25,0.3,15,5,0,0,1,0,1,0,0,1,0,0,0,0,0,1,1,0,0,0,0
449,22.0,4,0.3,0.3,2,6,0,0,1,1,1,0,1,1,0,1,0,0,0,0,1,0,0,0,0
450,22.0,4,5.0,0.75,60,10,0,0,1,0,0,0,1,1,0,0,0,0,0,1,0,1,0,0,0
451,22.0,1,0.3,1.75,3,5,1,0,0,0,0,0,0,1,0,1,0,0,0,0,0,0,1,0,0
452,22.0,4,5.0,1.75,45,10,0,0,1,1,1,0,1,1,0,0,0,0,0,1,0,0,1,0,0
453,22.0,4,0.75,0.3,10,5,0,0,1,0,0,0,0,1,0,0,1,0,0,0,1,0,0,0,0
454,40.0,4,0.3,0.75,5,5,0,0,1,0,0,1,1,1,0,1,0,0,0,0,0,1,0,0,0
455,22.0,4,0.3,1.25,5,20,0,0,1,1,1,0,0,1,0,1,0,0,0,0,0,0,1,0,0
456,22.0,4,0.75,0.3,10,5,0,0,1,0,1,1,1,1,0,0,1,0,0,0,1,0,0,0,0
457,22.0,2,0.3,0.3,3,2,0,1,0,0,1,0,0,1,0,1,0,0,0,0,1,0,0,0,0
458,40.0,4,0.75,2.25,10,20,0,0,1,0,1,0,0,1,0,0,1,0,0,0,0,0,0,1,0
459,22.0,2,1.25,0.75,15,10,0,1,0,1,1,0,1,1,0,0,0,1,0,0,0,1,0,0,0
460,22.0,4,2.25,0.3,10,2,0,0,1,1,1,0,0,1,0,0,0,0,1,0,1,0,0,0,0
461,22.0,2,0.3,0.3,2,2,0,1,0,0,0,0,0,1,0,1,0,0,0,0,1,0,0,0,0
462,22.0,2,0.75,0.75,10,7,0,1,0,0,1,1,0,1,0,0,1,0,0,0,0,1,0,0,0
463,22.0,4,4.25,1.25,10,5,0,0,1,1,1,0,0,1,0,0,0,0,0,1,0,0,1,0,0
464,22.0,2,0.3,2.25,5,10,0,1,0,1,1,0,0,1,0,1,0,0,0,0,0,0,0,1,0
465,22.0,4,0.3,0.75,5,10,0,0,1,0,0,0,0,1,0,1,0,0,0,0,0,1,0,0,0
466,30.0,2,5.0,0.3,40,7,0,1,0,0,1,0,1,1,0,0,0,0,0,1,1,0,0,0,0
467,30.0,4,0.75,0.75,7,7,0,0,1,0,1,0,0,1,0,0,1,0,0,0,0,1,0,0,0
468,22.0,4,0.3,1.25,5,10,0,0,1,0,1,0,0,1,0,1,0,0,0,0,0,0,1,0,0
469,40.0,4,1.25,0.3,3,10,0,0,1,0,1,0,0,1,0,0,0,1,0,0,1,0,0,0,0
470,22.0,2,0.3,0.75,5,20,0,1,0,0,0,0,1,1,0,1,0,0,0,0,0,1,0,0,0
471,22.0,2,0.75,0.3,10,5,0,1,0,1,1,0,0,1,0,0,1,0,0,0,1,0,0,0,0
472,30.0,4,5.0,0.3,20,2,0,0,1,0,1,0,0,1,0,0,0,0,0,1,1,0,0,0,0
473,30.0,4,0.75,0.75,15,10,0,0,1,1,1,0,0,1,0,0,1,0,0,0,0,1,0,0,0
474,22.0,2,0.75,0.3,10,6,0,1,0,1,1,0,0,1,0,0,1,0,0,0,1,0,0,0,0
475,22.0,2,2.75,1.25,15,5,0,1,0,0,1,0,0,1,0,0,0,0,1,0,0,0,1,0,0
476,30.0,4,0.3,0.75,5,5,0,0,1,0,1,1,0,1,0,1,0,0,0,0,0,1,0,0,0
477,22.0,4,5.0,0.75,90,10,0,0,1,1,1,0,1,1,0,0,0,0,0,1,0,1,0,0,0
478,22.0,4,0.75,0.75,7,7,0,0,1,0,1,1,0,1,0,0,1,0,0,0,0,1,0,0,0
479,22.0,4,0.3,0.3,10,3,0,0,1,0,0,0,0,1,0,1,0,0,0,0,1,0,0,0,0
480,30.0,2,0.3,0.3,10,4,0,1,0,0,1,1,0,1,0,1,0,0,0,0,1,0,0,0,0
481,22.0,4,5.0,1.25,20,20,0,0,1,1,1,0,0,1,0,0,0,0,0,1,0,0,1,0,0
482,22.0,4,0.75,0.3,10,5,0,0,1,1,1,0,0,1,0,0,1,0,0,0,1,0,0,0,0
483,22.0,2,5.0,1.75,20,5,0,1,0,0,1,0,0,1,0,0,0,0,0,1,0,0,1,0,0
484,22.0,4,0.75,1.25,10,15,0,0,1,0,1,1,0,1,0,0,1,0,0,0,0,0,1,0,0
485,22.0,2,1.25,1.25,15,15,0,1,0,0,0,1,0,1,0,0,0,1,0,0,0,0,1,0,0
486,30.0,4,0.3,1.75,4,7,0,0,1,0,1,1,0,1,0,1,0,0,0,0,0,0,1,0,0
487,30.0,4,0.3,0.75,5,10,0,0,1,0,1,1,1,1,0,1,0,0,0,0,0,1,0,0,0
488,40.0,4,0.75,3.25,7,10,0,0,1,1,1,0,0,1,0,0,1,0,0,0,0,0,0,1,0
489,30.0,4,3.25,0.75,25,10,0,0,1,0,0,0,0,1,0,0,0,0,1,0,0,1,0,0,0
490,30.0,4,4.25,4.25,5,10,0,0,1,0,1,1,0,1,0,0,0,0,0,1,0,0,0,0,1
491,22.0,4,0.3,0.3,5,4,0,0,1,0,0,0,0,1,0,1,0,0,0,0,1,0,0,0,0
492,40.0,1,0.75,0.3,5,2,1,0,0,1,1,1,1,1,0,0,1,0,0,0,1,0,0,0,0
493,30.0,4,0.75,5.0,10,40,0,0,1,0,1,1,0,1,0,0,1,0,0,0,0,0,0,0,1
494,30.0,4,0.3,0.75,7,10,0,0,1,0,1,0,0,1,0,1,0,0,0,0,0,1,0,0,0
495,30.0,1,1.25,0.3,6,2,1,0,0,0,0,1,1,1,0,0,0,1,0,0,1,0,0,0,0
496,22.0,4,0.75,0.3,10,5,0,0,1,0,1,0,1,1,0,0,1,0,0,0,1,0,0,0,0
497,30.0,4,0.75,0.3,10,5,0,0,1,0,1,1,1,1,0,0,1,0,0,0,1,0,0,0,0
498,22.0,4,4.75,2.25,30,7,0,0,1,1,1,1,1,1,0,0,0,0,0,1,0,0,0,1,0
499,54.0,1,1.75,1.25,25,10,1,0,0,0,0,1,1,1,0,0,0,1,0,0,0,0,1,0,0
500,22.0,4,1.75,0.3,10,3,0,0,1,1,1,1,1,1,0,0,0,1,0,0,1,0,0,0,0
501,54.0,4,0.75,2.25,5,10,0,0,1,1,1,1,1,1,0,0,1,0,0,0,0,0,0,1,0
502,30.0,4,0.3,0.3,3,3,0,0,1,1,1,0,0,1,0,1,0,0,0,0,1,0,0,0,0
503,22.0,4,0.75,0.3,10,3,0,0,1,0,1,1,0,1,0,0,1,0,0,0,1,0,0,0,0
504,22.0,4,5.0,5.0,30,30,0,0,1,0,1,0,1,1,0,0,0,0,0,1,0,0,0,0,1
505,30.0,2,0.75,0.75,10,10,0,1,0,1,1,0,1,1,0,0,1,0,0,0,0,1,0,0,0
506,40.0,4,0.3,4.25,7,15,0,0,1,1,1,0,0,1,0,1,0,0,0,0,0,0,0,0,1
507,40.0,4,0.3,2.75,3,25,0,0,1,0,0,1,0,1,0,1,0,0,0,0,0,0,0,1,0
508,54.0,4,1.25,1.25,25,15,0,0,1,0,0,0,0,1,0,0,0,1,0,0,0,0,1,0,0
509,30.0,4,0.3,5.0,3,20,0,0,1,0,1,1,1,1,0,1,0,0,0,0,0,0,0,0,1
510,30.0,4,0.3,5.0,2,60,0,0,1,0,1,1,0,1,0,1,0,0,0,0,0,0,0,0,1
511,22.0,1,0.3,0.3,10,2,1,0,0,0,1,0,1,1,0,1,0,0,0,0,1,0,0,0,0
512,22.0,4,0.75,0.75,10,10,0,0,1,0,0,0,0,1,0,0,1,0,0,0,0,1,0,0,0
513,22.0,4,0.75,0.75,10,15,0,0,1,0,1,0,0,1,0,0,1,0,0,0,0,1,0,0,0
514,22.0,4,2.25,1.75,25,15,0,0,1,0,0,1,1,1,0,0,0,0,1,0,0,0,1,0,0
515,22.0,4,0.75,0.3,10,3,0,0,1,0,1,0,1,1,0,0,1,0,0,0,1,0,0,0,0
516,22.0,4,0.3,0.3,2,5,0,0,1,1,1,0,1,1,0,1,0,0,0,0,1,0,0,0,0
517,22.0,2,0.3,1.25,7,15,0,1,0,0,1,0,0,1,0,1,0,0,0,0,0,0,1,0,0
518,30.0,4,0.3,0.75,5,10,0,0,1,0,0,0,0,1,0,1,0,0,0,0,0,1,0,0,0
519,40.0,4,0.3,0.3,5,6,0,0,1,1,1,1,0,1,0,1,0,0,0,0,1,0,0,0,0
520,22.0,4,0.3,0.3,2,5,0,0,1,0,1,0,1,1,0,1,0,0,0,0,1,0,0,0,0
521,30.0,2,0.3,1.25,5,15,0,1,0,0,0,0,0,1,0,1,0,0,0,0,0,0,1,0,0
522,30.0,2,1.75,1.25,5,15,0,1,0,1,1,1,0,1,0,0,0,1,0,0,0,0,1,0,0
523,30.0,4,3.75,5.0,15,60,0,0,1,0,1,0,0,1,0,0,0,0,1,0,0,0,0,0,1
524,22.0,2,0.3,0.3,7,7,0,1,0,0,1,0,0,1,0,1,0,0,0,0,1,0,0,0,0
525,22.0,1,3.25,0.75,10,9,1,0,0,0,1,0,1,1,0,0,0,0,1,0,0,1,0,0,0
526,22.0,4,0.75,5.0,10,25,0,0,1,0,1,0,0,1,0,0,1,0,0,0,0,0,0,0,1
527,22.0,4,0.75,0.3,12,5,0,0,1,0,0,1,1,1,0,0,1,0,0,0,1,0,0,0,0
528,22.0,4,3.75,0.3,15,2,0,0,1,0,1,1,0,1,0,0,0,0,1,0,1,0,0,0,0
529,22.0,4,3.75,0.3,15,5,0,0,1,0,1,0,0,1,0,0,0,0,1,0,1,0,0,0,0
530,22.0,4,2.25,1.75,15,15,0,0,1,0,1,0,1,1,0,0,0,0,1,0,0,0,1,0,0
531,54.0,4,0.75,0.75,5,10,0,0,1,0,1,0,0,1,0,0,1,0,0,0,0,1,0,0,0
532,22.0,1,3.25,2.25,15,10,1,0,0,1,1,0,1,1,0,0,0,0,1,0,0,0,0,1,0
533,22.0,4,0.3,0.3,2,2,0,0,1,1,1,0,1,1,0,1,0,0,0,0,1,0,0,0,0
534,22.0,4,0.75,0.3,15,5,0,0,1,0,1,0,1,1,0,0,1,0,0,0,1,0,0,0,0
535,22.0,4,0.3,0.3,6,5,0,0,1,0,1,0,0,1,0,1,0,0,0,0,1,0,0,0,0
536,22.0,4,3.75,0.3,30,5,0,0,1,1,1,0,1,1,0,0,0,0,1,0,1,0,0,0,0
537,22.0,1,0.3,1.25,5,15,1,0,0,1,1,0,1,1,0,1,0,0,0,0,0,0,1,0,0
538,22.0,2,0.75,0.75,15,10,0,1,0,0,1,0,0,1,0,0,1,0,0,0,0,1,0,0,0
539,54.0,4,0.75,0.75,7,10,0,0,1,0,0,1,0,1,0,0,1,0,0,0,0,1,0,0,0
540,54.0,4,1.25,0.3,15,7,0,0,1,0,1,0,0,1,0,0,0,1,0,0,1,0,0,0,0
541,54.0,4,0.3,0.75,5,5,0,0,1,0,1,1,0,1,0,1,0,0,0,0,0,1,0,0,0
542,30.0,4,0.3,5.0,5,30,0,0,1,0,1,1,1,1,0,1,0,0,0,0,0,0,0,0,1
543,22.0,2,0.75,0.3,10,5,0,1,0,1,1,0,0,1,0,0,1,0,0,0,1,0,0,0,0
544,40.0,4,0.75,0.3,5,2,0,0,1,0,1,0,0,1,0,0,1,0,0,0,1,0,0,0,0
545,65.0,4,0.3,0.3,5,2,0,0,1,0,1,1,1,1,0,1,0,0,0,0,1,0,0,0,0
546,40.0,1,0.3,1.75,5,5,1,0,0,0,1,1,1,1,0,1,0,0,0,0,0,0,1,0,0
547,40.0,2,1.75,0.3,5,10,0,1,0,1,1,1,0,1,0,0,0,1,0,0,1,0,0,0,0
548,54.0,4,1.75,1.75,20,10,0,0,1,0,1,1,1,1,0,0,0,1,0,0,0,0,1,0,0
549,40.0,4,1.75,0.75,10,10,0,0,1,1,1,0,0,1,0,0,0,1,0,0,0,1,0,0,0
550,22.0,4,0.3,5.0,2,20,0,0,1,0,1,1,1,1,0,1,0,0,0,0,0,0,0,0,1
551,30.0,4,0.3,0.3,5,5,0,0,1,0,1,1,1,1,0,1,0,0,0,0,1,0,0,0,0
552,22.0,1,0.3,0.75,10,15,1,0,0,0,0,1,0,1,0,1,0,0,0,0,0,1,0,0,0
553,30.0,1,1.25,0.75,15,8,1,0,0,0,1,1,1,1,0,0,0,1,0,0,0,1,0,0,0
554,54.0,4,2.25,0.3,7,5,0,0,1,0,1,0,0,1,0,0,0,0,1,0,1,0,0,0,0
555,54.0,4,0.75,0.75,5,8,0,0,1,0,1,0,0,1,0,0,1,0,0,0,0,1,0,0,0
556,40.0,4,0.3,5.0,6,25,0,0,1,1,1,1,0,1,0,1,0,0,0,0,0,0,0,0,1
557,30.0,4,0.75,0.75,8,8,0,0,1,0,0,1,1,1,0,0,1,0,0,0,0,1,0,0,0
558,30.0,2,0.3,2.75,3,10,0,1,0,1,1,1,1,1,0,1,0,0,0,0,0,0,0,1,0
559,22.0,4,1.25,1.75,15,25,0,0,1,1,1,0,1,1,0,0,0,1,0,0,0,0,1,0,0
560,30.0,1,3.25,0.75,40,10,1,0,0,1,1,1,1,1,0,0,0,0,1,0,0,1,0,0,0
561,30.0,4,0.3,0.3,2,5,0,0,1,0,1,0,1,1,0,1,0,0,0,0,1,0,0,0,0
562,30.0,4,0.3,2.25,6,10,0,0,1,0,1,0,1,1,0,1,0,0,0,0,0,0,0,1,0
563,40.0,4,5.0,2.25,15,13,0,0,1,1,1,0,1,1,0,0,0,0,0,1,0,0,0,1,0
564,30.0,2,0.3,0.3,5,5,0,1,0,1,1,1,1,1,0,1,0,0,0,0,1,0,0,0,0
565,54.0,4,0.3,5.0,15,20,0,0,1,0,1,1,1,1,0,1,0,0,0,0,0,0,0,0,1
566,22.0,4,0.3,3.75,2,30,0,0,1,0,0,0,1,1,0,1,0,0,0,0,0,0,0,1,0
567,22.0,1,0.3,0.3,5,10,1,0,0,1,1,0,1,1,0,1,0,0,0,0,1,0,0,0,0
568,22.0,2,0.3,0.3,5,5,0,1,0,0,1,0,1,1,0,1,0,0,0,0,1,0,0,0,0
569,30.0,4,1.25,0.75,15,5,0,0,1,0,0,1,1,1,0,0,0,1,0,0,0,1,0,0,0
570,30.0,2,5.0,1.25,30,15,0,1,0,1,1,1,1,1,0,0,0,0,0,1,0,0,1,0,0
571,30.0,4,5.0,5.0,60,20,0,0,1,0,1,1,1,1,0,0,0,0,0,1,0,0,0,0,1
572,30.0,4,4.75,5.0,15,30,0,0,1,0,1,1,0,1,0,0,0,0,0,1,0,0,0,0,1
573,22.0,2,3.75,0.3,20,5,0,1,0,1,1,1,0,1,0,0,0,0,1,0,1,0,0,0,0
574,22.0,2,0.75,0.75,5,7,0,1,0,0,1,1,0,1,0,0,1,0,0,0,0,1,0,0,0
575,30.0,2,0.75,0.3,10,5,0,1,0,0,1,1,0,1,0,0,1,0,0,0,1,0,0,0,0
576,30.0,1,1.25,1.25,10,15,1,0,0,0,0,1,1,1,0,0,0,1,0,0,0,0,1,0,0
577,22.0,2,0.3,0.3,7,5,0,1,0,0,1,0,0,1,0,1,0,0,0,0,1,0,0,0,0
578,22.0,4,0.3,0.3,7,4,0,0,1,0,0,1,0,1,0,1,0,0,0,0,1,0,0,0,0
579,30.0,1,1.75,0.3,10,5,1,0,0,0,0,0,1,1,0,0,0,1,0,0,1,0,0,0,0
580,40.0,4,5.0,0.75,15,7,0,0,1,1,1,1,0,1,0,0,0,0,0,1,0,1,0,0,0
581,40.0,2,0.3,1.25,3,10,0,1,0,0,1,1,0,1,0,1,0,0,0,0,0,0,1,0,0
582,22.0,1,0.3,0.3,5,2,1,0,0,0,1,0,1,1,0,1,0,0,0,0,1,0,0,0,0
583,40.0,1,5.0,2.25,20,10,1,0,0,0,1,1,1,1,0,0,0,0,0,1,0,0,0,1,0
584,30.0,4,2.25,4.25,13,10,0,0,1,0,1,1,0,1,0,0,0,0,1,0,0,0,0,0,1
585,30.0,2,0.75,2.25,5,10,0,1,0,0,1,1,0,1,0,0,1,0,0,0,0,0,0,1,0
586,22.0,4,1.75,0.3,10,5,0,0,1,0,1,1,0,1,0,0,0,1,0,0,1,0,0,0,0
587,22.0,2,0.75,0.75,7,7,0,1,0,1,1,0,0,1,0,0,1,0,0,0,0,1,0,0,0
588,30.0,1,0.3,0.3,5,5,1,0,0,0,0,0,1,1,0,1,0,0,0,0,1,0,0,0,0
589,40.0,1,0.3,0.3,5,5,1,0,0,0,1,0,0,1,0,1,0,0,0,0,1,0,0,0,0
590,22.0,4,3.25,0.75,12,10,0,0,1,0,1,1,1,1,0,0,0,0,1,0,0,1,0,0,0
591,30.0,2,5.0,0.75,30,7,0,1,0,0,1,1,0,1,0,0,0,0,0,1,0,1,0,0,0
592,22.0,4,2.25,0.3,7,5,0,0,1,0,1,1,0,1,0,0,0,0,1,0,1,0,0,0,0
593,22.0,4,0.3,0.3,10,5,0,0,1,1,1,1,1,1,0,1,0,0,0,0,1,0,0,0,0
594,22.0,1,1.75,0.75,15,10,1,0,0,0,1,1,1,1,0,0,0,1,0,0,0,1,0,0,0
595,30.0,4,0.3,0.75,10,10,0,0,1,0,1,1,0,1,0,1,0,0,0,0,0,1,0,0,0
596,30.0,4,0.3,5.0,5,25,0,0,1,0,1,1,0,1,0,1,0,0,0,0,0,0,0,0,1
597,40.0,1,4.25,0.3,20,5,1,0,0,0,1,1,1,1,0,0,0,0,0,1,1,0,0,0,0
598,22.0,4,0.75,0.3,10,5,0,0,1,0,0,0,1,1,0,0,1,0,0,0,1,0,0,0,0
599,30.0,4,0.75,5.0,10,30,0,0,1,0,1,1,0,1,0,0,1,0,0,0,0,0,0,0,1
600,54.0,4,0.3,0.3,5,10,0,0,1,0,1,1,0,1,0,1,0,0,0,0,1,0,0,0,0
601,22.0,1,1.25,1.75,10,15,1,0,0,0,1,1,1,1,0,0,0,1,0,0,0,0,1,0,0
602,54.0,4,0.75,4.75,10,15,0,0,1,0,1,0,0,1,0,0,1,0,0,0,0,0,0,0,1
603,22.0,4,0.3,0.3,5,4,0,0,1,0,1,0,0,1,0,1,0,0,0,0,1,0,0,0,0
604,22.0,4,0.3,0.75,4,10,0,0,1,0,1,0,0,1,0,1,0,0,0,0,0,1,0,0,0
605,22.0,4,0.3,0.75,2,10,0,0,1,0,0,1,1,1,0,1,0,0,0,0,0,1,0,0,0
606,30.0,1,0.75,0.75,5,10,1,0,0,0,1,1,1,1,0,0,1,0,0,0,0,1,0,0,0
607,22.0,1,0.75,0.75,10,10,1,0,0,1,1,0,0,1,0,0,1,0,0,0,0,1,0,0,0
608,22.0,2,0.3,0.75,5,13,0,1,0,0,1,0,0,1,0,1,0,0,0,0,0,1,0,0,0
609,22.0,1,0.75,0.75,10,10,1,0,0,0,1,0,1,1,0,0,1,0,0,0,0,1,0,0,0
610,22.0,4,0.75,0.3,9,4,0,0,1,1,1,0,1,1,0,0,1,0,0,0,1,0,0,0,0
611,22.0,4,0.75,0.3,10,2,0,0,1,0,1,1,0,1,0,0,1,0,0,0,1,0,0,0,0
612,22.0,4,0.3,2.75,5,10,0,0,1,0,1,0,1,1,0,1,0,0,0,0,0,0,0,1,0
613,40.0,4,4.25,0.75,10,10,0,0,1,0,1,0,0,1,0,0,0,0,0,1,0,1,0,0,0
614,22.0,4,0.3,0.75,5,10,0,0,1,0,0,0,1,1,0,1,0,0,0,0,0,1,0,0,0
615,30.0,4,0.75,2.25,10,15,0,0,1,0,0,0,1,1,0,0,1,0,0,0,0,0,0,1,0
616,30.0,4,2.25,4.25,10,15,0,0,1,0,1,1,0,1,0,0,0,0,1,0,0,0,0,0,1
617,40.0,4,4.25,1.75,30,10,0,0,1,1,1,0,0,1,0,0,0,0,0,1,0,0,1,0,0
618,22.0,4,0.3,0.3,5,2,0,0,1,1,1,1,1,1,0,1,0,0,0,0,1,0,0,0,0
619,40.0,2,2.25,5.0,15,30,0,1,0,1,1,1,1,1,0,0,0,0,1,0,0,0,0,0,1
620,22.0,4,0.3,0.3,5,5,0,0,1,0,1,1,0,1,0,1,0,0,0,0,1,0,0,0,0
621,30.0,4,0.3,1.75,5,15,0,0,1,0,0,1,1,1,0,1,0,0,0,0,0,0,1,0,0
622,22.0,4,0.75,0.75,15,15,0,0,1,0,1,1,1,1,0,0,1,0,0,0,0,1,0,0,0
623,40.0,4,0.75,0.75,10,10,0,0,1,0,1,0,0,1,0,0,1,0,0,0,0,1,0,0,0
624,22.0,4,0.3,0.75,3,10,0,0,1,0,1,0,0,1,0,1,0,0,0,0,0,1,0,0,0
625,30.0,2,1.25,1.75,15,10,0,1,0,0,0,0,1,1,0,0,0,1,0,0,0,0,1,0,0
626,22.0,2,0.3,0.3,5,5,0,1,0,0,1,0,1,1,0,1,0,0,0,0,1,0,0,0,0
627,22.0,4,0.3,0.3,5,5,0,0,1,0,1,1,0,1,0,1,0,0,0,0,1,0,0,0,0
628,22.0,1,1.25,0.3,6,5,1,0,0,0,1,0,1,1,0,0,0,1,0,0,1,0,0,0,0
629,22.0,4,1.25,0.3,15,2,0,0,1,0,1,1,1,1,0,0,0,1,0,0,1,0,0,0,0
630,22.0,1,0.3,0.75,5,7,1,0,0,1,1,0,0,1,0,1,0,0,0,0,0,1,0,0,0
631,22.0,4,0.3,0.3,2,6,0,0,1,1,1,0,0,1,0,1,0,0,0,0,1,0,0,0,0
632,22.0,2,1.25,0.3,10,5,0,1,0,1,1,0,0,1,0,0,0,1,0,0,1,0,0,0,0
633,30.0,4,0.3,0.75,10,10,0,0,1,0,0,1,0,1,0,1,0,0,0,0,0,1,0,0,0
634,22.0,2,0.75,0.3,10,5,0,1,0,0,0,1,0,1,0,0,1,0,0,0,1,0,0,0,0
635,22.0,4,0.3,0.3,5,5,0,0,1,0,1,0,1,1,0,1,0,0,0,0,1,0,0,0,0
636,40.0,4,2.25,0.3,10,6,0,0,1,1,1,0,0,1,0,0,0,0,1,0,1,0,0,0,0
637,40.0,1,0.3,0.3,7,5,1,0,0,0,1,1,1,1,0,1,0,0,0,0,1,0,0,0,0
638,22.0,4,0.3,0.3,5,2,0,0,1,0,1,0,0,1,0,1,0,0,0,0,1,0,0,0,0
639,22.0,4,0.75,0.75,7,8,0,0,1,0,1,1,0,1,0,0,1,0,0,0,0,1,0,0,0
640,22.0,4,0.75,0.75,10,10,0,0,1,0,0,1,1,1,0,0,1,0,0,0,0,1,0,0,0
641,30.0,4,0.3,5.0,5,20,0,0,1,0,0,0,1,1,0,1,0,0,0,0,0,0,0,0,1
642,54.0,4,1.75,0.75,15,10,0,0,1,0,0,1,0,1,0,0,0,1,0,0,0,1,0,0,0
643,22.0,4,0.75,0.3,5,5,0,0,1,0,1,0,0,1,0,0,1,0,0,0,1,0,0,0,0
644,30.0,4,0.75,0.3,10,5,0,0,1,0,1,1,1,1,0,0,1,0,0,0,1,0,0,0,0
645,22.0,4,0.3,0.75,10,15,0,0,1,0,1,0,0,1,0,1,0,0,0,0,0,1,0,0,0
646,22.0,4,0.75,0.75,7,7,0,0,1,0,1,0,0,1,0,0,1,0,0,0,0,1,0,0,0
647,22.0,2,0.75,0.3,10,7,0,1,0,1,1,0,0,1,0,0,1,0,0,0,1,0,0,0,0
648,22.0,4,0.3,0.3,10,10,0,0,1,0,1,1,0,1,0,1,0,0,0,0,1,0,0,0,0
649,40.0,4,0.75,0.75,10,15,0,0,1,0,1,0,0,1,0,0,1,0,0,0,0,1,0,0,0
650,30.0,4,2.25,5.0,15,20,0,0,1,0,1,1,1,1,0,0,0,0,1,0,0,0,0,0,1
651,22.0,4,5.0,1.25,30,15,0,0,1,0,1,0,0,1,0,0,0,0,0,1,0,0,1,0,0
652,22.0,2,0.3,0.3,5,2,0,1,0,0,1,0,1,1,0,1,0,0,0,0,1,0,0,0,0
653,22.0,4,0.3,0.3,10,5,0,0,1,0,0,0,0,1,0,1,0,0,0,0,1,0,0,0,0
654,22.0,2,0.75,1.25,10,13,0,1,0,1,1,0,0,1,0,0,1,0,0,0,0,0,1,0,0
655,40.0,2,0.3,0.75,7,15,0,1,0,1,1,1,0,1,0,1,0,0,0,0,0,1,0,0,0
656,54.0,4,0.3,0.75,5,10,0,0,1,0,0,1,0,1,0,1,0,0,0,0,0,1,0,0,0
657,40.0,2,1.25,0.75,15,15,0,1,0,0,1,1,1,1,0,0,0,1,0,0,0,1,0,0,0
658,22.0,2,0.3,5.0,2,30,0,1,0,1,1,0,1,1,0,1,0,0,0,0,0,0,0,0,1
659,40.0,4,0.75,5.0,15,20,0,0,1,0,1,0,0,1,0,0,1,0,0,0,0,0,0,0,1
660,22.0,4,0.3,1.25,5,15,0,0,1,0,0,0,1,1,0,1,0,0,0,0,0,0,1,0,0
661,30.0,4,0.3,0.3,5,2,0,0,1,0,0,1,1,1,0,1,0,0,0,0,1,0,0,0,0
662,54.0,4,0.3,0.75,10,10,0,0,1,1,1,0,0,1,0,1,0,0,0,0,0,1,0,0,0
663,30.0,4,0.3,0.3,5,5,0,0,1,0,1,1,1,1,0,1,0,0,0,0,1,0,0,0,0
664,40.0,4,0.75,0.3,10,5,0,0,1,1,1,0,0,1,0,0,1,0,0,0,1,0,0,0,0
665,22.0,4,0.3,1.25,2,10,0,0,1,0,1,1,0,1,0,1,0,0,0,0,0,0,1,0,0
666,22.0,1,0.3,0.75,5,10,1,0,0,0,1,0,1,1,0,1,0,0,0,0,0,1,0,0,0
667,22.0,4,0.3,0.75,4,10,0,0,1,0,1,0,1,1,0,1,0,0,0,0,0,1,0,0,0
668,22.0,4,0.3,0.3,3,5,0,0,1,0,1,0,0,1,0,1,0,0,0,0,1,0,0,0,0
669,54.0,4,0.3,3.25,5,15,0,0,1,1,1,0,1,1,0,1,0,0,0,0,0,0,0,1,0
670,40.0,4,0.75,0.75,15,10,0,0,1,0,1,0,0,1,0,0,1,0,0,0,0,1,0,0,0
671,30.0,4,1.75,0.3,10,5,0,0,1,0,0,0,1,1,0,0,0,1,0,0,1,0,0,0,0
672,40.0,4,0.75,0.75,10,7,0,0,1,0,1,0,0,1,0,0,1,0,0,0,0,1,0,0,0
673,54.0,4,0.3,0.75,15,5,0,0,1,0,1,1,0,1,0,1,0,0,0,0,0,1,0,0,0
674,22.0,4,0.75,0.3,10,5,0,0,1,1,1,0,0,1,0,0,1,0,0,0,1,0,0,0,0
675,54.0,4,0.3,0.3,10,5,0,0,1,0,1,0,0,1,0,1,0,0,0,0,1,0,0,0,0
676,22.0,4,1.25,1.25,15,20,0,0,1,1,0,0,0,1,0,0,0,1,0,0,0,0,1,0,0
677,30.0,4,0.75,0.75,7,10,0,0,1,1,1,1,0,1,0,0,1,0,0,0,0,1,0,0,0
678,30.0,4,2.25,0.75,10,5,0,0,1,0,0,0,0,1,0,0,0,0,1,0,0,1,0,0,0
679,54.0,1,0.3,5.0,5,30,1,0,0,0,1,1,1,1,0,1,0,0,0,0,0,0,0,0,1
680,22.0,4,0.3,0.3,15,5,0,0,1,0,0,0,1,1,0,1,0,0,0,0,1,0,0,0,0
681,22.0,4,0.3,0.75,5,10,0,0,1,0,1,0,1,1,0,1,0,0,0,0,0,1,0,0,0
682,40.0,1,0.3,2.75,5,10,1,0,0,0,1,1,1,1,0,1,0,0,0,0,0,0,0,1,0
683,22.0,4,0.3,0.75,5,10,0,0,1,0,0,0,1,1,0,1,0,0,0,0,0,1,0,0,0
684,22.0,2,0.75,0.75,7,10,0,1,0,0,1,0,0,1,0,0,1,0,0,0,0,1,0,0,0
685,22.0,2,1.25,0.3,10,6,0,1,0,1,1,0,0,1,0,0,0,1,0,0,1,0,0,0,0
686,30.0,2,0.75,0.75,15,15,0,1,0,0,1,1,1,1,0,0,1,0,0,0,0,1,0,0,0
687,30.0,4,0.75,1.25,10,12,0,0,1,0,1,0,1,1,0,0,1,0,0,0,0,0,1,0,0
688,40.0,4,0.3,1.75,5,10,0,0,1,0,1,1,1,1,0,1,0,0,0,0,0,0,1,0,0
689,22.0,2,0.75,0.75,10,15,0,1,0,1,1,0,1,1,0,0,1,0,0,0,0,1,0,0,0
690,22.0,4,0.3,1.75,5,7,0,0,1,0,1,0,1,1,0,1,0,0,0,0,0,0,1,0,0
691,22.0,1,0.3,1.25,15,20,1,0,0,1,1,1,1,1,0,1,0,0,0,0,0,0,1,0,0
692,22.0,1,1.75,2.25,20,10,1,0,0,1,1,1,1,1,0,0,0,1,0,0,0,0,0,1,0
693,22.0,4,0.75,0.3,10,5,0,0,1,0,0,0,1,1,0,0,1,0,0,0,1,0,0,0,0
694,22.0,4,0.3,5.0,5,15,0,0,1,1,1,0,1,1,0,1,0,0,0,0,0,0,0,0,1
695,30.0,1,5.0,0.3,40,2,1,0,0,0,1,1,1,1,0,0,0,0,0,1,1,0,0,0,0
696,40.0,4,0.3,0.75,3,5,0,0,1,0,1,1,1,1,0,1,0,0,0,0,0,1,0,0,0
697,22.0,4,1.75,0.3,6,2,0,0,1,1,1,0,0,1,0,0,0,1,0,0,1,0,0,0,0
698,22.0,4,1.75,0.75,18,5,0,0,1,0,0,0,0,1,0,0,0,1,0,0,0,1,0,0,0
699,54.0,4,0.75,1.75,7,7,0,0,1,0,1,0,0,1,0,0,1,0,0,0,0,0,1,0,0
700,22.0,4,0.75,0.3,15,3,0,0,1,0,1,0,0,1,0,0,1,0,0,0,1,0,0,0,0
701,30.0,4,0.75,5.0,10,30,0,0,1,0,1,0,0,1,0,0,1,0,0,0,0,0,0,0,1
702,22.0,2,0.3,0.3,6,6,0,1,0,0,1,0,0,1,0,1,0,0,0,0,1,0,0,0,0
703,30.0,4,0.75,5.0,5,45,0,0,1,0,1,1,1,1,0,0,1,0,0,0,0,0,0,0,1
704,30.0,1,1.25,0.75,15,10,1,0,0,0,0,0,0,1,0,0,0,1,0,0,0,1,0,0,0
705,22.0,4,0.75,0.3,10,5,0,0,1,1,1,0,1,1,0,0,1,0,0,0,1,0,0,0,0
706,22.0,4,0.3,0.75,7,7,0,0,1,0,1,0,0,1,0,1,0,0,0,0,0,1,0,0,0
707,22.0,4,0.3,0.3,5,2,0,0,1,0,1,1,0,1,0,1,0,0,0,0,1,0,0,0,0
708,40.0,2,0.3,0.3,5,5,0,1,0,0,1,1,1,1,0,1,0,0,0,0,1,0,0,0,0
709,40.0,4,0.3,5.0,5,30,0,0,1,0,1,1,1,1,0,1,0,0,0,0,0,0,0,0,1
710,30.0,2,3.25,5.0,23,30,0,1,0,1,1,0,1,1,0,0,0,0,1,0,0,0,0,0,1
711,40.0,1,1.25,5.0,8,20,1,0,0,0,1,1,1,1,0,0,0,1,0,0,0,0,0,0,1
712,30.0,1,4.75,0.75,10,10,1,0,0,0,1,1,1,1,0,0,0,0,0,1,0,1,0,0,0
713,54.0,4,0.3,0.75,10,15,0,0,1,0,1,1,0,1,0,1,0,0,0,0,0,1,0,0,0
714,30.0,4,0.75,0.75,10,10,0,0,1,0,1,0,0,1,0,0,1,0,0,0,0,1,0,0,0
715,30.0,1,0.3,0.3,10,4,1,0,0,0,1,1,0,1,0,1,0,0,0,0,1,0,0,0,0
716,30.0,1,1.75,5.0,10,30,1,0,0,1,1,1,1,1,0,0,0,1,0,0,0,0,0,0,1
717,22.0,4,0.3,3.75,5,10,0,0,1,0,1,1,0,1,0,1,0,0,0,0,0,0,0,1,0
718,30.0,4,0.75,0.3,10,5,0,0,1,0,1,0,0,1,0,0,1,0,0,0,1,0,0,0,0
719,22.0,4,2.75,0.3,6,2,0,0,1,0,1,0,1,1,0,0,0,0,1,0,1,0,0,0,0
720,30.0,4,0.3,0.3,5,5,0,0,1,0,1,0,0,1,0,1,0,0,0,0,1,0,0,0,0
721,40.0,4,0.75,5.0,5,15,0,0,1,0,1,0,0,1,0,0,1,0,0,0,0,0,0,0,1
722,65.0,4,0.3,0.75,7,10,0,0,1,0,0,0,1,1,0,1,0,0,0,0,0,1,0,0,0
723,40.0,4,0.75,0.75,15,10,0,0,1,0,1,0,0,1,0,0,1,0,0,0,0,1,0,0,0
724,30.0,4,5.0,2.75,35,15,0,0,1,0,1,1,0,1,0,0,0,0,0,1,0,0,0,1,0
725,22.0,1,0.3,0.3,2,5,1,0,0,0,1,1,1,1,0,1,0,0,0,0,1,0,0,0,0
726,22.0,4,0.75,0.75,5,5,0,0,1,1,1,0,0,1,0,0,1,0,0,0,0,1,0,0,0
727,40.0,4,1.75,0.3,10,5,0,0,1,0,1,0,0,1,0,0,0,1,0,0,1,0,0,0,0
728,54.0,4,0.75,1.75,7,20,0,0,1,0,0,0,0,1,0,0,1,0,0,0,0,0,1,0,0
729,30.0,1,3.25,1.25,10,15,1,0,0,0,1,1,1,1,0,0,0,0,1,0,0,0,1,0,0
730,40.0,4,1.75,0.3,5,6,0,0,1,0,1,0,0,1,0,0,0,1,0,0,1,0,0,0,0
731,40.0,4,0.3,0.3,5,10,0,0,1,0,0,0,0,1,0,1,0,0,0,0,1,0,0,0,0
732,40.0,4,0.3,0.3,5,5,0,0,1,0,1,1,0,1,0,1,0,0,0,0,1,0,0,0,0
733,22.0,4,0.3,0.3,5,2,0,0,1,0,0,0,1,1,0,1,0,0,0,0,1,0,0,0,0
734,54.0,4,3.75,0.75,10,10,0,0,1,0,1,0,0,1,0,0,0,0,1,0,0,1,0,0,0
735,54.0,4,0.75,1.75,6,10,0,0,1,0,1,0,0,1,0,0,1,0,0,0,0,0,1,0,0
736,22.0,4,5.0,0.3,10,2,0,0,1,1,1,0,1,1,0,0,0,0,0,1,1,0,0,0,0
737,22.0,2,0.75,0.3,7,2,0,1,0,0,1,0,0,1,0,0,1,0,0,0,1,0,0,0,0
738,54.0,4,0.75,2.75,15,25,0,0,1,0,1,0,0,1,0,0,1,0,0,0,0,0,0,1,0
739,30.0,4,0.3,0.3,2,5,0,0,1,0,1,0,0,1,0,1,0,0,0,0,1,0,0,0,0
740,65.0,4,1.25,1.25,12,5,0,0,1,0,1,0,1,1,0,0,0,1,0,0,0,0,1,0,0
741,40.0,4,0.75,0.75,7,5,0,0,1,0,1,0,0,1,0,0,1,0,0,0,0,1,0,0,0
742,22.0,1,2.75,0.75,10,20,1,0,0,0,1,0,0,1,0,0,0,0,1,0,0,1,0,0,0
743,54.0,4,1.75,0.75,8,5,0,0,1,1,1,0,1,1,0,0,0,1,0,0,0,1,0,0,0
744,30.0,1,2.75,0.3,10,5,1,0,0,0,1,1,1,1,0,0,0,0,1,0,1,0,0,0,0
745,40.0,4,2.75,0.3,15,3,0,0,1,0,1,0,0,1,0,0,0,0,1,0,1,0,0,0,0
746,22.0,4,3.75,0.3,30,5,0,0,1,0,0,1,1,1,0,0,0,0,1,0,1,0,0,0,0
747,22.0,1,0.3,0.75,5,10,1,0,0,0,1,0,0,1,0,1,0,0,0,0,0,1,0,0,0
748,40.0,4,0.3,2.75,5,30,0,0,1,0,0,0,1,1,0,1,0,0,0,0,0,0,0,1,0
749,22.0,4,0.3,1.75,5,5,0,0,1,0,1,0,0,1,0,1,0,0,0,0,0,0,1,0,0
750,22.0,2,0.75,3.25,15,23,0,1,0,0,1,0,0,1,0,0,1,0,0,0,0,0,0,1,0
751,40.0,1,4.25,0.3,20,10,1,0,0,1,1,1,0,1,0,0,0,0,0,1,1,0,0,0,0
752,22.0,4,0.75,0.75,10,10,0,0,1,0,0,1,0,1,0,0,1,0,0,0,0,1,0,0,0
753,22.0,4,0.3,0.75,5,10,0,0,1,0,0,1,0,1,0,1,0,0,0,0,0,1,0,0,0
754,30.0,2,5.0,0.3,30,3,0,1,0,0,1,1,0,1,0,0,0,0,0,1,1,0,0,0,0
755,22.0,4,0.3,0.3,5,5,0,0,1,0,0,0,0,1,0,1,0,0,0,0,1,0,0,0,0
756,22.0,4,0.75,0.3,7,5,0,0,1,0,1,1,0,1,0,0,1,0,0,0,1,0,0,0,0
757,22.0,2,0.3,0.75,5,6,0,1,0,1,1,0,0,1,0,1,0,0,0,0,0,1,0,0,0
758,22.0,4,0.75,0.75,10,7,0,0,1,0,1,0,0,1,0,0,1,0,0,0,0,1,0,0,0
759,22.0,4,1.25,5.0,15,20,0,0,1,1,1,0,1,1,0,0,0,1,0,0,0,0,0,0,1
760,30.0,4,0.75,0.3,10,5,0,0,1,0,1,1,0,1,0,0,1,0,0,0,1,0,0,0,0
761,30.0,1,0.3,0.3,2,7,1,0,0,1,1,0,0,1,0,1,0,0,0,0,1,0,0,0,0
762,30.0,4,1.75,3.75,15,15,0,0,1,0,1,1,1,1,0,0,0,1,0,0,0,0,0,1,0
763,22.0,1,1.25,1.25,15,15,1,0,0,1,1,0,1,1,0,0,0,1,0,0,0,0,1,0,0
764,22.0,1,0.3,0.3,4,5,1,0,0,0,1,0,0,1,0,1,0,0,0,0,1,0,0,0,0
765,30.0,2,0.3,0.3,3,10,0,1,0,0,1,0,0,1,0,1,0,0,0,0,1,0,0,0,0
766,54.0,4,1.75,0.75,20,5,0,0,1,0,1,1,1,1,0,0,0,1,0,0,0,1,0,0,0
767,30.0,4,0.3,0.75,2,10,0,0,1,0,1,0,0,1,0,1,0,0,0,0,0,1,0,0,0
768,22.0,4,0.75,0.3,7,5,0,0,1,0,0,0,0,1,0,0,1,0,0,0,1,0,0,0,0
769,22.0,4,0.75,0.3,10,10,0,0,1,0,1,0,0,1,0,0,1,0,0,0,1,0,0,0,0
770,22.0,4,0.3,0.3,2,5,0,0,1,0,0,0,1,1,0,1,0,0,0,0,1,0,0,0,0
771,30.0,4,0.3,5.0,2,30,0,0,1,0,0,1,1,1,0,1,0,0,0,0,0,0,0,0,1
772,40.0,4,0.75,0.75,15,10,0,0,1,0,0,1,0,1,0,0,1,0,0,0,0,1,0,0,0
773,22.0,4,0.75,0.75,7,5,0,0,1,0,0,1,0,1,0,0,1,0,0,0,0,1,0,0,0
774,30.0,4,0.75,0.3,12,5,0,0,1,0,1,1,0,1,0,0,1,0,0,0,1,0,0,0,0
775,30.0,4,0.75,0.3,10,5,0,0,1,0,0,1,0,1,0,0,1,0,0,0,1,0,0,0,0
776,40.0,4,0.75,0.75,7,5,0,0,1,0,1,0,0,1,0,0,1,0,0,0,0,1,0,0,0
777,30.0,4,0.3,1.25,4,15,0,0,1,0,1,1,0,1,0,1,0,0,0,0,0,0,1,0,0
778,22.0,2,0.75,0.75,10,10,0,1,0,0,1,1,0,1,0,0,1,0,0,0,0,1,0,0,0
779,22.0,2,0.75,0.75,12,5,0,1,0,0,1,0,0,1,0,0,1,0,0,0,0,1,0,0,0
780,22.0,1,0.75,0.75,10,10,1,0,0,0,1,1,1,1,0,0,1,0,0,0,0,1,0,0,0
781,22.0,4,0.3,0.75,5,7,0,0,1,0,1,0,0,1,0,1,0,0,0,0,0,1,0,0,0
782,22.0,4,0.75,1.25,5,15,0,0,1,0,1,1,0,1,0,0,1,0,0,0,0,0,1,0,0
783,54.0,4,0.3,0.3,10,5,0,0,1,0,1,1,0,1,0,1,0,0,0,0,1,0,0,0,0
784,22.0,4,0.3,0.3,5,2,0,0,1,1,0,0,1,1,0,1,0,0,0,0,1,0,0,0,0
785,30.0,2,0.3,1.25,5,13,0,1,0,0,1,1,0,1,0,1,0,0,0,0,0,0,1,0,0
786,22.0,4,0.3,0.3,5,5,0,0,1,1,1,0,0,1,0,1,0,0,0,0,1,0,0,0,0
787,22.0,1,0.3,1.25,10,15,1,0,0,1,1,0,1,1,0,1,0,0,0,0,0,0,1,0,0
788,22.0,1,0.3,1.25,10,15,1,0,0,0,1,0,1,1,0,1,0,0,0,0,0,0,1,0,0
789,40.0,2,5.0,1.75,15,10,0,1,0,1,1,1,1,1,0,0,0,0,0,1,0,0,1,0,0
790,30.0,4,1.75,1.25,10,10,0,0,1,0,1,1,1,1,0,0,0,1,0,0,0,0,1,0,0
791,22.0,2,0.3,1.75,5,25,0,1,0,0,1,0,1,1,0,1,0,0,0,0,0,0,1,0,0
792,30.0,4,3.75,3.75,15,15,0,0,1,0,1,1,1,1,0,0,0,0,1,0,0,0,0,1,0
793,30.0,4,0.75,1.75,10,20,0,0,1,0,1,1,1,1,0,0,1,0,0,0,0,0,1,0,0
794,30.0,2,1.75,0.75,20,10,0,1,0,0,1,1,1,1,0,0,0,1,0,0,0,1,0,0,0
795,22.0,4,0.3,0.75,5,15,0,0,1,0,0,1,0,1,0,1,0,0,0,0,0,1,0,0,0
796,22.0,1,3.25,0.3,15,5,1,0,0,0,1,0,0,1,0,0,0,0,1,0,1,0,0,0,0
797,22.0,4,5.0,0.3,30,5,0,0,1,0,1,0,1,1,0,0,0,0,0,1,1,0,0,0,0
798,30.0,4,0.3,0.3,5,7,0,0,1,0,0,1,0,1,0,1,0,0,0,0,1,0,0,0,0
799,30.0,2,4.75,0.3,17,6,0,1,0,1,1,1,0,1,0,0,0,0,0,1,1,0,0,0,0
800,22.0,4,4.25,0.3,15,7,0,0,1,0,1,1,0,1,0,0,0,0,0,1,1,0,0,0,0
801,30.0,4,2.25,0.3,25,5,0,0,1,0,1,1,0,1,0,0,0,0,1,0,1,0,0,0,0
802,22.0,4,1.25,1.25,20,10,0,0,1,0,1,1,1,1,0,0,0,1,0,0,0,0,1,0,0
803,22.0,4,0.75,0.3,7,7,0,0,1,0,0,0,0,1,0,0,1,0,0,0,1,0,0,0,0
804,30.0,2,0.75,0.3,10,3,0,1,0,1,1,1,0,1,0,0,1,0,0,0,1,0,0,0,0
805,22.0,4,0.3,0.75,10,10,0,0,1,1,1,1,1,1,0,1,0,0,0,0,0,1,0,0,0
806,40.0,4,0.3,0.3,5,5,0,0,1,0,1,1,0,1,0,1,0,0,0,0,1,0,0,0,0
807,40.0,4,0.3,0.3,2,3,0,0,1,0,1,0,0,1,0,1,0,0,0,0,1,0,0,0,0
808,22.0,4,0.3,0.3,2,2,0,0,1,0,1,0,1,1,0,1,0,0,0,0,1,0,0,0,0
809,30.0,4,0.3,1.75,5,15,0,0,1,0,0,1,0,1,0,1,0,0,0,0,0,0,1,0,0
810,40.0,4,0.3,0.3,5,5,0,0,1,1,1,1,0,1,0,1,0,0,0,0,1,0,0,0,0
811,30.0,2,1.75,0.3,10,5,0,1,0,0,1,1,0,1,0,0,0,1,0,0,1,0,0,0,0
812,30.0,4,0.75,0.75,10,10,0,0,1,0,1,1,1,1,0,0,1,0,0,0,0,1,0,0,0
813,22.0,4,1.75,2.75,5,10,0,0,1,0,0,0,0,1,0,0,0,1,0,0,0,0,0,1,0
814,30.0,2,1.25,1.25,15,15,0,1,0,0,1,1,1,1,0,0,0,1,0,0,0,0,1,0,0
815,22.0,1,0.3,0.75,5,10,1,0,0,0,1,1,1,1,0,1,0,0,0,0,0,1,0,0,0
816,22.0,2,1.25,1.75,20,20,0,1,0,0,1,1,0,1,0,0,0,1,0,0,0,0,1,0,0
817,22.0,1,2.25,5.0,5,15,1,0,0,1,1,0,0,1,0,0,0,0,1,0,0,0,0,0,1
818,40.0,4,1.75,1.25,15,15,0,0,1,1,1,1,0,1,0,0,0,1,0,0,0,0,1,0,0
819,22.0,1,1.25,0.3,2,2,1,0,0,1,1,0,0,1,0,0,0,1,0,0,1,0,0,0,0
820,22.0,2,5.0,2.25,60,15,0,1,0,0,1,0,0,1,0,0,0,0,0,1,0,0,0,1,0
821,22.0,4,0.3,1.75,10,15,0,0,1,0,1,0,0,1,0,1,0,0,0,0,0,0,1,0,0
822,22.0,4,0.3,0.3,7,7,0,0,1,0,1,1,0,1,0,1,0,0,0,0,1,0,0,0,0
823,54.0,4,5.0,1.75,40,7,0,0,1,1,1,0,0,1,0,0,0,0,0,1,0,0,1,0,0
824,22.0,4,0.3,0.3,3,2,0,0,1,0,1,1,1,1,0,1,0,0,0,0,1,0,0,0,0
825,22.0,4,5.0,0.75,30,10,0,0,1,0,0,0,0,1,0,0,0,0,0,1,0,1,0,0,0
826,22.0,4,4.25,2.25,15,10,0,0,1,0,1,0,0,1,0,0,0,0,0,1,0,0,0,1,0
827,22.0,4,1.75,0.75,10,10,0,0,1,0,0,0,0,1,0,0,0,1,0,0,0,1,0,0,0
828,22.0,4,1.25,1.25,15,15,0,0,1,0,1,1,1,1,0,0,0,1,0,0,0,0,1,0,0
829,30.0,1,0.3,0.75,5,10,1,0,0,0,1,0,1,1,0,1,0,0,0,0,0,1,0,0,0
830,54.0,4,0.3,0.75,5,15,0,0,1,1,1,0,0,1,0,1,0,0,0,0,0,1,0,0,0
831,22.0,4,0.75,1.25,7,15,0,0,1,1,1,1,1,1,0,0,1,0,0,0,0,0,1,0,0
832,22.0,4,0.75,0.75,5,5,0,0,1,0,1,1,1,1,0,0,1,0,0,0,0,1,0,0,0
833,22.0,4,0.3,0.75,5,10,0,0,1,1,1,1,1,1,0,1,0,0,0,0,0,1,0,0,0
834,22.0,2,2.25,0.3,15,5,0,1,0,0,1,0,0,1,0,0,0,0,1,0,1,0,0,0,0
835,22.0,4,0.75,0.3,10,5,0,0,1,0,0,0,1,1,0,0,1,0,0,0,1,0,0,0,0
836,22.0,4,0.3,0.3,5,5,0,0,1,0,1,1,0,1,0,1,0,0,0,0,1,0,0,0,0
837,30.0,4,0.3,0.75,5,10,0,0,1,0,0,1,0,1,0,1,0,0,0,0,0,1,0,0,0
838,22.0,4,0.75,0.3,10,2,0,0,1,0,0,0,1,1,0,0,1,0,0,0,1,0,0,0,0
839,22.0,4,1.75,0.3,15,3,0,0,1,0,1,1,1,1,0,0,0,1,0,0,1,0,0,0,0
840,54.0,4,0.3,0.75,10,10,0,0,1,0,1,1,0,1,0,1,0,0,0,0,0,1,0,0,0
841,30.0,4,4.25,5.0,15,45,0,0,1,0,0,0,0,1,0,0,0,0,0,1,0,0,0,0,1
842,22.0,4,1.25,0.75,10,10,0,0,1,0,1,0,0,1,0,0,0,1,0,0,0,1,0,0,0
843,22.0,2,0.3,1.25,3,10,0,1,0,1,1,0,1,1,0,1,0,0,0,0,0,0,1,0,0
844,54.0,4,1.25,0.75,15,10,0,0,1,0,0,0,0,1,0,0,0,1,0,0,0,1,0,0,0
845,22.0,4,0.3,2.25,7,10,0,0,1,0,1,1,0,1,0,1,0,0,0,0,0,0,0,1,0
846,40.0,4,0.75,0.3,5,10,0,0,1,0,1,0,0,1,0,0,1,0,0,0,1,0,0,0,0
847,40.0,4,3.25,5.0,10,40,0,0,1,0,0,1,0,1,0,0,0,0,1,0,0,0,0,0,1
848,30.0,4,2.25,1.75,20,10,0,0,1,0,0,0,1,1,0,0,0,0,1,0,0,0,1,0,0
849,30.0,4,1.25,1.25,10,15,0,0,1,0,0,0,1,1,0,0,0,1,0,0,0,0,1,0,0
850,30.0,1,0.3,0.3,5,5,1,0,0,1,1,1,1,1,0,1,0,0,0,0,1,0,0,0,0
851,22.0,4,0.3,4.75,1,2,0,0,1,0,0,1,0,1,0,1,0,0,0,0,0,0,0,0,1
852,22.0,4,0.3,0.3,1,2,0,0,1,0,0,0,0,1,0,1,0,0,0,0,1,0,0,0,0
853,30.0,4,2.25,0.3,10,4,0,0,1,0,1,0,1,1,0,0,0,0,1,0,1,0,0,0,0
854,22.0,4,1.75,0.3,10,5,0,0,1,0,1,0,1,1,0,0,0,1,0,0,1,0,0,0,0
855,22.0,4,1.75,0.75,5,5,0,0,1,0,1,1,1,1,0,0,0,1,0,0,0,1,0,0,0
856,22.0,4,0.3,4.75,5,20,0,0,1,0,1,0,0,1,0,1,0,0,0,0,0,0,0,0,1
857,22.0,4,0.75,0.3,10,5,0,0,1,0,0,0,1,1,0,0,1,0,0,0,1,0,0,0,0
858,40.0,4,5.0,0.3,15,10,0,0,1,0,1,0,0,1,0,0,0,0,0,1,1,0,0,0,0
859,54.0,4,0.3,3.75,5,15,0,0,1,0,1,0,1,1,0,1,0,0,0,0,0,0,0,1,0
860,30.0,4,5.0,4.25,15,10,0,0,1,0,1,1,1,1,0,0,0,0,0,1,0,0,0,0,1
861,65.0,4,0.3,0.3,10,10,0,0,1,0,1,0,1,1,0,1,0,0,0,0,1,0,0,0,0
862,40.0,4,0.75,0.75,5,5,0,0,1,0,1,0,0,1,0,0,1,0,0,0,0,1,0,0,0
863,30.0,4,1.25,0.75,5,15,0,0,1,0,1,0,0,1,0,0,0,1,0,0,0,1,0,0,0
864,30.0,4,0.3,2.75,5,15,0,0,1,0,1,1,0,1,0,1,0,0,0,0,0,0,0,1,0
865,30.0,4,2.75,3.25,7,7,0,0,1,0,1,0,0,1,0,0,0,0,1,0,0,0,0,1,0
866,22.0,4,0.3,5.0,6,20,0,0,1,0,1,0,0,1,0,1,0,0,0,0,0,0,0,0,1
867,22.0,2,0.3,1.75,5,3,0,1,0,1,1,0,0,1,0,1,0,0,0,0,0,0,1,0,0
868,22.0,2,0.75,0.3,15,5,0,1,0,0,1,0,0,1,0,0,1,0,0,0,1,0,0,0,0
869,30.0,2,0.75,0.3,10,5,0,1,0,1,1,0,0,1,0,0,1,0,0,0,1,0,0,0,0
870,22.0,2,4.25,0.3,10,5,0,1,0,1,1,0,0,1,0,0,0,0,0,1,1,0,0,0,0
871,22.0,4,1.25,2.75,10,10,0,0,1,0,1,0,1,1,0,0,0,1,0,0,0,0,0,1,0
872,30.0,2,0.75,1.25,5,15,0,1,0,0,1,1,0,1,0,0,1,0,0,0,0,0,1,0,0
873,22.0,4,0.75,0.75,7,7,0,0,1,0,1,1,0,1,0,0,1,0,0,0,0,1,0,0,0
874,40.0,4,5.0,1.75,45,20,0,0,1,0,1,1,0,1,0,0,0,0,0,1,0,0,1,0,0
875,22.0,4,0.3,0.3,5,2,0,0,1,1,1,0,0,1,0,1,0,0,0,0,1,0,0,0,0
876,22.0,2,0.3,0.3,7,4,0,1,0,1,1,0,0,1,0,1,0,0,0,0,1,0,0,0,0
877,30.0,4,1.75,0.3,5,2,0,0,1,0,1,1,1,1,0,0,0,1,0,0,1,0,0,0,0
878,22.0,4,0.75,0.3,7,4,0,0,1,0,1,0,1,1,0,0,1,0,0,0,1,0,0,0,0
879,30.0,1,0.3,0.3,10,5,1,0,0,0,1,1,1,1,0,1,0,0,0,0,1,0,0,0,0
880,22.0,1,0.3,0.3,5,5,1,0,0,1,1,0,1,1,0,1,0,0,0,0,1,0,0,0,0
881,22.0,1,0.75,2.25,10,5,1,0,0,0,1,0,1,1,0,0,1,0,0,0,0,0,0,1,0
882,30.0,4,1.25,2.25,15,15,0,0,1,0,0,0,1,1,0,0,0,1,0,0,0,0,0,1,0
883,30.0,4,1.25,0.3,15,5,0,0,1,1,1,1,1,1,0,0,0,1,0,0,1,0,0,0,0
884,22.0,1,0.75,0.75,10,10,1,0,0,0,1,0,1,1,0,0,1,0,0,0,0,1,0,0,0
885,22.0,4,2.75,1.25,10,10,0,0,1,0,1,1,1,1,0,0,0,0,1,0,0,0,1,0,0
886,22.0,4,0.3,0.3,5,2,0,0,1,0,0,0,1,1,0,1,0,0,0,0,1,0,0,0,0
887,30.0,4,0.75,0.3,10,5,0,0,1,0,0,1,1,1,0,0,1,0,0,0,1,0,0,0,0
888,22.0,4,1.75,0.3,20,5,0,0,1,0,1,0,1,1,0,0,0,1,0,0,1,0,0,0,0
889,30.0,4,3.75,1.25,12,15,0,0,1,0,1,1,1,1,0,0,0,0,1,0,0,0,1,0,0
890,30.0,1,3.75,0.3,20,5,1,0,0,0,1,0,1,1,0,0,0,0,1,0,1,0,0,0,0
891,22.0,4,3.75,0.3,15,4,0,0,1,0,1,0,1,1,0,0,0,0,1,0,1,0,0,0,0
892,22.0,4,0.75,0.75,10,10,0,0,1,0,0,0,1,1,0,0,1,0,0,0,0,1,0,0,0
893,30.0,4,0.75,0.75,10,10,0,0,1,0,0,1,1,1,0,0,1,0,0,0,0,1,0,0,0
894,22.0,4,1.75,1.75,10,10,0,0,1,1,1,0,1,1,0,0,0,1,0,0,0,0,1,0,0
895,22.0,4,0.3,1.25,5,15,0,0,1,0,0,1,1,1,0,1,0,0,0,0,0,0,1,0,0
896,22.0,1,0.75,0.3,10,5,1,0,0,0,1,0,1,1,0,0,1,0,0,0,1,0,0,0,0
897,30.0,2,0.75,0.3,10,5,0,1,0,0,1,0,1,1,0,0,1,0,0,0,1,0,0,0,0
898,30.0,4,1.25,0.3,10,5,0,0,1,0,0,1,1,1,0,0,0,1,0,0,1,0,0,0,0
899,30.0,2,0.3,2.25,5,10,0,1,0,0,0,1,1,1,0,1,0,0,0,0,0,0,0,1,0
900,30.0,4,0.75,0.3,10,2,0,0,1,0,0,1,1,1,0,0,1,0,0,0,1,0,0,0,0
901,22.0,4,1.75,1.25,10,15,0,0,1,0,0,0,1,1,0,0,0,1,0,0,0,0,1,0,0
902,22.0,1,0.3,0.75,5,5,1,0,0,0,1,0,0,1,0,1,0,0,0,0,0,1,0,0,0
903,54.0,4,0.75,5.0,5,28,0,0,1,1,1,1,1,1,0,0,1,0,0,0,0,0,0,0,1
904,30.0,4,1.75,0.3,15,5,0,0,1,0,0,1,1,1,0,0,0,1,0,0,1,0,0,0,0
905,30.0,4,5.0,1.25,20,10,0,0,1,0,1,1,1,1,0,0,0,0,0,1,0,0,1,0,0
906,22.0,4,1.75,0.75,5,5,0,0,1,0,1,1,1,1,0,0,0,1,0,0,0,1,0,0,0
907,30.0,4,0.3,0.3,2,2,0,0,1,0,0,1,1,1,0,1,0,0,0,0,1,0,0,0,0
908,22.0,4,2.75,0.75,20,10,0,0,1,0,0,0,0,1,0,0,0,0,1,0,0,1,0,0,0
909,22.0,2,0.3,3.25,5,20,0,1,0,1,0,0,1,1,0,1,0,0,0,0,0,0,0,1,0
910,40.0,4,0.75,0.75,3,10,0,0,1,1,1,0,1,1,0,0,1,0,0,0,0,1,0,0,0
911,30.0,2,0.3,0.3,5,5,0,1,0,0,0,0,0,1,0,1,0,0,0,0,1,0,0,0,0
912,54.0,4,0.75,0.3,4,5,0,0,1,1,1,0,1,1,0,0,1,0,0,0,1,0,0,0,0
913,54.0,4,0.3,5.0,5,45,0,0,1,1,1,1,1,1,0,1,0,0,0,0,0,0,0,0,1
914,40.0,1,1.25,0.75,15,10,1,0,0,0,1,1,1,1,0,0,0,1,0,0,0,1,0,0,0
915,22.0,4,0.3,3.25,2,15,0,0,1,0,1,1,1,1,0,1,0,0,0,0,0,0,0,1,0
916,22.0,1,0.75,0.3,10,5,1,0,0,0,0,0,1,1,0,0,1,0,0,0,1,0,0,0,0
917,40.0,4,0.75,2.75,10,10,0,0,1,0,1,1,1,1,0,0,1,0,0,0,0,0,0,1,0
918,30.0,4,0.3,0.3,3,2,0,0,1,0,1,0,1,1,0,1,0,0,0,0,1,0,0,0,0
919,30.0,4,5.0,0.75,30,5,0,0,1,1,1,1,1,1,0,0,0,0,0,1,0,1,0,0,0
920,22.0,2,0.75,0.75,10,10,0,1,0,0,0,0,0,1,0,0,1,0,0,0,0,1,0,0,0
921,22.0,4,0.3,4.75,5,20,0,0,1,0,0,0,1,1,0,1,0,0,0,0,0,0,0,0,1
922,40.0,4,5.0,1.75,30,10,0,0,1,1,1,1,1,1,0,0,0,0,0,1,0,0,1,0,0
923,40.0,2,0.3,0.3,5,5,0,1,0,1,0,1,1,1,0,1,0,0,0,0,1,0,0,0,0
924,40.0,4,0.75,5.0,10,20,0,0,1,0,1,0,1,1,0,0,1,0,0,0,0,0,0,0,1
925,22.0,2,0.75,1.25,7,10,0,1,0,0,0,0,1,1,0,0,1,0,0,0,0,0,1,0,0
926,30.0,2,0.3,1.25,5,15,0,1,0,0,1,1,1,1,0,1,0,0,0,0,0,0,1,0,0
927,22.0,2,4.25,1.25,20,10,0,1,0,0,1,1,1,1,0,0,0,0,0,1,0,0,1,0,0
928,22.0,4,0.3,0.3,5,2,0,0,1,0,1,1,1,1,0,1,0,0,0,0,1,0,0,0,0
929,30.0,2,1.75,0.3,5,5,0,1,0,0,1,1,1,1,0,0,0,1,0,0,1,0,0,0,0
930,30.0,4,0.75,0.3,10,5,0,0,1,0,1,0,0,1,0,0,1,0,0,0,1,0,0,0,0
931,40.0,4,0.75,0.75,10,10,0,0,1,0,1,1,1,1,0,0,1,0,0,0,0,1,0,0,0
932,22.0,4,0.3,0.3,2,5,0,0,1,0,1,0,1,1,0,1,0,0,0,0,1,0,0,0,0
933,40.0,4,0.75,1.25,7,10,0,0,1,1,1,0,0,1,0,0,1,0,0,0,0,0,1,0,0
934,22.0,2,3.25,2.75,10,15,0,1,0,1,0,0,1,1,0,0,0,0,1,0,0,0,0,1,0
935,30.0,2,0.75,0.3,5,5,0,1,0,1,1,0,0,1,0,0,1,0,0,0,1,0,0,0,0
936,22.0,4,0.3,0.75,2,15,0,0,1,0,0,0,1,1,0,1,0,0,0,0,0,1,0,0,0
937,30.0,4,0.3,1.25,7,7,0,0,1,0,1,0,0,1,0,1,0,0,0,0,0,0,1,0,0
938,40.0,4,0.75,1.25,7,10,0,0,1,1,1,0,0,1,0,0,1,0,0,0,0,0,1,0,0
939,22.0,1,0.3,0.3,3,8,1,0,0,0,0,0,0,1,0,1,0,0,0,0,1,0,0,0,0
940,54.0,4,1.75,3.25,10,15,0,0,1,0,1,0,0,1,0,0,0,1,0,0,0,0,0,1,0
941,22.0,2,3.25,1.75,10,10,0,1,0,1,1,0,1,1,0,0,0,0,1,0,0,0,1,0,0
942,40.0,4,0.75,0.3,5,5,0,0,1,1,1,0,1,1,0,0,1,0,0,0,1,0,0,0,0
943,30.0,2,0.3,0.3,5,5,0,1,0,0,0,0,0,1,0,1,0,0,0,0,1,0,0,0,0
944,22.0,4,0.75,1.25,10,7,0,0,1,0,0,1,0,1,0,0,1,0,0,0,0,0,1,0,0
945,54.0,4,0.3,0.75,5,10,0,0,1,0,0,0,0,1,0,1,0,0,0,0,0,1,0,0,0
946,30.0,4,0.3,0.3,5,6,0,0,1,0,0,1,1,1,0,1,0,0,0,0,1,0,0,0,0
947,22.0,2,3.75,1.75,25,15,0,1,0,0,1,0,1,1,0,0,0,0,1,0,0,0,1,0,0
948,22.0,4,3.75,0.3,30,5,0,0,1,0,1,0,0,1,0,0,0,0,1,0,1,0,0,0,0
949,22.0,1,1.75,1.25,30,15,1,0,0,0,0,0,0,1,0,0,0,1,0,0,0,0,1,0,0
950,30.0,1,0.75,0.75,10,10,1,0,0,0,0,0,0,1,0,0,1,0,0,0,0,1,0,0,0
951,22.0,4,1.25,0.75,8,7,0,0,1,0,0,0,0,1,0,0,0,1,0,0,0,1,0,0,0
952,40.0,2,0.3,0.3,2,5,0,1,0,1,1,1,1,1,0,1,0,0,0,0,1,0,0,0,0
953,22.0,2,0.75,5.0,10,20,0,1,0,0,0,0,0,1,0,0,1,0,0,0,0,0,0,0,1
954,22.0,4,0.3,0.75,5,10,0,0,1,0,0,0,0,1,0,1,0,0,0,0,0,1,0,0,0
955,22.0,4,2.75,0.3,10,3,0,0,1,0,1,0,0,1,0,0,0,0,1,0,1,0,0,0,0
956,22.0,4,0.3,0.75,5,7,0,0,1,0,1,0,0,1,0,1,0,0,0,0,0,1,0,0,0
957,22.0,1,0.3,1.75,5,10,1,0,0,0,0,0,1,1,0,1,0,0,0,0,0,0,1,0,0
958,22.0,2,0.75,0.75,7,5,0,1,0,1,1,0,0,1,0,0,1,0,0,0,0,1,0,0,0
959,40.0,4,0.3,0.3,7,8,0,0,1,0,1,0,0,1,0,1,0,0,0,0,1,0,0,0,0
960,30.0,2,5.0,0.75,25,10,0,1,0,0,1,0,1,1,0,0,0,0,0,1,0,1,0,0,0
961,30.0,4,0.3,0.3,4,8,0,0,1,0,1,0,0,1,0,1,0,0,0,0,1,0,0,0,0
962,22.0,4,0.3,0.3,5,5,0,0,1,0,0,0,1,1,0,1,0,0,0,0,1,0,0,0,0
963,22.0,4,0.75,0.3,7,3,0,0,1,0,1,0,0,1,0,0,1,0,0,0,1,0,0,0,0
964,22.0,1,5.0,5.0,20,20,1,0,0,0,1,0,1,1,0,0,0,0,0,1,0,0,0,0,1
965,30.0,2,0.75,0.75,7,6,0,1,0,1,1,0,0,1,0,0,1,0,0,0,0,1,0,0,0
966,22.0,4,2.75,0.3,15,5,0,0,1,0,1,0,0,1,0,0,0,0,1,0,1,0,0,0,0
967,30.0,2,3.75,5.0,13,15,0,1,0,0,0,0,0,1,0,0,0,0,1,0,0,0,0,0,1
968,22.0,4,0.75,0.75,7,10,0,0,1,0,1,0,0,1,0,0,1,0,0,0,0,1,0,0,0
969,30.0,2,5.0,0.3,90,3,0,1,0,1,1,0,1,1,0,0,0,0,0,1,1,0,0,0,0
970,22.0,4,0.3,0.75,5,10,0,0,1,1,1,0,0,1,0,1,0,0,0,0,0,1,0,0,0
971,22.0,2,0.75,0.3,10,5,0,1,0,1,1,0,0,1,0,0,1,0,0,0,1,0,0,0,0
972,22.0,2,0.75,0.75,10,10,0,1,0,0,0,0,1,1,0,0,1,0,0,0,0,1,0,0,0
973,30.0,4,0.75,0.3,10,5,0,0,1,0,0,0,0,1,0,0,1,0,0,0,1,0,0,0,0
974,30.0,4,0.75,0.75,5,10,0,0,1,0,1,0,0,1,0,0,1,0,0,0,0,1,0,0,0
975,22.0,2,0.3,0.75,5,7,0,1,0,0,1,1,0,1,0,1,0,0,0,0,0,1,0,0,0
976,30.0,2,0.75,0.75,5,3,0,1,0,1,1,0,0,1,0,0,1,0,0,0,0,1,0,0,0
977,22.0,4,0.3,0.3,5,2,0,0,1,0,1,1,1,1,0,1,0,0,0,0,1,0,0,0,0
978,22.0,4,0.3,0.75,6,10,0,0,1,0,0,0,0,1,0,1,0,0,0,0,0,1,0,0,0
979,22.0,1,1.25,1.75,10,15,1,0,0,0,1,0,1,1,0,0,0,1,0,0,0,0,1,0,0
980,22.0,4,0.3,0.3,5,7,0,0,1,0,1,0,0,1,0,1,0,0,0,0,1,0,0,0,0
981,22.0,2,0.3,0.75,5,6,0,1,0,0,1,1,0,1,0,1,0,0,0,0,0,1,0,0,0
982,22.0,4,1.75,0.3,20,5,0,0,1,0,0,0,1,1,0,0,0,1,0,0,1,0,0,0,0
983,54.0,4,0.75,0.75,15,10,0,0,1,0,1,1,0,1,0,0,1,0,0,0,0,1,0,0,0
984,22.0,4,0.3,0.3,3,5,0,0,1,0,1,0,0,1,0,1,0,0,0,0,1,0,0,0,0
985,30.0,2,0.3,0.75,5,10,0,1,0,1,1,1,0,1,0,1,0,0,0,0,0,1,0,0,0
986,22.0,4,0.75,0.75,10,10,0,0,1,1,1,0,1,1,0,0,1,0,0,0,0,1,0,0,0
987,30.0,4,0.3,4.75,5,20,0,0,1,0,1,0,1,1,0,1,0,0,0,0,0,0,0,0,1
988,22.0,4,0.3,3.25,2,10,0,0,1,0,0,0,0,1,0,1,0,0,0,0,0,0,0,1,0
989,30.0,4,0.3,4.75,5,20,0,0,1,0,1,1,0,1,0,1,0,0,0,0,0,0,0,0,1
990,22.0,4,0.3,1.25,5,15,0,0,1,0,0,0,1,1,0,1,0,0,0,0,0,0,1,0,0
991,22.0,4,1.25,1.25,15,10,0,0,1,0,1,0,1,1,0,0,0,1,0,0,0,0,1,0,0
992,30.0,4,0.3,0.3,7,8,0,0,1,0,1,0,0,1,0,1,0,0,0,0,1,0,0,0,0
993,22.0,4,0.3,5.0,5,15,0,0,1,0,0,0,0,1,0,1,0,0,0,0,0,0,0,0,1
994,30.0,2,0.3,3.75,5,15,0,1,0,0,1,0,1,1,0,1,0,0,0,0,0,0,0,1,0
995,40.0,4,0.3,0.75,7,8,0,0,1,1,1,0,0,1,0,1,0,0,0,0,0,1,0,0,0
996,30.0,4,0.3,0.75,5,10,0,0,1,1,1,1,1,1,0,1,0,0,0,0,0,1,0,0,0
997,30.0,4,0.3,0.3,5,2,0,0,1,0,0,1,1,1,0,1,0,0,0,0,1,0,0,0,0
998,30.0,4,1.25,0.3,10,5,0,0,1,0,1,1,1,1,0,0,0,1,0,0,1,0,0,0,0
999,22.0,4,0.75,0.3,10,5,0,0,1,0,0,1,1,1,0,0,1,0,0,0,1,0,0,0,0
1000,30.0,2,0.3,0.75,5,15,0,1,0,1,1,1,0,1,0,1,0,0,0,0,0,1,0,0,0
1001,22.0,2,0.3,0.3,5,10,0,1,0,0,1,1,0,1,0,1,0,0,0,0,1,0,0,0,0
1002,40.0,4,0.3,5.0,5,30,0,0,1,0,1,1,1,1,0,1,0,0,0,0,0,0,0,0,1
1003,22.0,2,0.3,0.3,10,2,0,1,0,0,1,1,0,1,0,1,0,0,0,0,1,0,0,0,0
1004,30.0,2,1.25,0.3,5,5,0,1,0,1,1,1,0,1,0,0,0,1,0,0,1,0,0,0,0
1005,54.0,4,0.75,0.3,10,5,0,0,1,0,0,0,1,1,0,0,1,0,0,0,1,0,0,0,0
1006,30.0,4,0.75,0.3,10,4,0,0,1,1,1,1,0,1,0,0,1,0,0,0,1,0,0,0,0
1007,54.0,4,0.75,0.3,5,10,0,0,1,0,1,1,0,1,0,0,1,0,0,0,1,0,0,0,0
1008,22.0,4,5.0,0.75,25,5,0,0,1,1,1,1,0,1,0,0,0,0,0,1,0,1,0,0,0
1009,22.0,1,0.3,0.75,5,7,1,0,0,0,1,0,0,1,0,1,0,0,0,0,0,1,0,0,0
1010,22.0,4,5.0,0.3,25,4,0,0,1,0,1,1,0,1,0,0,0,0,0,1,1,0,0,0,0
1011,22.0,4,0.3,0.75,2,10,0,0,1,0,1,1,1,1,0,1,0,0,0,0,0,1,0,0,0
1012,22.0,4,1.75,3.75,10,10,0,0,1,1,1,0,0,1,0,0,0,1,0,0,0,0,0,1,0
1013,40.0,4,0.75,0.3,10,5,0,0,1,1,1,1,1,1,0,0,1,0,0,0,1,0,0,0,0
1014,40.0,4,0.75,0.3,10,5,0,0,1,0,0,1,1,1,0,0,1,0,0,0,1,0,0,0,0
1015,22.0,4,0.3,0.75,3,10,0,0,1,0,1,1,0,1,0,1,0,0,0,0,0,1,0,0,0
1016,22.0,2,1.25,0.75,15,10,0,1,0,0,1,0,0,1,0,0,0,1,0,0,0,1,0,0,0
1017,40.0,1,3.75,0.3,10,5,1,0,0,1,1,1,1,1,0,0,0,0,1,0,1,0,0,0,0
1018,40.0,4,0.3,0.3,3,4,0,0,1,0,1,0,0,1,0,1,0,0,0,0,1,0,0,0,0
1019,22.0,4,0.3,0.3,5,2,0,0,1,0,0,0,0,1,0,1,0,0,0,0,1,0,0,0,0
1020,30.0,4,0.3,0.3,5,5,0,0,1,0,1,1,1,1,0,1,0,0,0,0,1,0,0,0,0
1021,22.0,2,0.3,0.3,3,2,0,1,0,0,1,0,0,1,0,1,0,0,0,0,1,0,0,0,0
1022,22.0,2,1.25,0.3,15,8,0,1,0,0,1,0,0,1,0,0,0,1,0,0,1,0,0,0,0
1023,54.0,4,0.3,0.75,5,8,0,0,1,0,1,0,0,1,0,1,0,0,0,0,0,1,0,0,0
1024,30.0,2,0.75,3.75,8,10,0,1,0,0,1,1,0,1,0,0,1,0,0,0,0,0,0,1,0
1025,22.0,2,0.75,2.75,10,15,0,1,0,1,1,0,0,1,0,0,1,0,0,0,0,0,0,1,0
1026,22.0,4,0.75,0.75,15,10,0,0,1,0,0,1,1,1,0,0,1,0,0,0,0,1,0,0,0
1027,22.0,4,0.3,0.75,5,10,0,0,1,0,0,0,1,1,0,1,0,0,0,0,0,1,0,0,0
1028,22.0,4,0.3,1.75,2,8,0,0,1,1,1,0,0,1,0,1,0,0,0,0,0,0,1,0,0
1029,40.0,1,0.3,0.3,5,1,1,0,0,0,1,1,1,1,0,1,0,0,0,0,1,0,0,0,0
1030,22.0,2,0.75,0.3,13,5,0,1,0,1,1,0,0,1,0,0,1,0,0,0,1,0,0,0,0
1031,30.0,1,0.75,0.3,15,3,1,0,0,1,1,0,0,1,0,0,1,0,0,0,1,0,0,0,0
1032,22.0,4,0.3,0.3,7,10,0,0,1,0,0,0,1,1,0,1,0,0,0,0,1,0,0,0,0
1033,30.0,4,0.3,0.75,3,6,0,0,1,0,1,1,1,1,0,1,0,0,0,0,0,1,0,0,0
1034,22.0,2,1.75,3.75,10,20,0,1,0,0,0,1,1,1,0,0,0,1,0,0,0,0,0,1,0
1035,22.0,4,0.75,0.75,10,10,0,0,1,0,0,0,1,1,0,0,1,0,0,0,0,1,0,0,0
1036,30.0,1,1.25,0.3,10,5,1,0,0,0,1,1,1,1,0,0,0,1,0,0,1,0,0,0,0
1037,22.0,4,0.3,0.3,5,5,0,0,1,0,0,1,1,1,0,1,0,0,0,0,1,0,0,0,0
1038,30.0,4,0.3,0.3,2,3,0,0,1,0,1,1,1,1,0,1,0,0,0,0,1,0,0,0,0
1039,30.0,4,0.3,1.25,5,5,0,0,1,0,1,1,1,1,0,1,0,0,0,0,0,0,1,0,0
1040,22.0,1,0.75,1.75,10,5,1,0,0,1,0,0,1,1,0,0,1,0,0,0,0,0,1,0,0
1041,22.0,4,0.3,0.3,5,5,0,0,1,0,0,0,1,1,0,1,0,0,0,0,1,0,0,0,0
1042,22.0,4,1.25,0.75,15,10,0,0,1,0,0,1,1,1,0,0,0,1,0,0,0,1,0,0,0
1043,22.0,4,0.75,2.25,7,20,0,0,1,0,0,1,0,1,0,0,1,0,0,0,0,0,0,1,0
1044,22.0,2,1.75,0.3,25,2,0,1,0,0,1,0,1,1,0,0,0,1,0,0,1,0,0,0,0
1045,22.0,4,0.3,0.75,3,7,0,0,1,0,0,0,0,1,0,1,0,0,0,0,0,1,0,0,0
1046,22.0,1,0.3,0.3,5,5,1,0,0,0,0,0,1,1,0,1,0,0,0,0,1,0,0,0,0
1047,22.0,4,0.75,5.0,10,90,0,0,1,0,0,0,1,1,0,0,1,0,0,0,0,0,0,0,1
1048,22.0,4,0.3,0.75,5,20,0,0,1,0,1,0,1,1,0,1,0,0,0,0,0,1,0,0,0
1049,22.0,4,0.3,1.25,4,10,0,0,1,0,0,0,0,1,0,1,0,0,0,0,0,0,1,0,0
1050,22.0,2,0.3,1.25,5,10,0,1,0,0,1,1,0,1,0,1,0,0,0,0,0,0,1,0,0
1051,22.0,4,0.3,1.25,5,10,0,0,1,0,1,0,1,1,0,1,0,0,0,0,0,0,1,0,0
1052,22.0,4,0.75,0.3,10,5,0,0,1,0,0,1,1,1,0,0,1,0,0,0,1,0,0,0,0
1053,22.0,1,0.75,0.75,7,7,1,0,0,0,0,0,1,1,0,0,1,0,0,0,0,1,0,0,0
1054,22.0,4,0.3,0.3,5,2,0,0,1,0,0,1,1,1,0,1,0,0,0,0,1,0,0,0,0
1055,22.0,2,5.0,0.75,50,5,0,1,0,0,1,0,0,1,0,0,0,0,0,1,0,1,0,0,0
1056,22.0,1,0.3,5.0,5,30,1,0,0,1,1,0,1,1,0,1,0,0,0,0,0,0,0,0,1
1057,30.0,2,0.3,1.25,5,7,0,1,0,1,1,1,0,1,0,1,0,0,0,0,0,0,1,0,0
1058,22.0,2,1.25,2.75,15,10,0,1,0,0,1,1,1,1,0,0,0,1,0,0,0,0,0,1,0
1059,22.0,2,1.75,0.3,10,5,0,1,0,0,0,0,1,1,0,0,0,1,0,0,1,0,0,0,0
1060,22.0,4,0.3,0.75,5,10,0,0,1,0,1,1,1,1,0,1,0,0,0,0,0,1,0,0,0
1061,30.0,4,0.3,0.3,2,10,0,0,1,0,0,1,1,1,0,1,0,0,0,0,1,0,0,0,0
1062,22.0,4,0.3,0.3,3,2,0,0,1,1,1,0,1,1,0,1,0,0,0,0,1,0,0,0,0
1063,22.0,4,0.75,0.75,10,10,0,0,1,0,1,1,1,1,0,0,1,0,0,0,0,1,0,0,0
1064,22.0,2,1.25,0.75,5,10,0,1,0,0,1,1,0,1,0,0,0,1,0,0,0,1,0,0,0
1065,22.0,2,1.25,1.25,15,15,0,1,0,0,1,0,0,1,0,0,0,1,0,0,0,0,1,0,0
1066,22.0,4,0.75,0.3,7,3,0,0,1,0,1,1,0,1,0,0,1,0,0,0,1,0,0,0,0
1067,22.0,2,1.75,0.3,20,2,0,1,0,0,1,1,0,1,0,0,0,1,0,0,1,0,0,0,0
1068,22.0,4,5.0,0.3,15,5,0,0,1,0,1,0,1,1,0,0,0,0,0,1,1,0,0,0,0
1069,40.0,4,5.0,0.3,15,5,0,0,1,0,1,1,1,1,0,0,0,0,0,1,1,0,0,0,0
1070,30.0,4,3.75,0.3,15,5,0,0,1,0,1,1,0,1,0,0,0,0,1,0,1,0,0,0,0
1071,22.0,4,5.0,4.25,20,15,0,0,1,0,1,1,0,1,0,0,0,0,0,1,0,0,0,0,1
1072,22.0,4,0.3,0.3,5,5,0,0,1,0,1,0,0,1,0,1,0,0,0,0,1,0,0,0,0
1073,22.0,4,0.3,0.75,5,5,0,0,1,0,1,1,0,1,0,1,0,0,0,0,0,1,0,0,0
1074,30.0,2,0.75,0.3,10,5,0,1,0,0,1,1,1,1,0,0,1,0,0,0,1,0,0,0,0
1075,30.0,2,3.75,5.0,15,40,0,1,0,0,1,1,1,1,0,0,0,0,1,0,0,0,0,0,1
1076,22.0,2,2.75,0.3,5,5,0,1,0,1,1,1,1,1,0,0,0,0,1,0,1,0,0,0,0
1077,30.0,4,5.0,2.25,30,8,0,0,1,1,1,1,0,1,0,0,0,0,0,1,0,0,0,1,0
1078,22.0,4,5.0,0.3,60,5,0,0,1,0,1,1,0,1,0,0,0,0,0,1,1,0,0,0,0
1079,22.0,4,1.25,1.25,15,15,0,0,1,1,1,1,1,1,0,0,0,1,0,0,0,0,1,0,0
1080,22.0,1,0.75,0.3,10,2,1,0,0,1,1,0,1,1,0,0,1,0,0,0,1,0,0,0,0
1081,40.0,4,0.3,0.75,5,5,0,0,1,0,1,0,0,1,0,1,0,0,0,0,0,1,0,0,0
1082,40.0,2,0.75,2.25,5,10,0,1,0,1,1,1,0,1,0,0,1,0,0,0,0,0,0,1,0
1083,30.0,1,0.3,0.3,10,5,1,0,0,1,1,1,1,1,0,1,0,0,0,0,1,0,0,0,0
1084,22.0,1,1.25,0.3,10,5,1,0,0,0,1,0,1,1,0,0,0,1,0,0,1,0,0,0,0
1085,22.0,4,0.3,0.3,3,5,0,0,1,0,0,0,1,1,0,1,0,0,0,0,1,0,0,0,0
1086,30.0,4,4.25,5.0,10,60,0,0,1,1,1,0,0,1,0,0,0,0,0,1,0,0,0,0,1
1087,22.0,1,1.25,0.75,20,10,1,0,0,0,0,1,1,1,0,0,0,1,0,0,0,1,0,0,0
1088,22.0,1,0.75,0.75,10,10,1,0,0,0,0,1,1,1,0,0,1,0,0,0,0,1,0,0,0
1089,30.0,1,1.25,0.3,15,5,1,0,0,0,0,1,1,1,0,0,0,1,0,0,1,0,0,0,0
1090,22.0,4,0.75,0.3,10,5,0,0,1,1,1,0,0,1,0,0,1,0,0,0,1,0,0,0,0
1091,22.0,4,5.0,2.75,35,15,0,0,1,0,0,1,1,1,0,0,0,0,0,1,0,0,0,1,0
1092,30.0,4,1.25,0.75,15,10,0,0,1,0,1,1,1,1,0,0,0,1,0,0,0,1,0,0,0
1093,22.0,2,0.3,0.3,5,5,0,1,0,0,0,1,0,1,0,1,0,0,0,0,1,0,0,0,0
1094,30.0,4,0.3,0.3,7,5,0,0,1,0,0,0,1,1,0,1,0,0,0,0,1,0,0,0,0
1095,30.0,1,2.25,5.0,10,30,1,0,0,0,1,1,1,1,0,0,0,0,1,0,0,0,0,0,1
1096,54.0,4,0.75,0.3,10,5,0,0,1,0,1,0,0,1,0,0,1,0,0,0,1,0,0,0,0
1097,22.0,1,1.75,0.75,30,10,1,0,0,0,0,1,1,1,0,0,0,1,0,0,0,1,0,0,0
1098,22.0,1,1.25,0.75,5,6,1,0,0,0,1,0,1,1,0,0,0,1,0,0,0,1,0,0,0
1099,30.0,1,5.0,0.3,35,5,1,0,0,0,1,0,1,1,0,0,0,0,0,1,1,0,0,0,0
1100,22.0,2,1.25,0.75,15,10,0,1,0,0,1,0,0,1,0,0,0,1,0,0,0,1,0,0,0
1101,40.0,4,0.75,0.3,5,5,0,0,1,1,1,1,0,1,0,0,1,0,0,0,1,0,0,0,0
1102,22.0,4,0.75,4.75,10,15,0,0,1,0,0,0,0,1,0,0,1,0,0,0,0,0,0,0,1
1103,22.0,4,0.75,0.3,15,5,0,0,1,0,0,1,1,1,0,0,1,0,0,0,1,0,0,0,0
1104,22.0,2,0.75,0.75,8,8,0,1,0,0,1,0,0,1,0,0,1,0,0,0,0,1,0,0,0
1105,22.0,4,0.75,0.3,10,6,0,0,1,0,0,0,0,1,0,0,1,0,0,0,1,0,0,0,0
1106,22.0,1,0.75,0.75,15,10,1,0,0,1,1,0,1,1,0,0,1,0,0,0,0,1,0,0,0
1107,22.0,4,0.3,0.75,5,7,0,0,1,0,1,0,0,1,0,1,0,0,0,0,0,1,0,0,0
1108,30.0,2,0.3,2.25,5,8,0,1,0,0,1,1,0,1,0,1,0,0,0,0,0,0,0,1,0
1109,22.0,2,0.3,3.25,5,10,0,1,0,1,1,1,1,1,0,1,0,0,0,0,0,0,0,1,0
1110,22.0,2,0.75,0.3,5,5,0,1,0,0,1,0,0,1,0,0,1,0,0,0,1,0,0,0,0
1111,30.0,4,0.3,0.3,5,15,0,0,1,0,0,1,1,1,0,1,0,0,0,0,1,0,0,0,0
1112,22.0,4,0.3,0.75,5,7,0,0,1,0,1,0,0,1,0,1,0,0,0,0,0,1,0,0,0
1113,22.0,2,2.25,1.25,15,20,0,1,0,0,1,0,0,1,0,0,0,0,1,0,0,0,1,0,0
1114,22.0,4,0.3,0.3,2,5,0,0,1,0,0,1,1,1,0,1,0,0,0,0,1,0,0,0,0
1115,22.0,4,0.75,0.3,12,5,0,0,1,0,0,1,1,1,0,0,1,0,0,0,1,0,0,0,0
1116,22.0,1,0.3,0.3,10,2,1,0,0,0,0,1,1,1,0,1,0,0,0,0,1,0,0,0,0
1117,22.0,4,0.75,0.3,10,4,0,0,1,1,1,0,1,1,0,0,1,0,0,0,1,0,0,0,0
1118,40.0,1,0.3,1.25,5,15,1,0,0,0,1,0,1,1,0,1,0,0,0,0,0,0,1,0,0
1119,30.0,2,0.75,0.3,5,2,0,1,0,0,1,1,1,1,0,0,1,0,0,0,1,0,0,0,0
1120,30.0,4,0.75,5.0,5,20,0,0,1,0,1,0,1,1,0,0,1,0,0,0,0,0,0,0,1
1121,22.0,4,0.3,1.25,2,15,0,0,1,1,1,0,1,1,0,1,0,0,0,0,0,0,1,0,0
1122,30.0,1,0.3,2.25,2,12,1,0,0,1,1,0,1,1,0,1,0,0,0,0,0,0,0,1,0
1123,22.0,4,0.3,0.75,5,10,0,0,1,0,1,0,1,1,0,1,0,0,0,0,0,1,0,0,0
1124,30.0,1,0.3,0.75,5,10,1,0,0,0,1,0,1,1,0,1,0,0,0,0,0,1,0,0,0
1125,30.0,4,0.3,0.3,5,3,0,0,1,0,1,1,1,1,0,1,0,0,0,0,1,0,0,0,0
1126,40.0,2,3.75,1.25,20,15,0,1,0,0,1,1,1,1,0,0,0,0,1,0,0,0,1,0,0
1127,22.0,1,0.3,0.3,3,5,1,0,0,1,1,1,1,1,0,1,0,0,0,0,1,0,0,0,0
1128,22.0,4,0.75,0.3,20,5,0,0,1,0,1,1,1,1,0,0,1,0,0,0,1,0,0,0,0
1129,40.0,4,0.75,3.25,10,15,0,0,1,0,1,0,0,1,0,0,1,0,0,0,0,0,0,1,0
1130,22.0,4,0.3,4.75,5,10,0,0,1,0,0,1,0,1,0,1,0,0,0,0,0,0,0,0,1
1131,22.0,1,0.3,0.75,5,10,1,0,0,0,0,1,1,1,0,1,0,0,0,0,0,1,0,0,0
1132,40.0,4,0.3,1.25,5,10,0,0,1,1,1,0,0,1,0,1,0,0,0,0,0,0,1,0,0
1133,22.0,4,0.3,0.75,5,10,0,0,1,0,1,0,0,1,0,1,0,0,0,0,0,1,0,0,0
1134,54.0,4,2.25,0.75,15,5,0,0,1,0,1,0,0,1,0,0,0,0,1,0,0,1,0,0,0
1135,22.0,1,0.3,5.0,5,20,1,0,0,0,1,0,0,1,0,1,0,0,0,0,0,0,0,0,1
1136,30.0,4,0.3,1.25,5,12,0,0,1,0,0,0,1,1,0,1,0,0,0,0,0,0,1,0,0
1137,22.0,1,1.75,0.3,15,5,1,0,0,1,1,0,1,1,0,0,0,1,0,0,1,0,0,0,0
1138,22.0,4,0.75,0.3,10,5,0,0,1,0,0,0,1,1,0,0,1,0,0,0,1,0,0,0,0
1139,22.0,4,0.3,0.75,5,2,0,0,1,0,1,0,1,1,0,1,0,0,0,0,0,1,0,0,0
1140,22.0,4,0.3,1.25,3,15,0,0,1,0,1,0,0,1,0,1,0,0,0,0,0,0,1,0,0
1141,22.0,4,3.25,1.25,15,15,0,0,1,0,1,0,0,1,0,0,0,0,1,0,0,0,1,0,0
1142,22.0,4,0.3,0.3,5,10,0,0,1,1,1,1,1,1,0,1,0,0,0,0,1,0,0,0,0
1143,22.0,4,0.3,0.3,10,15,0,0,1,0,0,1,1,1,0,1,0,0,0,0,1,0,0,0,0
1144,22.0,4,0.3,0.3,5,5,0,0,1,0,0,1,0,1,0,1,0,0,0,0,1,0,0,0,0
1145,54.0,4,2.25,0.3,10,0,0,0,1,0,1,0,0,1,0,0,0,0,1,0,1,0,0,0,0
1146,30.0,4,0.3,3.25,5,15,0,0,1,0,1,0,1,1,0,1,0,0,0,0,0,0,0,1,0
1147,40.0,4,2.25,1.75,15,12,0,0,1,0,0,0,1,1,0,0,0,0,1,0,0,0,1,0,0
1148,22.0,2,0.75,1.75,7,10,0,1,0,1,1,0,1,1,0,0,1,0,0,0,0,0,1,0,0
1149,30.0,1,0.75,0.75,10,10,1,0,0,0,1,1,1,1,0,0,1,0,0,0,0,1,0,0,0
1150,22.0,1,0.75,0.3,10,5,1,0,0,0,1,0,1,1,0,0,1,0,0,0,1,0,0,0,0
1151,30.0,4,1.75,0.3,10,2,0,0,1,0,0,0,1,1,0,0,0,1,0,0,1,0,0,0,0
1152,22.0,1,0.3,0.75,5,10,1,0,0,0,1,0,1,1,0,1,0,0,0,0,0,1,0,0,0
1153,22.0,4,1.75,2.25,10,10,0,0,1,0,1,0,1,1,0,0,0,1,0,0,0,0,0,1,0
1154,30.0,4,0.3,2.25,10,12,0,0,1,1,1,1,1,1,0,1,0,0,0,0,0,0,0,1,0
1155,30.0,4,1.75,1.25,10,10,0,0,1,0,1,1,1,1,0,0,0,1,0,0,0,0,1,0,0
1156,22.0,1,1.75,0.3,10,7,1,0,0,1,1,0,1,1,0,0,0,1,0,0,1,0,0,0,0
1157,40.0,4,0.3,0.3,2,3,0,0,1,0,0,1,0,1,0,1,0,0,0,0,1,0,0,0,0
1158,54.0,4,0.3,0.75,5,5,0,0,1,0,1,1,0,1,0,1,0,0,0,0,0,1,0,0,0
1159,22.0,1,1.75,1.75,7,12,1,0,0,0,1,0,1,1,0,0,0,1,0,0,0,0,1,0,0
1160,30.0,2,0.3,0.3,5,5,0,1,0,0,1,1,0,1,0,1,0,0,0,0,1,0,0,0,0
1161,54.0,4,0.3,1.25,7,8,0,0,1,0,1,0,0,1,0,1,0,0,0,0,0,0,1,0,0
1162,22.0,1,1.25,0.75,10,10,1,0,0,1,1,1,1,1,0,0,0,1,0,0,0,1,0,0,0
1163,22.0,2,3.25,0.75,10,10,0,1,0,0,1,0,0,1,0,0,0,0,1,0,0,1,0,0,0
1164,22.0,4,0.3,0.75,4,10,0,0,1,0,1,1,0,1,0,1,0,0,0,0,0,1,0,0,0
1165,30.0,4,0.75,1.25,10,10,0,0,1,0,1,1,1,1,0,0,1,0,0,0,0,0,1,0,0
1166,22.0,4,0.3,0.75,5,7,0,0,1,0,1,0,0,1,0,1,0,0,0,0,0,1,0,0,0
1167,40.0,4,0.75,0.3,7,5,0,0,1,0,1,1,0,1,0,0,1,0,0,0,1,0,0,0,0
1168,22.0,4,0.3,0.3,12,5,0,0,1,0,0,0,1,1,0,1,0,0,0,0,1,0,0,0,0
1169,30.0,4,1.25,1.25,5,20,0,0,1,0,1,1,0,1,0,0,0,1,0,0,0,0,1,0,0
1170,40.0,4,0.3,5.0,5,25,0,0,1,1,1,1,1,1,0,1,0,0,0,0,0,0,0,0,1
1171,22.0,4,0.75,0.75,5,3,0,0,1,0,1,0,0,1,0,0,1,0,0,0,0,1,0,0,0
1172,30.0,4,1.75,3.75,15,10,0,0,1,0,0,1,1,1,0,0,0,1,0,0,0,0,0,1,0
1173,30.0,4,0.75,0.3,5,5,0,0,1,0,1,1,1,1,0,0,1,0,0,0,1,0,0,0,0
1174,22.0,4,0.75,0.3,5,4,0,0,1,0,1,1,0,1,0,0,1,0,0,0,1,0,0,0,0
1175,40.0,4,0.3,0.3,2,3,0,0,1,0,1,0,0,1,0,1,0,0,0,0,1,0,0,0,0
1176,22.0,2,1.25,0.75,5,10,0,1,0,0,1,1,1,1,0,0,0,1,0,0,0,1,0,0,0
1177,40.0,4,0.3,1.25,7,13,0,0,1,0,1,1,1,1,0,1,0,0,0,0,0,0,1,0,0
1178,22.0,4,0.75,0.3,10,7,0,0,1,0,1,0,0,1,0,0,1,0,0,0,1,0,0,0,0
1179,40.0,4,0.3,0.75,3,10,0,0,1,0,1,1,0,1,0,1,0,0,0,0,0,1,0,0,0
1180,22.0,4,2.75,0.3,10,5,0,0,1,1,1,0,1,1,0,0,0,0,1,0,1,0,0,0,0
1181,22.0,4,0.75,2.75,10,10,0,0,1,0,0,0,1,1,0,0,1,0,0,0,0,0,0,1,0
1182,30.0,4,0.75,0.75,6,10,0,0,1,0,0,1,1,1,0,0,1,0,0,0,0,1,0,0,0
1183,22.0,4,1.25,0.3,15,5,0,0,1,0,0,1,1,1,0,0,0,1,0,0,1,0,0,0,0
1184,22.0,4,0.75,0.75,10,10,0,0,1,0,1,0,1,1,0,0,1,0,0,0,0,1,0,0,0
1185,22.0,4,2.25,3.25,10,15,0,0,1,0,1,0,1,1,0,0,0,0,1,0,0,0,0,1,0
1186,22.0,4,0.75,1.25,10,8,0,0,1,0,0,1,1,1,0,0,1,0,0,0,0,0,1,0,0
1187,22.0,4,4.25,0.75,15,10,0,0,1,0,1,1,0,1,0,0,0,0,0,1,0,1,0,0,0
1188,22.0,4,0.75,0.75,7,7,0,0,1,0,1,0,0,1,0,0,1,0,0,0,0,1,0,0,0
1189,30.0,2,0.3,0.3,5,5,0,1,0,0,1,0,1,1,0,1,0,0,0,0,1,0,0,0,0
1190,22.0,1,2.25,1.25,25,15,1,0,0,0,1,1,1,1,0,0,0,0,1,0,0,0,1,0,0
1191,22.0,4,0.3,0.3,5,3,0,0,1,0,1,0,0,1,0,1,0,0,0,0,1,0,0,0,0
1192,30.0,4,1.75,0.3,15,7,0,0,1,0,0,0,1,1,0,0,0,1,0,0,1,0,0,0,0
1193,22.0,4,0.3,0.75,5,5,0,0,1,0,1,0,0,1,0,1,0,0,0,0,0,1,0,0,0
1194,22.0,1,5.0,0.3,20,3,1,0,0,0,0,0,1,1,0,0,0,0,0,1,1,0,0,0,0
1195,22.0,2,0.3,0.3,2,5,0,1,0,0,1,0,0,1,0,1,0,0,0,0,1,0,0,0,0
1196,30.0,4,5.0,0.3,30,5,0,0,1,0,0,1,1,1,0,0,0,0,0,1,1,0,0,0,0
1197,22.0,4,4.25,2.75,12,10,0,0,1,0,1,1,1,1,0,0,0,0,0,1,0,0,0,1,0
1198,22.0,4,1.25,0.3,13,8,0,0,1,0,0,0,1,1,0,0,0,1,0,0,1,0,0,0,0
1199,30.0,4,0.75,0.3,10,1,0,0,1,0,0,1,1,1,0,0,1,0,0,0,1,0,0,0,0
1200,22.0,4,0.75,0.3,10,1,0,0,1,0,0,0,1,1,0,0,1,0,0,0,1,0,0,0,0
1201,30.0,4,0.75,0.3,10,5,0,0,1,0,0,1,1,1,0,0,1,0,0,0,1,0,0,0,0
1202,22.0,2,0.3,0.75,5,7,0,1,0,0,0,1,1,1,0,1,0,0,0,0,0,1,0,0,0
1203,40.0,4,0.3,0.3,10,3,0,0,1,0,0,0,1,1,0,1,0,0,0,0,1,0,0,0,0
1204,22.0,4,0.75,1.25,10,20,0,0,1,0,0,0,1,1,0,0,1,0,0,0,0,0,1,0,0
1205,22.0,4,0.75,0.3,10,5,0,0,1,0,1,1,1,1,0,0,1,0,0,0,1,0,0,0,0
1206,22.0,4,0.3,0.75,5,7,0,0,1,0,1,1,1,1,0,1,0,0,0,0,0,1,0,0,0
1207,22.0,4,0.3,4.75,5,15,0,0,1,0,1,0,1,1,0,1,0,0,0,0,0,0,0,0,1
1208,22.0,1,1.25,1.25,20,15,1,0,0,0,1,1,1,1,0,0,0,1,0,0,0,0,1,0,0
1209,30.0,4,0.3,0.75,7,10,0,0,1,0,1,1,1,1,0,1,0,0,0,0,0,1,0,0,0
1210,22.0,4,0.75,0.3,10,5,0,0,1,0,0,1,1,1,0,0,1,0,0,0,1,0,0,0,0
1211,30.0,4,3.25,0.75,10,10,0,0,1,0,1,1,1,1,0,0,0,0,1,0,0,1,0,0,0
1212,30.0,4,1.75,1.75,5,10,0,0,1,0,0,0,1,1,0,0,0,1,0,0,0,0,1,0,0
1213,30.0,4,0.3,1.25,10,30,0,0,1,0,1,1,1,1,0,1,0,0,0,0,0,0,1,0,0
1214,40.0,4,0.3,0.75,5,7,0,0,1,0,1,0,0,1,0,1,0,0,0,0,0,1,0,0,0
1215,40.0,4,5.0,1.25,10,15,0,0,1,1,1,1,1,1,0,0,0,0,0,1,0,0,1,0,0
1216,22.0,4,0.3,4.25,5,12,0,0,1,0,0,0,1,1,0,1,0,0,0,0,0,0,0,0,1
1217,40.0,4,0.3,0.75,5,7,0,0,1,1,1,0,0,1,0,1,0,0,0,0,0,1,0,0,0
1218,22.0,4,0.75,0.75,10,10,0,0,1,0,1,0,0,1,0,0,1,0,0,0,0,1,0,0,0
1219,40.0,2,0.75,0.3,10,3,0,1,0,1,1,1,1,1,0,0,1,0,0,0,1,0,0,0,0
1220,54.0,4,0.3,0.3,5,5,0,0,1,0,0,0,0,1,0,1,0,0,0,0,1,0,0,0,0
1221,40.0,4,0.3,1.25,5,15,0,0,1,0,1,0,0,1,0,1,0,0,0,0,0,0,1,0,0
1222,54.0,4,0.3,0.3,5,7,0,0,1,0,0,0,0,1,0,1,0,0,0,0,1,0,0,0,0
1223,54.0,4,0.3,0.75,5,8,0,0,1,0,1,0,0,1,0,1,0,0,0,0,0,1,0,0,0
1224,40.0,2,1.75,0.75,10,5,0,1,0,0,1,1,1,1,0,0,0,1,0,0,0,1,0,0,0
1225,30.0,4,0.3,0.75,5,5,0,0,1,0,1,1,1,1,0,1,0,0,0,0,0,1,0,0,0
1226,30.0,4,5.0,0.75,45,10,0,0,1,0,1,1,1,1,0,0,0,0,0,1,0,1,0,0,0
1227,30.0,2,5.0,0.75,30,10,0,1,0,0,1,1,0,1,0,0,0,0,0,1,0,1,0,0,0
1228,22.0,2,0.3,0.3,4,3,0,1,0,0,1,1,0,1,0,1,0,0,0,0,1,0,0,0,0
1229,22.0,4,1.25,0.75,10,5,0,0,1,0,1,1,1,1,0,0,0,1,0,0,0,1,0,0,0
1230,40.0,4,0.3,0.3,5,5,0,0,1,0,1,1,0,1,0,1,0,0,0,0,1,0,0,0,0
1231,30.0,4,0.75,0.75,10,10,0,0,1,0,1,1,0,1,0,0,1,0,0,0,0,1,0,0,0
1232,30.0,4,1.75,1.75,10,20,0,0,1,0,1,1,1,1,0,0,0,1,0,0,0,0,1,0,0
1233,22.0,2,0.3,0.75,5,5,0,1,0,0,0,0,0,1,0,1,0,0,0,0,0,1,0,0,0
1234,22.0,2,0.75,3.25,10,15,0,1,0,0,1,0,0,1,0,0,1,0,0,0,0,0,0,1,0
1235,22.0,4,0.75,0.3,7,5,0,0,1,0,0,0,0,1,0,0,1,0,0,0,1,0,0,0,0
1236,22.0,4,0.75,0.3,15,5,0,0,1,0,1,0,0,1,0,0,1,0,0,0,1,0,0,0,0
1237,22.0,4,0.75,0.3,10,5,0,0,1,0,0,1,1,1,0,0,1,0,0,0,1,0,0,0,0
1238,40.0,4,0.3,0.3,5,5,0,0,1,0,1,1,0,1,0,1,0,0,0,0,1,0,0,0,0
1239,30.0,4,1.25,0.3,5,3,0,0,1,0,1,1,0,1,0,0,0,1,0,0,1,0,0,0,0
1240,22.0,2,4.25,0.3,30,5,0,1,0,1,1,0,0,1,0,0,0,0,0,1,1,0,0,0,0
1241,22.0,4,2.75,0.3,20,5,0,0,1,0,1,0,0,1,0,0,0,0,1,0,1,0,0,0,0
1242,40.0,4,1.25,0.3,15,5,0,0,1,1,1,0,1,1,0,0,0,1,0,0,1,0,0,0,0
1243,30.0,4,0.3,0.3,5,2,0,0,1,0,0,1,1,1,0,1,0,0,0,0,1,0,0,0,0
1244,22.0,4,2.25,0.3,10,5,0,0,1,0,1,1,1,1,0,0,0,0,1,0,1,0,0,0,0
1245,22.0,1,0.75,0.3,10,7,1,0,0,0,1,0,0,1,0,0,1,0,0,0,1,0,0,0,0
1246,22.0,4,0.3,0.75,3,7,0,0,1,0,1,1,0,1,0,1,0,0,0,0,0,1,0,0,0
1247,22.0,4,5.0,0.3,15,5,0,0,1,0,0,0,1,1,0,0,0,0,0,1,1,0,0,0,0
1248,22.0,4,0.75,0.3,10,1,0,0,1,0,1,1,1,1,0,0,1,0,0,0,1,0,0,0,0
1249,30.0,4,0.75,0.3,15,2,0,0,1,0,1,1,1,1,0,0,1,0,0,0,1,0,0,0,0
1250,22.0,2,0.75,0.3,10,5,0,1,0,0,0,1,1,1,0,0,1,0,0,0,1,0,0,0,0
1251,30.0,4,0.3,0.75,8,10,0,0,1,0,1,1,1,1,0,1,0,0,0,0,0,1,0,0,0
1252,30.0,1,0.3,1.75,2,5,1,0,0,0,1,1,1,1,0,1,0,0,0,0,0,0,1,0,0
1253,54.0,4,0.3,0.3,5,5,0,0,1,0,0,1,1,1,0,1,0,0,0,0,1,0,0,0,0
1254,22.0,2,0.75,0.3,10,5,0,1,0,0,0,1,1,1,0,0,1,0,0,0,1,0,0,0,0
1255,22.0,4,1.25,1.75,15,10,0,0,1,1,1,1,1,1,0,0,0,1,0,0,0,0,1,0,0
1256,22.0,2,1.25,0.75,20,5,0,1,0,0,0,1,0,1,0,0,0,1,0,0,0,1,0,0,0
1257,54.0,4,0.3,3.75,5,15,0,0,1,0,1,0,1,1,0,1,0,0,0,0,0,0,0,1,0
1258,30.0,1,0.3,0.3,2,3,1,0,0,0,1,1,1,1,0,1,0,0,0,0,1,0,0,0,0
1259,30.0,1,1.75,1.75,20,20,1,0,0,0,0,0,1,1,0,0,0,1,0,0,0,0,1,0,0
1260,30.0,4,4.75,0.3,20,3,0,0,1,0,1,1,1,1,0,0,0,0,0,1,1,0,0,0,0
1261,40.0,4,0.75,1.75,13,8,0,0,1,0,1,1,0,1,0,0,1,0,0,0,0,0,1,0,0
1262,22.0,2,1.75,2.75,7,5,0,1,0,1,1,0,0,1,0,0,0,1,0,0,0,0,0,1,0
1263,22.0,4,0.3,0.75,5,10,0,0,1,0,0,0,1,1,0,1,0,0,0,0,0,1,0,0,0
1264,22.0,4,0.3,0.3,2,5,0,0,1,0,0,0,1,1,0,1,0,0,0,0,1,0,0,0,0
1265,22.0,2,0.75,5.0,5,15,0,1,0,0,1,0,0,1,0,0,1,0,0,0,0,0,0,0,1
1266,22.0,1,0.75,1.75,5,10,1,0,0,0,1,1,1,1,0,0,1,0,0,0,0,0,1,0,0
1267,30.0,1,0.75,0.3,15,3,1,0,0,0,1,1,1,1,0,0,1,0,0,0,1,0,0,0,0
1268,22.0,1,0.75,2.75,8,20,1,0,0,0,1,0,1,1,0,0,1,0,0,0,0,0,0,1,0
1269,22.0,4,0.75,0.3,8,5,0,0,1,0,0,1,1,1,0,0,1,0,0,0,1,0,0,0,0
1270,22.0,1,0.75,0.3,10,3,1,0,0,0,0,0,1,1,0,0,1,0,0,0,1,0,0,0,0
1271,30.0,1,0.3,0.75,5,15,1,0,0,0,1,1,1,1,0,1,0,0,0,0,0,1,0,0,0
1272,30.0,1,0.3,0.75,5,10,1,0,0,0,1,1,1,1,0,1,0,0,0,0,0,1,0,0,0
1273,22.0,1,3.75,0.3,20,5,1,0,0,0,1,1,1,1,0,0,0,0,1,0,1,0,0,0,0
1274,30.0,4,1.75,1.25,15,15,0,0,1,0,1,0,1,1,0,0,0,1,0,0,0,0,1,0,0
1275,22.0,4,0.3,0.75,10,10,0,0,1,0,0,1,1,1,0,1,0,0,0,0,0,1,0,0,0
1276,40.0,4,0.75,0.75,4,5,0,0,1,0,1,0,0,1,0,0,1,0,0,0,0,1,0,0,0
1277,30.0,4,0.3,0.75,3,10,0,0,1,0,1,0,0,1,0,1,0,0,0,0,0,1,0,0,0
1278,30.0,1,3.25,0.75,15,10,1,0,0,1,0,1,1,1,0,0,0,0,1,0,0,1,0,0,0
1279,30.0,2,0.75,5.0,7,10,0,1,0,0,1,0,0,1,0,0,1,0,0,0,0,0,0,0,1
1280,22.0,2,0.75,1.25,10,7,0,1,0,0,1,0,0,1,0,0,1,0,0,0,0,0,1,0,0
1281,22.0,4,0.3,0.3,5,5,0,0,1,0,0,1,1,1,0,1,0,0,0,0,1,0,0,0,0
1282,22.0,4,0.75,0.75,10,5,0,0,1,0,1,0,0,1,0,0,1,0,0,0,0,1,0,0,0
1283,30.0,4,2.75,0.3,10,5,0,0,1,0,1,0,1,1,0,0,0,0,1,0,1,0,0,0,0
1284,40.0,4,0.3,0.75,7,10,0,0,1,1,1,0,0,1,0,1,0,0,0,0,0,1,0,0,0
1285,22.0,4,0.3,0.3,5,5,0,0,1,0,1,1,1,1,0,1,0,0,0,0,1,0,0,0,0
1286,22.0,2,1.25,0.75,5,5,0,1,0,0,1,0,0,1,0,0,0,1,0,0,0,1,0,0,0
1287,22.0,4,0.3,0.3,3,7,0,0,1,0,1,0,0,1,0,1,0,0,0,0,1,0,0,0,0
1288,22.0,4,0.75,0.3,5,5,0,0,1,0,1,0,0,1,0,0,1,0,0,0,1,0,0,0,0
1289,30.0,4,0.3,0.75,5,10,0,0,1,0,1,1,1,1,0,1,0,0,0,0,0,1,0,0,0
1290,22.0,4,0.3,1.25,5,5,0,0,1,0,0,0,1,1,0,1,0,0,0,0,0,0,1,0,0
1291,30.0,4,0.3,0.3,5,3,0,0,1,0,0,1,1,1,0,1,0,0,0,0,1,0,0,0,0
1292,22.0,4,0.3,0.3,5,5,0,0,1,0,0,0,1,1,0,1,0,0,0,0,1,0,0,0,0
1293,22.0,4,0.3,0.75,3,10,0,0,1,0,1,1,1,1,0,1,0,0,0,0,0,1,0,0,0
