ID,AGE,USE,ACCESS_TIME,ACCESS_DISTANCE,EGRESS_DISTANCE,EGRESS_TIME,ALT1,ALT2,ALT3,WB,GENDER,UNO,SERO,VEHICLE,RENT
0,22.0,3,1.7999999999999998,0.5,3.75,18.69,0,0,0,0,0,1,0,0,10
1,22.0,4,1.7999999999999998,0.5,2.25,7.0,0,0,1,0,0,1,0,1,10
2,22.0,4,3.5999999999999996,0.75,0.5,0.7199999999999999,0,0,1,1,0,1,0,1,10
3,30.0,4,26.7,4.25,0.75,1.7999999999999998,0,0,1,0,0,1,0,1,10
4,40.0,4,1.7999999999999998,0.5,1.25,13.35,0,0,1,1,1,1,0,1,10
5,22.0,4,40.05,3.75,1.25,3.5999999999999996,0,0,1,0,1,1,0,1,10
6,30.0,1,26.7,5.0,5.0,45.39,1,0,0,0,0,1,0,0,10
7,22.0,1,53.4,5.0,2.75,26.7,1,0,0,0,1,1,0,1,10
8,40.0,4,1.7999999999999998,0.5,0.75,3.5999999999999996,0,0,1,0,0,1,0,1,10
9,65.0,4,66.69999999999999,2.75,3.25,53.4,0,0,1,0,1,1,0,1,10
10,22.0,4,7.199999999999999,1.75,1.25,3.5999999999999996,0,0,1,1,1,1,0,0,10
11,40.0,1,19.599999999999998,0.5,1.75,7.199999999999999,1,0,0,0,1,1,0,1,10
12,30.0,4,5.399999999999999,1.75,0.5,0.7199999999999999,0,0,1,0,1,1,0,1,10
13,22.0,1,1.7999999999999998,0.5,0.5,1.0799999999999998,1,0,0,0,1,1,0,1,10
14,22.0,3,1.0799999999999998,0.5,5.0,40.05,0,0,0,0,0,1,0,0,10
15,22.0,4,3.0,0.75,1.25,4.68,0,0,1,0,1,1,0,1,10
16,30.0,4,78.39999999999999,5.0,1.75,3.5999999999999996,0,0,1,1,1,1,0,1,10
17,22.0,1,1.7999999999999998,0.5,0.5,1.7999999999999998,1,0,0,1,1,1,0,0,10
18,40.0,4,1.0799999999999998,0.5,2.75,39.199999999999996,0,0,1,0,0,1,0,1,10
19,30.0,4,3.5999999999999996,0.75,0.5,1.7999999999999998,0,0,1,0,1,1,0,1,10
20,30.0,4,40.05,4.25,2.75,40.05,0,0,1,0,0,1,0,1,10
21,30.0,1,10.0,3.75,1.75,5.399999999999999,1,0,0,1,1,1,0,1,10
22,40.0,1,40.05,3.75,4.25,15.0,1,0,0,0,1,1,0,1,10
23,40.0,4,20.0,5.0,0.5,1.7999999999999998,0,0,1,0,0,1,0,1,10
24,30.0,4,3.5999999999999996,0.75,2.25,7.199999999999999,0,0,1,0,0,1,0,1,10
25,22.0,1,1.7999999999999998,0.5,0.5,0.7199999999999999,1,0,0,0,1,1,0,0,10
26,22.0,3,5.399999999999999,2.75,0.5,0.35999999999999993,0,0,0,0,1,1,0,1,10
27,22.0,1,0.35999999999999993,0.5,0.75,19.599999999999998,1,0,0,0,1,1,0,1,10
28,22.0,1,2.8799999999999994,0.5,0.75,3.5999999999999996,1,0,0,0,1,1,0,1,10
29,22.0,4,1.7999999999999998,0.5,0.5,1.7999999999999998,0,0,1,0,0,1,0,1,10
30,30.0,1,19.599999999999998,1.75,0.75,1.7999999999999998,1,0,0,0,1,1,0,0,10
31,30.0,4,3.5999999999999996,1.25,5.0,53.4,0,0,1,1,1,1,0,1,10
32,40.0,4,5.0,1.75,0.5,1.7999999999999998,0,0,1,0,0,1,0,1,10
33,22.0,4,0.7199999999999999,0.5,0.5,0.7199999999999999,0,0,1,1,1,1,0,1,10
34,54.0,4,26.7,1.75,1.75,26.7,0,0,1,1,1,1,0,0,10
35,30.0,2,50.025,3.75,4.75,66.69999999999999,0,1,0,1,0,1,0,1,10
36,22.0,3,1.7999999999999998,0.5,0.75,1.7999999999999998,0,0,0,0,1,1,0,1,10
37,40.0,1,26.7,2.25,2.25,26.7,1,0,0,1,1,1,0,1,10
38,30.0,4,39.199999999999996,2.75,1.25,3.5999999999999996,0,0,1,0,1,1,0,1,10
39,22.0,4,1.7999999999999998,0.5,0.5,1.7999999999999998,0,0,1,0,0,1,0,0,10
40,22.0,4,50.025,3.75,0.5,1.7999999999999998,0,0,1,0,1,1,0,1,10
41,30.0,4,8.999999999999998,1.75,1.75,3.5999999999999996,0,0,1,0,0,1,0,1,10
42,40.0,4,39.199999999999996,1.25,0.5,3.5999999999999996,0,0,1,1,1,1,0,1,10
43,22.0,1,10.0,2.75,0.75,1.7999999999999998,1,0,0,0,1,1,0,0,10
44,22.0,4,1.7999999999999998,0.5,0.5,1.7999999999999998,0,0,1,1,0,1,0,0,10
45,22.0,4,1.7999999999999998,0.5,0.5,1.7999999999999998,0,0,1,1,1,1,0,1,10
46,22.0,1,7.199999999999999,1.25,0.5,1.7999999999999998,1,0,0,1,1,1,0,0,10
48,30.0,1,26.7,1.75,0.5,1.7999999999999998,1,0,0,1,1,1,0,1,10
49,54.0,1,1.7999999999999998,0.5,2.25,26.7,1,0,0,1,0,1,0,0,10
50,30.0,4,1.7999999999999998,0.5,1.75,16.674999999999997,0,0,1,1,0,1,0,1,10
51,22.0,4,26.7,2.75,0.75,5.0,0,0,1,0,0,1,0,1,10
52,30.0,4,1.7999999999999998,0.75,0.75,3.5999999999999996,0,0,1,1,0,1,0,1,10
55,30.0,4,0.7199999999999999,0.5,0.5,0.7199999999999999,0,0,1,0,1,1,0,1,10
57,30.0,1,13.35,2.25,1.25,3.5999999999999996,1,0,0,1,1,1,0,1,10
58,22.0,4,1.7999999999999998,0.5,0.75,1.4399999999999997,0,0,1,1,0,1,0,0,10
59,30.0,4,39.199999999999996,2.25,2.25,3.5999999999999996,0,0,1,1,1,1,0,1,10
60,30.0,1,1.0799999999999998,0.5,0.5,1.7999999999999998,1,0,0,1,1,1,0,1,10
61,30.0,2,3.5999999999999996,0.5,0.5,1.4399999999999997,0,1,0,0,0,1,0,0,10
62,30.0,1,3.5999999999999996,0.75,1.25,5.399999999999999,1,0,0,0,1,1,0,1,10
63,54.0,1,1.7999999999999998,0.5,0.5,2.52,1,0,0,1,1,1,0,1,10
64,22.0,4,1.0799999999999998,0.5,0.75,3.5999999999999996,0,0,1,0,1,1,0,1,10
65,22.0,1,3.5999999999999996,0.75,1.25,26.7,1,0,0,0,1,1,0,1,10
66,22.0,4,2.8799999999999994,0.75,0.5,1.4399999999999997,0,0,1,1,0,1,0,0,10
67,22.0,1,3.5999999999999996,1.25,2.75,10.0,1,0,0,0,0,1,0,1,10
68,22.0,2,1.7999999999999998,0.5,3.75,66.75,0,1,0,0,1,1,0,0,10
69,30.0,4,0.7199999999999999,0.5,5.0,98.0,0,0,1,1,1,1,0,1,10
70,22.0,1,2.52,0.5,0.75,5.399999999999999,1,0,0,0,0,1,0,0,10
71,40.0,4,0.7199999999999999,0.5,1.75,3.5999999999999996,0,0,1,0,1,1,0,0,10
72,22.0,4,33.349999999999994,1.75,0.5,1.7999999999999998,0,0,1,0,1,1,0,1,10
73,30.0,4,70.56,2.75,1.75,4.68,0,0,1,0,1,1,0,1,10
74,30.0,4,0.7199999999999999,0.5,3.25,58.8,0,0,1,1,1,1,0,1,10
75,22.0,4,3.5999999999999996,0.75,0.5,1.7999999999999998,0,0,1,0,1,1,0,1,10
0,22.0,1,3.5999999999999996,0.75,0.75,3.5999999999999996,1,0,0,0,0,1,0,1,5
1,22.0,1,5.399999999999999,1.25,0.5,1.7999999999999998,1,0,0,0,0,1,0,1,5
2,22.0,2,3.5999999999999996,0.5,0.5,1.7999999999999998,0,1,0,1,1,1,0,1,5
4,22.0,1,3.5999999999999996,1.25,2.75,33.349999999999994,1,0,0,1,1,1,0,0,5
5,22.0,2,10.0,1.25,0.5,1.7999999999999998,0,1,0,0,0,1,0,1,5
6,22.0,4,1.7999999999999998,0.5,0.5,1.7999999999999998,0,0,1,1,0,1,0,1,5
7,22.0,4,7.199999999999999,1.25,0.5,1.7999999999999998,0,0,1,1,1,1,0,1,5
8,22.0,4,3.5999999999999996,0.75,0.75,3.5999999999999996,0,0,1,1,0,1,0,1,5
9,30.0,2,26.7,2.75,0.75,3.5999999999999996,0,1,0,1,0,1,0,1,5
10,22.0,4,39.199999999999996,1.25,0.5,0.7199999999999999,0,0,1,0,1,1,0,1,5
11,54.0,4,1.7999999999999998,0.5,0.5,1.7999999999999998,0,0,1,1,1,1,0,0,5
12,22.0,4,3.5999999999999996,0.75,0.75,3.5999999999999996,0,0,1,0,0,1,0,0,5
13,22.0,4,53.4,5.0,0.75,3.5999999999999996,0,0,1,1,0,1,0,0,5
14,30.0,4,1.0799999999999998,0.5,0.75,10.005,0,0,1,1,1,1,0,1,5
15,30.0,2,39.199999999999996,2.75,2.75,39.199999999999996,0,1,0,1,1,1,0,1,5
16,30.0,3,1.7999999999999998,0.5,0.5,1.4399999999999997,0,0,0,1,1,1,0,0,5
17,54.0,4,1.0799999999999998,0.5,1.75,26.7,0,0,1,1,1,1,0,0,5
18,22.0,4,58.8,3.75,1.75,27.44,0,0,1,1,1,1,0,1,5
20,22.0,1,3.5999999999999996,0.75,0.75,3.5999999999999996,1,0,0,0,0,1,0,1,5
21,22.0,2,1.7999999999999998,0.5,0.5,1.7999999999999998,0,1,0,0,0,1,0,1,5
23,30.0,4,1.7999999999999998,0.5,2.75,10.0,0,0,1,1,1,1,0,0,5
24,22.0,1,1.7999999999999998,0.5,0.5,3.5999999999999996,1,0,0,0,0,1,0,1,5
25,22.0,2,2.8799999999999994,0.75,0.5,1.7999999999999998,0,1,0,0,0,1,0,1,5
27,22.0,1,0.7199999999999999,0.5,0.5,0.35999999999999993,1,0,0,0,1,1,0,1,5
28,40.0,1,15.0,3.75,0.75,3.5999999999999996,1,0,0,1,0,1,0,1,5
29,22.0,4,10.0,2.25,1.75,26.7,0,0,1,0,0,1,0,1,5
30,22.0,4,5.399999999999999,1.25,0.5,0.7199999999999999,0,0,1,0,1,1,0,1,5
31,40.0,4,1.7999999999999998,0.5,0.5,1.7999999999999998,0,0,1,0,1,1,0,0,5
32,30.0,4,4.68,1.25,1.25,7.199999999999999,0,0,1,0,1,1,0,0,5
33,22.0,4,33.349999999999994,0.5,0.5,1.7999999999999998,0,0,1,1,1,1,0,1,5
36,22.0,4,1.7999999999999998,0.5,0.75,3.5999999999999996,0,0,1,1,0,1,0,0,5
37,22.0,2,2.8799999999999994,0.5,2.25,26.7,0,1,0,0,0,1,0,1,5
38,54.0,4,7.199999999999999,1.75,0.75,3.5999999999999996,0,0,1,1,1,1,0,1,5
39,22.0,1,78.39999999999999,5.0,0.5,0.7199999999999999,1,0,0,0,1,1,0,1,5
40,30.0,1,39.199999999999996,4.25,0.75,3.5999999999999996,1,0,0,1,1,1,0,1,5
41,30.0,2,1.7999999999999998,0.5,0.75,3.5999999999999996,0,1,0,1,1,1,0,0,5
42,30.0,1,3.5999999999999996,0.75,0.5,1.0799999999999998,1,0,0,1,1,1,0,1,5
43,40.0,1,3.5999999999999996,0.75,3.75,58.8,1,0,0,1,1,1,0,1,5
44,54.0,1,1.7999999999999998,0.5,3.25,39.199999999999996,1,0,0,0,1,1,0,1,5
45,22.0,1,2.52,0.75,2.25,10.0,1,0,0,0,0,1,0,0,5
46,22.0,2,0.7199999999999999,0.5,2.25,13.35,0,1,0,0,0,1,0,1,5
49,22.0,1,58.8,1.25,0.5,0.35999999999999993,1,0,0,1,1,1,0,1,5
50,22.0,4,0.35999999999999993,0.5,0.5,0.35999999999999993,0,0,1,1,1,1,0,1,5
51,22.0,1,39.199999999999996,3.25,0.75,3.5999999999999996,1,0,0,0,1,1,0,1,5
53,40.0,3,40.05,2.75,0.5,0.35999999999999993,0,0,0,0,1,1,0,0,5
54,22.0,4,0.7199999999999999,0.5,0.5,1.7999999999999998,0,0,1,0,1,1,0,1,5
55,22.0,1,19.599999999999998,1.25,0.5,0.7199999999999999,1,0,0,1,1,1,0,1,5
56,22.0,4,3.5999999999999996,0.75,0.75,3.5999999999999996,0,0,1,0,0,1,0,0,5
57,40.0,1,1.7999999999999998,0.5,0.75,3.5999999999999996,1,0,0,0,1,1,0,1,5
58,30.0,2,5.399999999999999,1.25,1.75,7.199999999999999,0,1,0,1,1,1,0,1,5
59,22.0,4,39.199999999999996,1.25,0.5,0.7199999999999999,0,0,1,1,1,1,0,1,5
60,22.0,4,1.7999999999999998,0.5,0.5,1.4399999999999997,0,0,1,1,0,1,0,0,5
61,40.0,3,39.199999999999996,2.75,0.75,1.7999999999999998,0,0,0,1,1,1,0,1,5
62,22.0,1,3.5999999999999996,0.75,0.5,1.7999999999999998,1,0,0,0,1,1,0,1,5
63,30.0,4,3.5999999999999996,0.5,0.5,3.5999999999999996,0,0,1,1,1,1,0,1,5
64,22.0,1,1.7999999999999998,0.5,0.75,3.5999999999999996,1,0,0,0,1,1,0,0,5
65,40.0,4,1.7999999999999998,0.5,0.5,0.7199999999999999,0,0,1,1,1,1,0,1,5
66,40.0,4,3.5999999999999996,0.75,0.5,1.4399999999999997,0,0,1,1,0,1,0,1,5
67,22.0,1,7.199999999999999,0.75,0.5,1.4399999999999997,1,0,0,0,0,1,0,1,5
68,22.0,4,1.7999999999999998,0.5,1.25,5.399999999999999,0,0,1,1,0,1,0,1,5
69,22.0,1,3.5999999999999996,0.75,1.25,8.0,1,0,0,1,1,1,0,1,5
70,40.0,4,40.05,2.25,0.5,3.5999999999999996,0,0,1,1,0,1,0,0,5
71,22.0,4,40.05,4.25,0.5,1.7999999999999998,0,0,1,1,0,1,0,1,5
72,30.0,4,16.674999999999997,2.75,0.75,3.5999999999999996,0,0,1,0,1,1,0,0,5
73,22.0,1,40.05,4.75,0.75,3.5999999999999996,1,0,0,1,0,1,0,0,5
74,22.0,4,1.7999999999999998,0.5,0.5,1.4399999999999997,0,0,1,0,0,1,0,1,5
75,30.0,4,1.7999999999999998,0.5,1.25,26.7,0,0,1,1,1,1,0,0,5
76,22.0,4,20.0,5.0,5.0,98.0,0,0,1,0,1,1,0,1,5
77,22.0,1,1.7999999999999998,0.5,0.5,2.52,1,0,0,0,1,1,0,1,5
78,22.0,3,1.0799999999999998,0.5,0.75,2.1599999999999997,0,0,0,0,1,1,0,0,5
79,22.0,4,3.5999999999999996,0.5,2.75,58.8,0,0,1,0,1,1,0,1,5
80,22.0,1,3.5999999999999996,0.75,0.75,3.5999999999999996,1,0,0,0,1,1,0,1,5
81,30.0,4,2.52,0.5,1.75,13.35,0,0,1,1,0,1,0,1,5
82,22.0,4,1.7999999999999998,0.5,0.75,3.5999999999999996,0,0,1,0,1,1,0,1,5
83,54.0,4,1.7999999999999998,0.5,0.5,1.0799999999999998,0,0,1,1,1,1,0,1,5
84,22.0,4,1.7999999999999998,0.5,0.5,0.7199999999999999,0,0,1,0,0,1,0,1,5
85,22.0,4,0.7199999999999999,0.5,0.5,0.7199999999999999,0,0,1,0,1,1,0,1,5
87,22.0,1,13.35,1.25,0.5,0.7199999999999999,1,0,0,1,0,1,0,1,5
88,22.0,4,15.0,3.75,3.25,5.399999999999999,0,0,1,0,1,1,0,1,5
89,22.0,4,39.199999999999996,3.25,0.5,0.7199999999999999,0,0,1,1,1,1,0,1,5
90,40.0,1,19.599999999999998,0.75,0.5,0.7199999999999999,1,0,0,1,1,1,0,1,5
91,30.0,1,19.599999999999998,0.75,0.5,1.7999999999999998,1,0,0,1,1,1,0,1,5
92,22.0,4,0.7199999999999999,0.5,0.75,3.5999999999999996,0,0,1,0,0,1,0,0,5
93,22.0,3,2.8799999999999994,0.75,0.75,3.5999999999999996,0,0,0,0,0,1,0,0,5
94,22.0,4,3.5999999999999996,0.75,0.5,1.0799999999999998,0,0,1,1,1,1,0,1,5
95,22.0,1,3.5999999999999996,0.75,0.5,0.7199999999999999,1,0,0,0,1,1,0,1,5
96,22.0,4,26.7,1.75,0.5,0.7199999999999999,0,0,1,1,0,1,0,1,5
97,22.0,4,3.5999999999999996,0.75,0.5,1.0799999999999998,0,0,1,0,0,1,0,1,5
98,22.0,4,2.8799999999999994,0.75,2.25,7.199999999999999,0,0,1,1,0,1,0,1,5
99,22.0,4,3.5999999999999996,0.75,1.75,19.599999999999998,0,0,1,1,0,1,0,1,5
100,22.0,1,1.7999999999999998,0.5,0.75,3.5999999999999996,1,0,0,0,1,1,0,1,5
102,30.0,4,2.0,0.5,0.75,1.7999999999999998,0,0,1,1,1,1,0,1,5
103,22.0,4,15.0,2.25,0.5,1.7999999999999998,0,0,1,0,1,1,0,0,5
104,22.0,1,2.52,0.75,3.25,26.7,1,0,0,1,0,1,0,1,5
105,30.0,4,1.7999999999999998,0.5,0.5,5.0,0,0,1,0,0,1,0,1,5
106,22.0,1,3.5999999999999996,0.75,0.75,3.5999999999999996,1,0,0,0,1,1,0,1,5
107,22.0,4,1.7999999999999998,0.5,3.25,26.7,0,0,1,0,1,1,0,1,5
108,22.0,2,1.7999999999999998,0.75,0.5,1.7999999999999998,0,1,0,0,0,1,0,1,5
109,22.0,2,1.7999999999999998,0.5,0.5,1.7999999999999998,0,1,0,0,0,1,0,0,5
110,22.0,4,50.025,4.25,1.75,15.0,0,0,1,0,1,1,0,1,5
111,22.0,1,3.5999999999999996,0.75,0.5,0.7199999999999999,1,0,0,1,1,1,0,1,5
112,40.0,4,1.7999999999999998,0.5,0.5,1.7999999999999998,0,0,1,1,1,1,0,0,5
113,30.0,4,1.7999999999999998,0.5,0.5,1.7999999999999998,0,0,1,0,0,1,0,1,5
114,40.0,4,40.05,2.75,1.25,5.399999999999999,0,0,1,1,1,1,0,0,5
115,40.0,1,2.52,0.5,0.5,0.7199999999999999,1,0,0,1,1,1,0,1,5
116,22.0,4,0.7199999999999999,0.5,0.5,0.7199999999999999,0,0,1,0,1,1,0,1,5
117,30.0,2,0.7199999999999999,0.5,0.5,1.0799999999999998,0,1,0,1,0,1,0,0,5
118,30.0,4,1.7999999999999998,0.5,0.75,3.5999999999999996,0,0,1,1,1,1,0,0,5
120,22.0,4,1.7999999999999998,0.75,0.5,1.0799999999999998,0,0,1,0,1,1,0,1,5
121,22.0,4,1.7999999999999998,0.5,0.5,3.5999999999999996,0,0,1,0,0,1,0,1,5
122,30.0,1,39.199999999999996,3.25,2.25,39.199999999999996,1,0,0,1,1,1,0,0,5
123,22.0,2,1.0799999999999998,0.5,0.5,1.7999999999999998,0,1,0,0,0,1,0,1,5
124,22.0,4,2.52,0.75,1.75,6.119999999999999,0,0,1,0,0,1,0,1,5
125,22.0,1,7.199999999999999,1.25,0.75,3.5999999999999996,1,0,0,1,1,1,0,1,5
126,22.0,4,3.5999999999999996,0.75,0.75,3.2399999999999993,0,0,1,1,1,1,0,0,5
127,22.0,2,1.7999999999999998,0.5,0.5,0.7199999999999999,0,1,0,1,0,1,0,1,5
128,22.0,4,2.52,0.5,0.5,2.52,0,0,1,0,0,1,0,0,5
129,30.0,2,40.05,1.75,4.25,25.0,0,1,0,0,0,1,0,0,5
130,22.0,2,1.7999999999999998,0.5,0.75,3.5999999999999996,0,1,0,1,1,1,0,1,5
131,22.0,4,26.7,2.25,0.5,6.119999999999999,0,0,1,0,0,1,0,1,5
132,30.0,4,26.7,3.75,0.75,3.5999999999999996,0,0,1,0,0,1,0,1,5
133,22.0,1,1.4399999999999997,0.5,0.5,1.4399999999999997,1,0,0,0,1,1,0,1,5
134,22.0,1,3.5999999999999996,0.75,0.75,3.5999999999999996,1,0,0,1,1,1,0,1,5
135,40.0,1,5.399999999999999,1.25,0.75,1.7999999999999998,1,0,0,1,1,1,0,1,5
137,22.0,4,6.0,1.75,2.25,5.399999999999999,0,0,1,1,1,1,0,0,5
138,22.0,1,13.35,1.25,0.5,1.7999999999999998,1,0,0,1,1,1,0,0,5
139,30.0,1,3.5999999999999996,0.75,0.75,31.36,1,0,0,1,1,1,0,1,5
140,30.0,1,1.7999999999999998,0.5,3.75,58.8,1,0,0,1,1,1,0,1,5
142,30.0,1,0.7199999999999999,0.5,2.75,58.8,1,0,0,1,1,1,0,1,5
143,22.0,4,1.7999999999999998,0.5,0.5,0.7199999999999999,0,0,1,0,0,1,0,1,5
144,30.0,4,27.44,2.25,4.25,26.7,0,0,1,1,0,1,0,0,5
145,30.0,4,98.0,5.0,0.5,1.7999999999999998,0,0,1,0,1,1,0,1,5
146,30.0,1,2.1599999999999997,0.5,0.5,1.7999999999999998,1,0,0,0,0,1,0,1,5
147,22.0,4,78.39999999999999,5.0,1.25,3.5999999999999996,0,0,1,1,0,1,0,1,5
148,30.0,1,1.7999999999999998,0.5,0.5,1.7999999999999998,1,0,0,1,1,1,0,0,5
149,22.0,4,1.7999999999999998,0.5,0.5,1.7999999999999998,0,0,1,0,0,1,0,0,5
150,22.0,4,1.0799999999999998,0.5,1.25,16.02,0,0,1,1,0,1,0,1,5
151,22.0,4,78.39999999999999,5.0,0.5,1.7999999999999998,0,0,1,1,1,1,0,1,5
152,40.0,4,1.7999999999999998,0.5,0.75,3.5999999999999996,0,0,1,1,0,1,0,1,5
153,30.0,2,5.0,2.25,2.75,40.05,0,1,0,1,0,1,0,1,5
154,54.0,1,1.7999999999999998,0.5,0.5,1.7999999999999998,1,0,0,0,1,1,0,1,5
155,22.0,2,1.0799999999999998,0.5,0.5,0.7199999999999999,0,1,0,0,0,1,0,0,5
156,22.0,4,2.52,0.5,1.25,4.68,0,0,1,0,0,1,0,1,5
157,30.0,1,3.5999999999999996,0.75,1.25,7.199999999999999,1,0,0,1,1,1,0,1,5
158,22.0,2,5.399999999999999,1.25,0.5,1.7999999999999998,0,1,0,0,0,1,0,1,5
159,22.0,4,2.52,0.75,0.5,1.7999999999999998,0,0,1,0,0,1,0,1,5
160,54.0,4,1.7999999999999998,0.5,1.25,5.399999999999999,0,0,1,0,1,1,0,0,5
161,22.0,4,7.84,0.5,0.5,1.7999999999999998,0,0,1,1,1,1,0,1,5
162,22.0,1,2.52,0.75,0.75,2.52,1,0,0,0,0,1,0,1,5
163,40.0,2,3.5999999999999996,0.75,0.75,3.5999999999999996,0,1,0,0,1,1,0,0,5
164,22.0,2,15.0,4.75,0.5,1.7999999999999998,0,1,0,0,0,1,0,1,5
165,54.0,4,7.0,2.25,0.75,3.5999999999999996,0,0,1,0,0,1,0,1,5
166,22.0,4,5.399999999999999,1.75,0.5,1.7999999999999998,0,0,1,1,1,1,0,1,5
167,30.0,1,1.7999999999999998,0.5,1.25,18.69,1,0,0,1,0,1,0,1,5
168,22.0,2,1.7999999999999998,0.5,0.5,1.4399999999999997,0,1,0,1,0,1,0,1,5
169,54.0,4,1.7999999999999998,0.5,0.75,3.5999999999999996,0,0,1,1,0,1,0,1,5
170,30.0,4,0.7199999999999999,0.5,1.75,26.7,0,0,1,1,1,1,0,1,5
171,22.0,4,1.7999999999999998,0.5,0.5,1.0799999999999998,0,0,1,1,1,1,0,1,5
172,22.0,2,3.5999999999999996,0.75,1.25,4.68,0,1,0,0,0,1,0,0,5
173,22.0,4,3.5999999999999996,0.75,0.5,1.7999999999999998,0,0,1,0,0,1,0,1,5
174,30.0,4,1.0799999999999998,0.5,0.5,0.7199999999999999,0,0,1,1,1,1,0,0,5
175,22.0,4,2.52,0.5,0.75,3.5999999999999996,0,0,1,0,0,1,0,0,5
176,22.0,2,1.7999999999999998,0.5,3.25,20.0,0,1,0,0,0,1,0,1,5
177,22.0,3,1.7999999999999998,0.5,0.5,1.7999999999999998,0,0,0,0,0,1,0,0,5
178,22.0,2,1.7999999999999998,0.5,1.25,5.399999999999999,0,1,0,0,0,1,0,1,5
179,22.0,2,2.52,0.5,0.5,1.7999999999999998,0,1,0,0,0,1,0,0,5
180,22.0,2,1.7999999999999998,0.5,0.75,2.1599999999999997,0,1,0,1,0,1,0,0,5
181,22.0,4,2.52,0.75,0.75,3.5999999999999996,0,0,1,1,0,1,0,0,5
182,22.0,2,1.0799999999999998,0.5,0.75,2.52,0,1,0,0,0,1,0,1,5
183,22.0,4,2.8799999999999994,0.75,1.25,5.399999999999999,0,0,1,0,0,1,0,1,5
184,22.0,4,1.7999999999999998,0.5,0.75,3.5999999999999996,0,0,1,0,0,1,0,1,5
185,22.0,4,25.0,5.0,0.75,3.5999999999999996,0,0,1,0,1,1,0,1,5
186,54.0,3,1.7999999999999998,0.5,0.5,0.7199999999999999,0,0,0,1,1,1,0,1,5
187,22.0,2,1.7999999999999998,0.5,0.75,3.5999999999999996,0,1,0,0,0,1,0,0,5
188,22.0,4,1.7999999999999998,0.5,1.25,5.399999999999999,0,0,1,0,0,1,0,1,5
189,22.0,3,0.7199999999999999,0.5,0.75,1.7999999999999998,0,0,0,1,1,1,0,1,5
190,30.0,3,2.52,0.75,0.5,0.35999999999999993,0,0,0,1,1,1,0,0,5
191,22.0,4,3.5999999999999996,0.75,0.5,1.7999999999999998,0,0,1,1,1,1,0,1,5
192,22.0,4,1.7999999999999998,0.5,0.75,3.5999999999999996,0,0,1,0,1,1,0,1,5
193,30.0,4,7.199999999999999,1.75,5.0,83.375,0,0,1,0,1,1,0,1,5
194,40.0,4,78.39999999999999,4.75,2.25,33.349999999999994,0,0,1,1,1,1,0,1,5
195,22.0,4,2.1599999999999997,0.5,0.75,2.52,0,0,1,0,1,1,0,1,5
196,54.0,4,3.5999999999999996,0.75,0.75,3.5999999999999996,0,0,1,1,1,1,0,0,5
197,30.0,4,3.5999999999999996,1.25,1.25,3.5999999999999996,0,0,1,1,1,1,0,1,5
198,22.0,2,0.7199999999999999,0.5,0.75,5.0,0,1,0,0,0,1,0,1,5
199,22.0,1,0.7199999999999999,0.5,3.25,7.199999999999999,1,0,0,0,0,1,0,1,5
200,22.0,1,39.199999999999996,3.25,0.75,3.5999999999999996,1,0,0,1,1,1,0,1,5
201,30.0,1,5.399999999999999,1.25,1.25,5.399999999999999,1,0,0,1,1,1,0,1,5
202,22.0,2,2.52,0.75,0.75,3.5999999999999996,0,1,0,0,0,1,0,1,5
203,22.0,2,1.7999999999999998,0.5,1.25,3.5999999999999996,0,1,0,0,0,1,0,1,5
204,54.0,1,19.599999999999998,1.25,0.5,1.7999999999999998,1,0,0,0,1,1,0,1,5
205,22.0,3,1.7999999999999998,0.5,0.75,5.399999999999999,0,0,0,1,1,1,0,1,5
206,22.0,4,21.36,1.75,0.5,3.5999999999999996,0,0,1,0,1,1,0,1,5
207,22.0,4,58.8,3.75,0.5,1.7999999999999998,0,0,1,0,1,1,0,1,5
208,22.0,2,13.35,3.25,0.75,2.52,0,1,0,0,0,1,0,1,5
209,30.0,2,26.7,1.25,0.5,0.7199999999999999,0,1,0,0,0,1,0,0,5
211,22.0,2,19.599999999999998,2.25,0.75,2.52,0,1,0,0,0,1,0,1,5
212,22.0,4,1.7999999999999998,0.5,3.75,39.199999999999996,0,0,1,0,1,1,0,1,5
213,30.0,4,11.760000000000002,0.75,1.75,7.199999999999999,0,0,1,1,1,1,0,0,5
215,22.0,1,15.0,5.0,0.75,3.5999999999999996,1,0,0,0,1,1,0,1,5
216,22.0,4,1.7999999999999998,0.5,0.5,1.7999999999999998,0,0,1,0,1,1,0,0,5
217,22.0,1,1.7999999999999998,0.5,0.5,1.7999999999999998,1,0,0,0,1,1,0,1,5
218,22.0,4,1.7999999999999998,0.5,0.5,1.7999999999999998,0,0,1,1,1,1,0,1,5
219,40.0,4,1.7999999999999998,0.5,0.75,3.5999999999999996,0,0,1,1,1,1,0,1,5
220,22.0,1,3.5999999999999996,0.75,0.75,3.5999999999999996,1,0,0,0,1,1,0,1,5
221,30.0,4,5.399999999999999,0.75,0.75,1.7999999999999998,0,0,1,1,1,1,0,1,5
222,30.0,4,3.5999999999999996,1.25,0.75,1.7999999999999998,0,0,1,0,1,1,0,1,5
223,22.0,1,1.7999999999999998,0.5,0.5,0.7199999999999999,1,0,0,0,1,1,0,1,5
224,22.0,4,0.7199999999999999,0.5,0.5,1.7999999999999998,0,0,1,0,1,1,0,1,5
225,22.0,4,3.5999999999999996,0.75,0.5,1.7999999999999998,0,0,1,0,1,1,0,1,5
227,22.0,4,0.7199999999999999,0.5,0.5,1.7999999999999998,0,0,1,1,1,1,0,1,5
228,30.0,4,1.7999999999999998,0.75,1.75,5.399999999999999,0,0,1,0,1,1,0,1,5
231,30.0,1,3.5999999999999996,0.5,5.0,78.39999999999999,1,0,0,1,1,1,0,1,5
232,40.0,4,3.5999999999999996,0.75,0.5,1.7999999999999998,0,0,1,1,1,1,0,1,5
233,30.0,2,1.7999999999999998,0.5,0.5,0.7199999999999999,0,1,0,1,1,1,0,1,5
234,30.0,1,3.5999999999999996,0.75,0.75,1.7999999999999998,1,0,0,1,1,1,0,0,5
235,30.0,1,3.5999999999999996,0.75,0.75,3.5999999999999996,1,0,0,1,1,1,0,0,5
236,40.0,1,33.349999999999994,2.75,0.5,1.0799999999999998,1,0,0,1,1,1,0,1,5
237,30.0,4,1.0799999999999998,0.5,0.5,1.7999999999999998,0,0,1,0,1,1,0,0,5
238,22.0,2,3.5999999999999996,0.75,4.75,66.69999999999999,0,1,0,1,1,1,0,1,5
239,30.0,2,2.8799999999999994,0.75,0.5,0.7199999999999999,0,1,0,1,1,1,0,1,5
240,22.0,3,1.7999999999999998,0.5,0.5,1.4399999999999997,0,0,0,1,0,1,0,0,5
241,22.0,4,19.599999999999998,1.25,0.5,2.52,0,0,1,0,1,1,0,1,5
242,30.0,4,1.7999999999999998,0.5,2.25,13.35,0,0,1,1,1,1,0,1,5
243,30.0,4,0.7199999999999999,0.5,0.75,3.5999999999999996,0,0,1,1,1,1,0,1,5
244,30.0,3,1.7999999999999998,0.5,0.5,1.0799999999999998,0,0,0,1,0,1,0,0,5
245,30.0,4,1.0799999999999998,0.5,0.75,3.5999999999999996,0,0,1,0,1,1,0,0,5
246,40.0,4,2.52,0.75,0.5,1.7999999999999998,0,0,1,1,1,1,0,1,5
247,40.0,1,10.0,2.25,0.5,1.7999999999999998,1,0,0,1,1,1,0,1,5
248,22.0,4,1.7999999999999998,0.5,0.75,3.5999999999999996,0,0,1,0,1,1,0,0,5
249,22.0,1,32.04,1.25,0.5,1.0799999999999998,1,0,0,1,0,1,0,1,5
250,22.0,4,58.8,5.0,0.75,3.5999999999999996,0,0,1,0,1,1,0,1,5
251,30.0,4,0.7199999999999999,0.5,0.75,3.5999999999999996,0,0,1,0,1,1,0,1,5
252,40.0,4,1.7999999999999998,0.5,0.5,1.7999999999999998,0,0,1,1,1,1,0,1,5
253,30.0,4,3.5999999999999996,0.75,0.5,1.4399999999999997,0,0,1,1,1,1,0,1,5
254,30.0,4,1.4399999999999997,0.5,0.5,1.7999999999999998,0,0,1,0,1,1,0,1,5
255,22.0,1,1.7999999999999998,0.5,0.5,1.7999999999999998,1,0,0,0,1,1,0,0,5
256,22.0,4,58.8,4.75,2.25,58.8,0,0,1,1,1,1,0,1,5
257,22.0,4,66.69999999999999,4.75,0.5,2.52,0,0,1,0,0,1,0,1,5
258,22.0,4,3.5999999999999996,0.75,0.5,0.7199999999999999,0,0,1,0,1,1,0,1,5
259,22.0,2,78.39999999999999,2.75,0.5,1.7999999999999998,0,1,0,0,1,1,0,1,5
260,22.0,1,20.0,2.75,0.75,16.674999999999997,1,0,0,0,0,1,0,1,5
261,22.0,4,10.0,1.75,0.5,2.52,0,0,1,0,1,1,0,1,5
262,22.0,1,5.399999999999999,0.5,0.5,2.8799999999999994,1,0,0,0,0,1,0,0,5
264,30.0,1,58.8,2.75,0.5,3.5999999999999996,1,0,0,1,1,1,0,1,5
265,40.0,4,0.7199999999999999,0.75,2.75,58.8,0,0,1,1,1,1,0,1,5
266,22.0,4,7.199999999999999,1.25,1.25,3.5999999999999996,0,0,1,1,1,1,0,1,5
267,22.0,4,3.5999999999999996,0.75,0.75,3.5999999999999996,0,0,1,0,1,1,0,1,5
268,22.0,1,3.5999999999999996,0.5,0.5,3.5999999999999996,1,0,0,0,1,1,0,1,5
269,30.0,1,23.520000000000003,1.25,1.25,5.0,1,0,0,1,0,1,0,1,5
270,30.0,4,2.1599999999999997,0.5,0.5,1.7999999999999998,0,0,1,1,1,1,0,1,5
271,22.0,3,5.0,1.75,2.75,40.05,0,0,0,1,1,1,0,1,5
272,30.0,4,1.7999999999999998,0.75,2.25,26.7,0,0,1,0,1,1,0,1,5
274,22.0,4,15.0,2.75,0.5,0.7199999999999999,0,0,1,0,1,1,0,1,5
275,30.0,4,1.7999999999999998,0.5,0.5,2.8799999999999994,0,0,1,0,0,1,0,0,5
276,40.0,4,3.5999999999999996,0.75,1.25,5.399999999999999,0,0,1,1,1,1,0,1,5
277,40.0,4,3.5999999999999996,1.25,0.5,3.5999999999999996,0,0,1,0,1,1,0,1,5
281,30.0,1,3.5999999999999996,0.75,2.75,66.69999999999999,1,0,0,0,0,1,0,1,5
282,30.0,4,1.7999999999999998,0.75,0.5,1.7999999999999998,0,0,1,1,1,1,0,1,5
283,22.0,4,58.8,1.75,0.5,1.7999999999999998,0,0,1,0,1,1,0,0,5
284,22.0,4,19.599999999999998,1.25,0.5,2.1599999999999997,0,0,1,0,1,1,0,1,5
285,22.0,4,1.7999999999999998,0.5,0.75,3.5999999999999996,0,0,1,0,0,1,0,0,5
286,22.0,4,2.1599999999999997,0.5,0.5,2.8799999999999994,0,0,1,1,1,1,0,1,5
287,22.0,4,1.7999999999999998,0.5,0.5,1.0799999999999998,0,0,1,0,1,1,0,1,5
288,22.0,4,15.0,5.0,1.75,26.7,0,0,1,0,0,1,0,1,5
289,22.0,4,5.0,0.75,0.5,1.7999999999999998,0,0,1,1,1,1,0,1,5
291,22.0,1,5.399999999999999,0.75,0.75,3.5999999999999996,1,0,0,1,0,1,0,1,5
292,22.0,1,3.5999999999999996,0.75,1.25,5.399999999999999,1,0,0,0,1,1,0,0,5
293,30.0,4,5.399999999999999,0.75,0.75,3.5999999999999996,0,0,1,1,1,1,0,0,5
294,40.0,4,5.399999999999999,1.25,0.5,1.7999999999999998,0,0,1,1,1,1,0,1,5
295,22.0,4,3.5999999999999996,0.75,0.5,1.0799999999999998,0,0,1,0,1,1,0,0,5
296,22.0,4,10.0,2.25,1.25,3.5999999999999996,0,0,1,0,1,1,0,1,5
297,22.0,4,1.7999999999999998,0.5,0.5,1.7999999999999998,0,0,1,0,1,1,0,1,5
298,30.0,1,39.199999999999996,3.25,1.25,5.399999999999999,1,0,0,0,1,1,0,0,5
299,30.0,4,1.0799999999999998,0.5,0.5,1.7999999999999998,0,0,1,1,1,1,0,0,5
300,22.0,4,7.199999999999999,1.25,5.0,78.39999999999999,0,0,1,1,1,1,0,1,5
301,22.0,4,3.5999999999999996,0.75,3.25,53.4,0,0,1,1,0,1,0,1,5
302,22.0,2,3.5999999999999996,0.75,1.25,4.68,0,1,0,1,0,1,0,0,5
304,22.0,4,39.199999999999996,2.25,0.75,1.7999999999999998,0,0,1,0,0,1,0,1,5
305,22.0,2,1.7999999999999998,0.5,1.75,5.399999999999999,0,1,0,0,0,1,0,1,5
306,30.0,4,2.52,0.5,2.25,10.68,0,0,1,1,0,1,0,1,5
307,22.0,4,1.7999999999999998,0.75,0.5,1.7999999999999998,0,0,1,0,0,1,0,1,5
308,22.0,4,3.5999999999999996,0.75,0.5,2.52,0,0,1,1,0,1,0,0,5
309,40.0,3,1.0799999999999998,0.5,1.25,8.0,0,0,0,0,1,1,0,0,5
310,30.0,4,50.025,2.25,0.5,1.4399999999999997,0,0,1,0,0,1,0,1,5
311,30.0,4,1.7999999999999998,0.5,0.75,2.52,0,0,1,1,0,1,0,1,5
312,22.0,2,40.05,3.75,0.5,2.52,0,1,0,0,0,1,0,0,5
313,30.0,4,40.05,3.25,0.5,1.7999999999999998,0,0,1,0,0,1,0,1,5
314,22.0,4,0.7199999999999999,0.5,0.5,3.5999999999999996,0,0,1,0,0,1,0,0,5
315,22.0,4,0.7199999999999999,0.5,0.5,1.0799999999999998,0,0,1,1,0,1,0,0,5
316,30.0,4,1.7999999999999998,0.5,1.25,5.399999999999999,0,0,1,1,0,1,0,0,5
317,30.0,4,26.7,1.25,0.5,1.7999999999999998,0,0,1,0,0,1,0,0,5
318,22.0,4,5.399999999999999,1.75,0.5,1.7999999999999998,0,0,1,0,0,1,0,0,5
319,54.0,4,40.05,3.25,1.25,5.399999999999999,0,0,1,0,0,1,0,1,5
320,22.0,2,10.0,3.25,0.75,2.52,0,1,0,0,0,1,0,1,5
321,40.0,4,4.319999999999999,1.25,0.5,1.7999999999999998,0,0,1,0,1,1,0,1,5
322,22.0,4,0.7199999999999999,0.5,0.75,2.52,0,0,1,0,0,1,0,1,5
323,22.0,2,1.7999999999999998,0.5,1.75,3.0,0,1,0,0,0,1,0,1,5
324,22.0,4,1.7999999999999998,0.5,0.75,2.8799999999999994,0,0,1,1,0,1,0,1,5
325,54.0,4,3.5999999999999996,0.5,0.5,2.8799999999999994,0,0,1,0,0,1,0,0,5
326,22.0,2,2.8799999999999994,0.75,0.5,1.7999999999999998,0,1,0,0,0,1,0,1,5
327,30.0,4,20.0,5.0,4.25,26.7,0,0,1,0,0,1,0,1,5
328,30.0,4,3.5999999999999996,0.5,0.5,1.7999999999999998,0,0,1,1,0,1,0,1,5
329,22.0,2,33.349999999999994,2.75,2.25,15.0,0,1,0,0,0,1,0,1,5
331,40.0,4,19.599999999999998,0.75,0.5,1.7999999999999998,0,0,1,1,1,1,0,1,5
332,22.0,4,26.7,0.75,0.75,1.7999999999999998,0,0,1,0,0,1,0,1,5
333,22.0,4,3.5999999999999996,0.75,0.5,1.7999999999999998,0,0,1,0,0,1,0,0,5
334,22.0,4,0.35999999999999993,1.75,0.75,3.5999999999999996,0,0,1,1,1,1,0,0,5
335,40.0,4,58.8,4.75,0.75,1.7999999999999998,0,0,1,0,1,1,0,1,5
336,30.0,4,53.4,5.0,0.75,2.8799999999999994,0,0,1,0,1,1,0,0,5
337,22.0,2,2.52,0.75,4.75,20.0,0,1,0,0,0,1,0,1,5
338,22.0,2,3.5999999999999996,0.75,1.25,15.0,0,1,0,0,0,1,0,0,5
339,30.0,4,10.005,1.25,5.0,50.025,0,0,1,0,0,1,0,0,5
340,40.0,4,19.599999999999998,1.75,2.25,5.399999999999999,0,0,1,0,1,1,0,1,5
342,22.0,4,5.399999999999999,0.75,0.75,2.52,0,0,1,0,0,1,0,1,5
343,30.0,4,2.52,0.75,0.5,2.52,0,0,1,0,0,1,0,0,5
344,22.0,4,5.0,1.75,0.5,1.7999999999999998,0,0,1,0,0,1,0,1,5
345,40.0,1,53.4,5.0,4.75,40.05,1,0,0,1,1,1,0,1,5
346,22.0,1,20.0,5.0,4.75,10.0,1,0,0,0,1,1,0,1,5
347,30.0,4,3.5999999999999996,0.5,0.75,3.5999999999999996,0,0,1,1,1,1,0,1,5
348,22.0,4,50.025,3.25,0.5,1.7999999999999998,0,0,1,1,0,1,0,0,5
349,30.0,4,58.8,4.75,0.5,1.7999999999999998,0,0,1,1,1,1,0,1,5
350,30.0,2,98.0,5.0,1.75,3.5999999999999996,0,1,0,1,1,1,0,1,5
351,22.0,1,1.7999999999999998,0.5,0.5,1.0799999999999998,1,0,0,0,0,1,0,0,5
352,22.0,4,2.52,0.75,0.5,2.52,0,0,1,0,0,1,0,0,5
353,22.0,4,3.5999999999999996,0.75,0.5,2.52,0,0,1,0,0,1,0,1,5
354,22.0,2,3.5999999999999996,0.75,0.75,4.319999999999999,0,1,0,0,0,1,0,0,5
355,22.0,1,16.674999999999997,1.25,0.5,1.7999999999999998,1,0,0,1,0,1,0,1,5
356,30.0,4,3.5999999999999996,0.75,0.5,1.7999999999999998,0,0,1,0,0,1,0,0,5
357,30.0,2,1.7999999999999998,0.5,0.5,0.7199999999999999,0,1,0,0,0,1,0,1,5
358,22.0,4,0.7199999999999999,0.5,0.5,3.5999999999999996,0,0,1,1,0,1,0,0,5
359,30.0,4,1.7999999999999998,0.5,0.5,5.399999999999999,0,0,1,1,1,1,0,1,5
361,22.0,4,1.7999999999999998,0.5,1.25,26.7,0,0,1,0,0,1,0,0,5
362,22.0,4,0.7199999999999999,0.5,0.5,0.7199999999999999,0,0,1,1,0,1,0,1,5
363,30.0,4,2.1599999999999997,0.75,0.75,3.5999999999999996,0,0,1,0,0,1,0,1,5
364,22.0,2,3.5999999999999996,0.75,0.5,2.1599999999999997,0,1,0,0,0,1,0,1,5
365,40.0,4,39.199999999999996,2.25,0.5,0.35999999999999993,0,0,1,0,1,1,0,1,5
366,22.0,4,5.0,1.75,0.5,2.0,0,0,1,0,1,1,0,1,5
367,22.0,4,10.0,3.75,0.75,5.399999999999999,0,0,1,0,0,1,0,1,5
368,40.0,4,23.520000000000003,1.75,5.0,40.05,0,0,1,0,0,1,0,1,5
369,22.0,2,2.1599999999999997,0.5,0.5,0.7199999999999999,0,1,0,0,0,1,0,1,5
370,22.0,1,1.7999999999999998,0.5,1.25,3.5999999999999996,1,0,0,0,1,1,0,0,5
371,30.0,1,39.199999999999996,2.25,2.25,26.7,1,0,0,1,0,1,0,1,5
372,22.0,4,1.7999999999999998,0.5,0.5,1.7999999999999998,0,0,1,0,0,1,0,0,5
373,22.0,2,7.199999999999999,0.5,0.5,1.7999999999999998,0,1,0,0,1,1,0,1,5
375,30.0,1,2.52,0.5,1.25,5.399999999999999,1,0,0,0,0,1,0,1,5
376,30.0,4,3.5999999999999996,0.75,1.25,3.5999999999999996,0,0,1,0,1,1,0,1,5
377,40.0,4,2.52,0.75,0.75,3.5999999999999996,0,0,1,0,0,1,0,1,5
378,22.0,4,2.52,0.5,0.5,2.1599999999999997,0,0,1,0,0,1,0,0,5
379,30.0,2,32.04,3.75,0.5,1.7999999999999998,0,1,0,0,1,1,0,1,5
380,22.0,1,2.1599999999999997,0.5,0.5,2.52,1,0,0,0,0,1,0,1,5
382,22.0,2,13.35,0.75,0.5,1.0799999999999998,0,1,0,1,0,1,0,0,5
383,30.0,4,3.5999999999999996,0.75,0.5,1.7999999999999998,0,0,1,1,1,1,0,1,5
384,22.0,4,0.7199999999999999,0.5,0.5,1.7999999999999998,0,0,1,0,0,1,0,1,5
385,22.0,2,66.69999999999999,4.75,0.5,1.7999999999999998,0,1,0,0,0,1,0,1,5
386,22.0,4,50.025,5.0,0.5,1.0799999999999998,0,0,1,0,0,1,0,1,5
387,22.0,3,2.8799999999999994,0.75,3.25,26.7,0,0,0,0,0,1,0,1,5
388,22.0,2,66.75,4.25,0.5,1.7999999999999998,0,1,0,0,0,1,0,1,5
389,22.0,2,1.7999999999999998,0.5,0.5,1.7999999999999998,0,1,0,0,0,1,0,1,5
390,30.0,4,1.7999999999999998,0.5,0.75,2.52,0,0,1,0,0,1,0,1,5
391,22.0,2,1.7999999999999998,0.5,0.5,1.7999999999999998,0,1,0,0,0,1,0,0,5
392,22.0,4,1.7999999999999998,0.5,0.75,2.52,0,0,1,0,0,1,0,1,5
393,30.0,4,50.025,4.25,0.5,1.7999999999999998,0,0,1,0,0,1,0,1,5
394,22.0,4,0.7199999999999999,0.5,0.5,2.1599999999999997,0,0,1,0,1,1,0,1,5
396,22.0,1,1.0799999999999998,0.5,1.75,16.674999999999997,1,0,0,0,0,1,0,0,5
398,22.0,4,3.5999999999999996,0.75,0.5,1.7999999999999998,0,0,1,0,0,1,0,0,5
399,40.0,4,1.7999999999999998,0.5,0.75,1.7999999999999998,0,0,1,1,1,1,0,0,5
400,22.0,4,1.7999999999999998,0.5,1.25,7.199999999999999,0,0,1,0,0,1,0,1,5
401,22.0,4,3.5999999999999996,0.75,0.5,1.7999999999999998,0,0,1,1,1,1,0,1,5
402,22.0,2,1.0799999999999998,0.5,0.5,0.7199999999999999,0,1,0,0,0,1,0,1,5
403,40.0,4,3.5999999999999996,0.75,2.25,7.199999999999999,0,0,1,0,0,1,0,1,5
404,22.0,2,5.399999999999999,1.25,0.75,3.5999999999999996,0,1,0,0,1,1,0,1,5
405,22.0,4,33.349999999999994,2.25,0.5,0.7199999999999999,0,0,1,0,0,1,0,1,5
406,22.0,2,0.7199999999999999,0.5,0.5,0.7199999999999999,0,1,0,0,0,1,0,0,5
407,22.0,2,3.5999999999999996,0.75,0.75,2.52,0,1,0,1,0,1,0,1,5
408,22.0,4,26.7,4.25,1.25,19.599999999999998,0,0,1,0,0,1,0,1,5
409,22.0,2,1.7999999999999998,0.5,2.25,39.199999999999996,0,1,0,0,0,1,0,1,5
410,22.0,4,1.7999999999999998,0.5,0.75,3.5999999999999996,0,0,1,0,0,1,0,0,5
412,30.0,4,2.52,0.75,0.75,2.52,0,0,1,0,0,1,0,1,5
413,22.0,4,1.7999999999999998,0.5,1.25,26.7,0,0,1,0,0,1,0,1,5
414,40.0,4,3.0,1.25,0.5,3.5999999999999996,0,0,1,0,0,1,0,1,5
415,22.0,2,1.7999999999999998,0.5,0.75,7.199999999999999,0,1,0,0,1,1,0,0,5
416,22.0,2,3.5999999999999996,0.75,0.5,1.7999999999999998,0,1,0,0,0,1,0,1,5
417,30.0,4,78.39999999999999,5.0,0.5,0.7199999999999999,0,0,1,0,0,1,0,1,5
418,30.0,4,5.399999999999999,0.75,0.75,3.5999999999999996,0,0,1,0,0,1,0,1,5
419,22.0,2,3.5999999999999996,0.75,0.5,2.1599999999999997,0,1,0,0,0,1,0,1,5
420,22.0,2,58.8,2.75,1.25,13.35,0,1,0,0,0,1,0,1,5
421,30.0,4,5.0,0.5,0.75,1.7999999999999998,0,0,1,1,0,1,0,1,5
423,22.0,4,2.52,0.75,0.75,2.52,0,0,1,1,0,1,0,1,5
424,22.0,4,3.5999999999999996,0.5,0.5,1.0799999999999998,0,0,1,0,0,1,0,0,5
425,30.0,2,3.5999999999999996,0.5,0.5,1.4399999999999997,0,1,0,1,0,1,0,1,5
426,22.0,4,66.69999999999999,5.0,1.25,7.199999999999999,0,0,1,0,0,1,0,1,5
427,22.0,4,3.5999999999999996,0.75,0.5,1.7999999999999998,0,0,1,0,0,1,0,1,5
428,22.0,2,20.0,5.0,1.75,13.35,0,1,0,0,0,1,0,1,5
429,22.0,4,3.5999999999999996,0.75,1.25,5.399999999999999,0,0,1,1,0,1,0,1,5
430,22.0,2,5.399999999999999,1.25,1.25,5.399999999999999,0,1,0,1,0,1,0,0,5
431,30.0,4,1.4399999999999997,0.5,1.75,18.69,0,0,1,1,0,1,0,1,5
432,22.0,3,1.0799999999999998,0.5,0.5,0.7199999999999999,0,0,0,1,0,1,0,0,5
433,30.0,4,1.7999999999999998,0.5,0.75,3.5999999999999996,0,0,1,1,1,1,0,1,5
434,40.0,4,2.52,0.75,3.25,26.7,0,0,1,0,0,1,0,1,5
435,30.0,4,25.0,3.25,0.75,3.5999999999999996,0,0,1,0,0,1,0,0,5
436,30.0,4,19.599999999999998,4.25,4.25,26.7,0,0,1,1,0,1,0,1,5
437,22.0,4,1.7999999999999998,0.5,0.5,1.4399999999999997,0,0,1,0,0,1,0,0,5
438,40.0,1,19.599999999999998,0.75,0.5,0.7199999999999999,1,0,0,1,1,1,0,1,5
440,30.0,4,2.52,0.5,0.75,3.5999999999999996,0,0,1,0,0,1,0,1,5
441,30.0,1,2.1599999999999997,1.25,0.5,0.7199999999999999,1,0,0,1,1,1,0,0,5
442,22.0,4,3.5999999999999996,0.75,0.5,1.7999999999999998,0,0,1,0,1,1,0,1,5
443,54.0,3,0.7199999999999999,0.5,0.5,1.0799999999999998,0,0,0,1,1,1,0,1,5
444,30.0,4,3.5999999999999996,0.75,0.5,1.7999999999999998,0,0,1,1,1,1,0,1,5
446,54.0,3,1.0799999999999998,0.5,0.5,1.0799999999999998,0,0,0,1,1,1,0,1,5
447,54.0,1,8.999999999999998,1.75,1.25,10.0,1,0,0,1,1,1,0,0,5
448,22.0,4,33.349999999999994,1.75,0.5,1.0799999999999998,0,0,1,1,1,1,0,1,5
449,54.0,4,1.7999999999999998,0.75,2.25,39.199999999999996,0,0,1,1,1,1,0,1,5
450,30.0,4,1.0799999999999998,0.5,0.5,1.0799999999999998,0,0,1,0,0,1,0,1,5
451,22.0,4,3.5999999999999996,0.75,0.5,1.0799999999999998,0,0,1,1,0,1,0,1,5
453,30.0,2,3.5999999999999996,0.75,0.75,3.5999999999999996,0,1,0,0,1,1,0,1,5
454,22.0,3,0.7199999999999999,0.5,0.75,1.7999999999999998,0,0,0,0,0,1,0,1,5
455,40.0,4,2.52,0.5,4.25,58.8,0,0,1,0,0,1,0,1,5
456,40.0,4,1.0799999999999998,0.5,2.75,8.999999999999998,0,0,1,1,0,1,0,0,5
457,54.0,4,8.999999999999998,1.25,1.25,5.399999999999999,0,0,1,0,0,1,0,0,5
458,30.0,4,1.0799999999999998,0.5,5.0,53.4,0,0,1,1,1,1,0,1,5
460,22.0,1,3.5999999999999996,0.5,0.5,0.7199999999999999,1,0,0,0,1,1,0,1,5
461,22.0,3,1.4399999999999997,0.5,0.5,2.1599999999999997,0,0,0,0,0,1,0,1,5
462,22.0,4,3.5999999999999996,0.75,0.75,3.5999999999999996,0,0,1,0,0,1,0,0,5
463,22.0,4,3.5999999999999996,0.75,0.75,5.399999999999999,0,0,1,0,0,1,0,1,5
464,22.0,4,8.999999999999998,2.25,1.75,5.399999999999999,0,0,1,1,1,1,0,0,5
465,65.0,3,3.5999999999999996,0.5,5.0,40.05,0,0,0,0,1,1,0,0,5
466,22.0,4,3.5999999999999996,0.75,0.5,1.0799999999999998,0,0,1,0,1,1,0,1,5
467,22.0,4,0.7199999999999999,0.5,0.5,1.7999999999999998,0,0,1,0,1,1,0,1,5
468,22.0,2,2.52,0.5,1.25,5.399999999999999,0,1,0,0,0,1,0,1,5
469,30.0,4,1.7999999999999998,0.5,0.75,3.5999999999999996,0,0,1,0,0,1,0,0,5
470,40.0,4,1.7999999999999998,0.5,0.5,2.1599999999999997,0,0,1,1,0,1,0,1,5
471,22.0,4,0.7199999999999999,0.5,0.5,1.7999999999999998,0,0,1,0,1,1,0,1,5
472,30.0,2,1.7999999999999998,0.5,1.25,5.399999999999999,0,1,0,0,0,1,0,0,5
473,30.0,2,19.599999999999998,1.75,1.25,5.399999999999999,0,1,0,1,0,1,0,1,5
475,22.0,2,2.52,0.5,0.5,2.52,0,1,0,0,0,1,0,1,5
476,22.0,1,26.7,3.25,0.75,3.2399999999999993,1,0,0,0,1,1,0,1,5
477,22.0,3,58.8,1.25,0.75,2.52,0,0,0,1,0,1,0,1,5
478,22.0,4,3.5999999999999996,0.75,5.0,25.0,0,0,1,0,0,1,0,1,5
479,22.0,4,4.319999999999999,0.75,0.5,1.7999999999999998,0,0,1,1,1,1,0,0,5
480,22.0,4,15.0,3.75,0.5,0.7199999999999999,0,0,1,1,0,1,0,1,5
481,22.0,4,15.0,3.75,0.5,1.7999999999999998,0,0,1,0,0,1,0,1,5
482,22.0,4,5.399999999999999,2.25,1.75,5.399999999999999,0,0,1,0,1,1,0,1,5
483,30.0,3,39.199999999999996,2.25,3.25,53.4,0,0,0,1,1,1,0,1,5
484,22.0,3,1.7999999999999998,0.75,0.75,3.5999999999999996,0,0,0,1,0,1,0,0,5
485,54.0,4,13.35,0.75,0.75,26.7,0,0,1,0,0,1,0,1,5
486,22.0,1,58.8,3.25,2.25,39.199999999999996,1,0,0,0,1,1,0,1,5
487,22.0,4,0.7199999999999999,0.5,0.5,0.7199999999999999,0,0,1,0,1,1,0,1,5
488,22.0,4,5.399999999999999,0.75,0.5,1.7999999999999998,0,0,1,0,1,1,0,1,5
489,22.0,4,2.1599999999999997,0.5,0.5,1.7999999999999998,0,0,1,0,0,1,0,1,5
491,22.0,1,1.7999999999999998,0.5,1.25,5.399999999999999,1,0,0,0,1,1,0,1,5
492,22.0,2,5.399999999999999,0.75,0.75,3.5999999999999996,0,1,0,0,0,1,0,1,5
493,54.0,4,2.52,0.75,0.75,3.5999999999999996,0,0,1,1,0,1,0,0,5
494,54.0,4,5.399999999999999,1.25,0.5,2.52,0,0,1,0,0,1,0,1,5
495,54.0,4,1.7999999999999998,0.5,0.75,13.35,0,0,1,1,0,1,0,1,5
497,54.0,3,1.7999999999999998,0.5,3.75,3.5999999999999996,0,0,0,1,1,1,0,0,5
498,22.0,2,3.5999999999999996,0.75,0.5,1.7999999999999998,0,1,0,0,0,1,0,1,5
499,40.0,4,5.0,0.75,0.5,0.7199999999999999,0,0,1,0,0,1,0,1,5
500,65.0,4,1.7999999999999998,0.5,0.5,7.84,0,0,1,1,1,1,0,1,5
501,40.0,1,1.7999999999999998,0.5,1.75,19.599999999999998,1,0,0,1,1,1,0,1,5
502,40.0,2,19.599999999999998,1.75,0.5,3.5999999999999996,0,1,0,1,0,1,0,1,5
503,54.0,4,7.199999999999999,1.75,1.75,39.199999999999996,0,0,1,1,1,1,0,1,5
504,40.0,4,26.7,1.75,0.75,3.5999999999999996,0,0,1,0,0,1,0,1,5
505,22.0,4,0.7199999999999999,0.5,5.0,78.39999999999999,0,0,1,1,1,1,0,1,5
506,30.0,4,1.7999999999999998,0.5,0.5,1.7999999999999998,0,0,1,1,1,1,0,1,5
507,22.0,1,3.5999999999999996,0.5,0.75,5.399999999999999,1,0,0,1,0,1,0,0,5
508,30.0,1,5.399999999999999,1.25,0.75,2.8799999999999994,1,0,0,1,1,1,0,1,5
509,54.0,4,7.0,2.25,0.5,1.7999999999999998,0,0,1,0,0,1,0,1,5
510,54.0,4,13.35,0.75,0.75,21.36,0,0,1,0,0,1,0,1,5
511,40.0,4,2.1599999999999997,0.5,5.0,98.0,0,0,1,1,0,1,0,1,5
512,30.0,4,2.8799999999999994,0.75,0.75,2.8799999999999994,0,0,1,1,1,1,0,0,5
513,30.0,2,1.0799999999999998,0.5,2.75,39.199999999999996,0,1,0,1,1,1,0,1,5
514,22.0,4,5.399999999999999,1.25,1.75,8.999999999999998,0,0,1,0,1,1,0,1,5
516,30.0,4,0.7199999999999999,0.5,0.5,1.7999999999999998,0,0,1,0,1,1,0,1,5
517,30.0,4,2.1599999999999997,0.5,2.25,39.199999999999996,0,0,1,0,1,1,0,1,5
518,40.0,4,50.025,5.0,2.25,34.71,0,0,1,0,1,1,0,1,5
519,30.0,2,1.7999999999999998,0.5,0.5,1.7999999999999998,0,1,0,1,1,1,0,1,5
520,54.0,4,5.399999999999999,0.5,5.0,20.0,0,0,1,1,1,1,0,1,5
522,22.0,1,1.7999999999999998,0.5,0.5,3.5999999999999996,1,0,0,0,1,1,0,1,5
523,22.0,2,5.0,0.5,0.5,1.7999999999999998,0,1,0,0,1,1,0,1,5
524,30.0,4,5.399999999999999,1.25,0.75,1.7999999999999998,0,0,1,1,1,1,0,0,5
528,22.0,2,53.4,3.75,0.5,1.7999999999999998,0,1,0,1,0,1,0,1,5
529,22.0,2,1.7999999999999998,0.75,0.75,2.52,0,1,0,1,0,1,0,1,5
530,30.0,2,3.5999999999999996,0.75,0.5,1.7999999999999998,0,1,0,1,0,1,0,1,5
531,30.0,1,3.5999999999999996,1.25,1.25,5.399999999999999,1,0,0,1,1,1,0,0,5
532,22.0,2,2.52,0.5,0.5,1.7999999999999998,0,1,0,0,0,1,0,1,5
533,22.0,4,2.52,0.5,0.5,1.4399999999999997,0,0,1,1,0,1,0,0,5
534,30.0,1,26.7,1.75,0.5,1.7999999999999998,1,0,0,0,1,1,0,0,5
535,40.0,4,58.8,5.0,0.75,2.52,0,0,1,1,0,1,0,1,5
536,40.0,2,1.0799999999999998,0.5,1.25,26.7,0,1,0,1,0,1,0,1,5
537,22.0,1,1.7999999999999998,0.5,0.5,0.7199999999999999,1,0,0,0,1,1,0,1,5
538,40.0,1,78.39999999999999,5.0,2.25,3.5999999999999996,1,0,0,1,1,1,0,1,5
539,30.0,4,34.71,2.25,4.25,33.349999999999994,0,0,1,1,0,1,0,1,5
540,30.0,2,5.0,0.75,2.25,26.7,0,1,0,1,0,1,0,1,5
541,22.0,4,10.0,1.75,0.5,1.7999999999999998,0,0,1,1,0,1,0,1,5
542,22.0,2,2.52,0.75,0.75,2.52,0,1,0,0,0,1,0,1,5
543,30.0,1,1.7999999999999998,0.5,0.5,1.7999999999999998,1,0,0,0,1,1,0,0,5
544,40.0,1,1.7999999999999998,0.5,0.5,1.7999999999999998,1,0,0,0,0,1,0,1,5
545,22.0,4,47.040000000000006,3.25,0.75,3.5999999999999996,0,0,1,1,1,1,0,1,5
547,22.0,4,23.345000000000002,2.25,0.5,1.7999999999999998,0,0,1,1,0,1,0,1,5
548,22.0,4,3.5999999999999996,0.5,0.5,1.7999999999999998,0,0,1,1,1,1,0,1,5
549,22.0,1,58.8,1.75,0.75,3.5999999999999996,1,0,0,1,1,1,0,1,5
550,30.0,4,3.5999999999999996,0.5,0.75,3.5999999999999996,0,0,1,1,0,1,0,1,5
551,30.0,4,1.7999999999999998,0.5,5.0,83.375,0,0,1,1,0,1,0,1,5
552,40.0,1,66.69999999999999,4.25,0.5,1.7999999999999998,1,0,0,1,1,1,0,1,5
553,22.0,4,3.5999999999999996,0.75,0.5,1.7999999999999998,0,0,1,0,1,1,0,0,5
555,54.0,4,1.7999999999999998,0.5,0.5,3.5999999999999996,0,0,1,1,0,1,0,1,5
556,22.0,1,3.5999999999999996,1.25,1.75,5.399999999999999,1,0,0,1,1,1,0,1,5
557,54.0,4,3.5999999999999996,0.75,4.75,40.05,0,0,1,0,0,1,0,1,5
558,22.0,4,1.7999999999999998,0.5,0.5,1.4399999999999997,0,0,1,0,0,1,0,1,5
559,22.0,4,1.4399999999999997,0.5,0.75,3.5999999999999996,0,0,1,0,0,1,0,1,5
560,22.0,4,0.7199999999999999,0.5,0.75,3.5999999999999996,0,0,1,1,1,1,0,0,5
561,30.0,1,19.599999999999998,0.75,0.75,3.5999999999999996,1,0,0,1,1,1,0,1,5
562,22.0,1,3.5999999999999996,0.75,0.75,3.5999999999999996,1,0,0,0,0,1,0,1,5
563,30.0,3,1.7999999999999998,0.5,0.75,5.399999999999999,0,0,0,1,1,1,0,1,5
564,22.0,2,1.7999999999999998,0.5,0.75,4.68,0,1,0,0,0,1,0,1,5
565,22.0,1,3.5999999999999996,0.75,0.75,3.5999999999999996,1,0,0,0,1,1,0,1,5
566,22.0,4,3.2399999999999993,0.75,0.5,1.4399999999999997,0,0,1,0,1,1,0,1,5
567,22.0,4,3.5999999999999996,0.75,0.5,0.7199999999999999,0,0,1,1,0,1,0,1,5
568,22.0,4,1.7999999999999998,0.5,2.75,10.0,0,0,1,0,1,1,0,1,5
569,40.0,4,39.199999999999996,4.25,0.75,3.5999999999999996,0,0,1,0,0,1,0,1,5
570,22.0,4,1.7999999999999998,0.5,0.75,3.5999999999999996,0,0,1,0,1,1,0,0,5
571,30.0,4,3.5999999999999996,0.75,2.25,40.05,0,0,1,0,1,1,0,0,5
572,30.0,4,26.7,2.25,4.25,40.05,0,0,1,1,0,1,0,1,5
574,22.0,4,1.7999999999999998,0.5,0.5,0.7199999999999999,0,0,1,1,1,1,0,1,5
576,22.0,4,1.7999999999999998,0.5,0.5,1.7999999999999998,0,0,1,1,0,1,0,1,5
577,30.0,4,1.7999999999999998,0.5,1.75,5.399999999999999,0,0,1,1,1,1,0,0,5
578,22.0,3,7.199999999999999,1.25,0.5,1.7999999999999998,0,0,0,0,1,1,0,0,5
579,22.0,4,5.399999999999999,0.75,0.75,5.399999999999999,0,0,1,1,1,1,0,1,5
580,40.0,4,3.5999999999999996,0.75,0.75,3.5999999999999996,0,0,1,0,0,1,0,1,5
581,22.0,4,1.0799999999999998,0.5,0.75,3.5999999999999996,0,0,1,0,0,1,0,1,5
582,30.0,2,5.399999999999999,1.25,1.75,26.7,0,1,0,0,1,1,0,0,5
583,22.0,2,1.7999999999999998,0.5,0.5,1.7999999999999998,0,1,0,0,1,1,0,1,5
584,22.0,4,1.7999999999999998,0.5,0.5,1.7999999999999998,0,0,1,1,0,1,0,1,5
585,22.0,1,23.520000000000003,1.25,0.5,1.7999999999999998,1,0,0,0,1,1,0,1,5
586,22.0,4,5.399999999999999,1.25,0.5,0.7199999999999999,0,0,1,1,1,1,0,1,5
587,22.0,1,1.7999999999999998,0.5,0.75,2.52,1,0,0,0,0,1,0,1,5
588,22.0,4,0.7199999999999999,0.5,0.5,2.1599999999999997,0,0,1,0,0,1,0,1,5
589,22.0,2,10.0,1.25,0.5,1.7999999999999998,0,1,0,0,0,1,0,1,5
590,30.0,4,3.5999999999999996,0.5,0.75,3.5999999999999996,0,0,1,1,0,1,0,0,5
591,22.0,2,3.5999999999999996,0.75,0.5,1.7999999999999998,0,1,0,1,0,1,0,0,5
592,22.0,4,1.7999999999999998,0.5,0.5,1.7999999999999998,0,0,1,0,1,1,0,1,5
593,40.0,4,10.0,2.25,0.5,2.1599999999999997,0,0,1,0,0,1,0,1,5
594,40.0,1,2.52,0.5,0.5,1.7999999999999998,1,0,0,1,1,1,0,1,5
595,22.0,4,1.7999999999999998,0.5,0.5,0.7199999999999999,0,0,1,0,0,1,0,1,5
596,22.0,4,2.52,0.75,0.75,2.8799999999999994,0,0,1,1,0,1,0,1,5
597,22.0,4,3.5999999999999996,0.75,0.75,3.5999999999999996,0,0,1,1,1,1,0,0,5
598,30.0,4,1.7999999999999998,0.5,5.0,66.69999999999999,0,0,1,0,1,1,0,0,5
599,54.0,4,5.399999999999999,1.75,0.75,3.5999999999999996,0,0,1,1,0,1,0,0,5
600,22.0,4,5.0,0.75,0.5,1.7999999999999998,0,0,1,0,0,1,0,1,5
601,30.0,4,39.199999999999996,0.75,0.5,5.0,0,0,1,1,1,1,0,1,5
602,22.0,4,3.5999999999999996,0.5,0.75,5.399999999999999,0,0,1,0,0,1,0,1,5
603,22.0,3,2.52,0.75,2.75,26.7,0,0,0,0,0,1,0,1,5
604,22.0,4,2.52,0.75,0.75,2.52,0,0,1,0,0,1,0,1,5
605,22.0,2,3.5999999999999996,0.75,0.5,2.52,0,1,0,0,0,1,0,1,5
606,22.0,4,3.5999999999999996,0.5,0.5,3.5999999999999996,0,0,1,1,0,1,0,1,5
607,40.0,4,3.5999999999999996,0.75,0.75,5.399999999999999,0,0,1,0,0,1,0,1,5
608,30.0,4,15.0,2.25,5.0,78.39999999999999,0,0,1,1,1,1,0,1,5
610,22.0,2,1.7999999999999998,0.5,0.5,0.7199999999999999,0,1,0,0,1,1,0,1,5
611,22.0,4,3.5999999999999996,0.5,0.5,1.7999999999999998,0,0,1,0,0,1,0,0,5
612,22.0,2,3.5999999999999996,0.75,1.25,4.68,0,1,0,0,0,1,0,1,5
613,40.0,2,2.52,0.5,0.75,5.399999999999999,0,1,0,1,0,1,0,1,5
614,54.0,4,1.7999999999999998,0.5,0.75,3.5999999999999996,0,0,1,1,0,1,0,0,5
615,40.0,2,5.399999999999999,1.25,0.75,5.399999999999999,0,1,0,1,1,1,0,1,5
617,22.0,3,5.399999999999999,0.75,0.5,1.7999999999999998,0,0,0,1,1,1,0,1,5
618,40.0,4,5.399999999999999,0.75,5.0,7.199999999999999,0,0,1,0,0,1,0,1,5
619,22.0,4,1.7999999999999998,0.5,1.25,5.399999999999999,0,0,1,0,1,1,0,0,5
620,30.0,4,1.7999999999999998,0.5,0.5,0.7199999999999999,0,0,1,1,1,1,0,0,5
621,54.0,4,3.5999999999999996,0.5,0.75,3.5999999999999996,0,0,1,0,0,1,0,1,5
622,30.0,4,1.7999999999999998,0.5,0.5,1.7999999999999998,0,0,1,1,1,1,0,1,5
623,40.0,4,3.5999999999999996,0.75,0.5,1.7999999999999998,0,0,1,0,0,1,0,1,5
624,22.0,4,0.7199999999999999,0.5,1.25,3.5999999999999996,0,0,1,1,0,1,0,1,5
625,22.0,1,1.7999999999999998,0.5,0.75,3.5999999999999996,1,0,0,0,1,1,0,1,5
626,22.0,4,1.4399999999999997,0.5,0.75,3.5999999999999996,0,0,1,0,1,1,0,1,5
627,22.0,4,1.0799999999999998,0.5,0.5,1.7999999999999998,0,0,1,0,0,1,0,1,5
628,54.0,4,1.7999999999999998,0.5,3.25,58.8,0,0,1,0,1,1,0,1,5
629,40.0,4,5.399999999999999,0.75,0.75,3.5999999999999996,0,0,1,0,0,1,0,1,5
630,30.0,4,10.0,1.75,0.5,1.7999999999999998,0,0,1,0,1,1,0,0,5
631,40.0,4,3.5999999999999996,0.75,0.75,2.52,0,0,1,0,0,1,0,1,5
632,22.0,3,1.7999999999999998,0.5,0.5,3.5999999999999996,0,0,0,1,1,1,0,1,5
633,54.0,4,5.399999999999999,0.5,0.75,5.0,0,0,1,1,0,1,0,1,5
634,22.0,4,3.5999999999999996,0.75,0.5,1.7999999999999998,0,0,1,0,0,1,0,1,5
635,54.0,4,3.5999999999999996,0.5,0.5,1.7999999999999998,0,0,1,0,0,1,0,0,5
636,22.0,4,5.399999999999999,1.25,1.25,7.199999999999999,0,0,1,0,0,1,0,0,5
637,30.0,4,2.52,0.75,0.75,3.5999999999999996,0,0,1,1,0,1,0,1,5
638,30.0,4,10.0,2.25,0.75,13.35,0,0,1,0,0,1,0,0,5
640,22.0,4,5.399999999999999,0.5,0.5,1.7999999999999998,0,0,1,0,1,1,0,0,5
641,40.0,3,1.7999999999999998,0.5,0.5,1.7999999999999998,0,0,0,1,1,1,0,1,5
642,22.0,4,1.7999999999999998,0.5,0.75,3.5999999999999996,0,0,1,0,1,1,0,1,5
643,40.0,3,1.0799999999999998,0.5,0.75,3.5999999999999996,0,0,0,1,1,1,0,1,5
644,40.0,1,1.7999999999999998,0.5,2.75,39.199999999999996,1,0,0,1,1,1,0,1,5
645,22.0,4,1.7999999999999998,0.5,0.75,3.5999999999999996,0,0,1,0,1,1,0,0,5
646,22.0,2,2.52,0.75,0.75,3.5999999999999996,0,1,0,0,0,1,0,1,5
647,22.0,3,0.7199999999999999,0.5,0.5,1.7999999999999998,0,0,0,0,0,1,0,0,5
648,22.0,2,26.7,1.25,0.5,2.1599999999999997,0,1,0,0,0,1,0,1,5
649,30.0,2,5.399999999999999,0.75,0.75,5.399999999999999,0,1,0,1,1,1,0,1,5
650,30.0,4,3.5999999999999996,0.75,1.25,4.319999999999999,0,0,1,0,1,1,0,1,5
651,40.0,4,1.7999999999999998,0.5,1.75,39.199999999999996,0,0,1,1,1,1,0,1,5
652,22.0,2,3.5999999999999996,0.75,0.75,5.399999999999999,0,1,0,0,1,1,0,1,5
653,22.0,3,3.5999999999999996,0.75,0.75,3.5999999999999996,0,0,0,0,1,1,0,1,5
654,22.0,4,1.7999999999999998,0.5,1.75,7.0,0,0,1,0,1,1,0,1,5
655,22.0,1,5.399999999999999,0.5,1.25,7.199999999999999,1,0,0,1,1,1,0,1,5
656,22.0,1,7.199999999999999,1.75,2.25,26.7,1,0,0,1,1,1,0,1,5
657,22.0,4,3.5999999999999996,0.75,0.5,1.7999999999999998,0,0,1,0,1,1,0,0,5
658,22.0,4,1.7999999999999998,0.5,5.0,40.05,0,0,1,0,1,1,0,1,5
0,40.0,4,1.0799999999999998,0.5,0.75,1.7999999999999998,0,0,1,1,1,1,0,1,15
1,22.0,4,6.0,1.75,0.5,0.7199999999999999,0,0,1,0,0,1,0,1,15
2,30.0,3,1.7999999999999998,0.75,0.75,2.8799999999999994,0,0,0,0,1,1,0,0,15
3,22.0,4,6.479999999999999,1.75,0.75,1.7999999999999998,0,0,1,0,0,1,0,0,15
4,54.0,4,2.52,0.75,1.75,18.69,0,0,1,0,0,1,0,1,15
5,22.0,4,5.399999999999999,0.75,0.5,1.0799999999999998,0,0,1,0,0,1,0,1,15
7,22.0,2,2.1599999999999997,0.5,0.5,2.1599999999999997,0,1,0,0,0,1,0,1,15
9,30.0,1,5.399999999999999,1.25,0.75,10.0,1,0,0,0,0,1,0,0,15
10,22.0,4,3.5999999999999996,0.75,0.5,1.7999999999999998,0,0,1,0,1,1,0,1,15
11,22.0,3,1.0799999999999998,0.5,1.75,5.399999999999999,0,0,0,0,1,1,0,1,15
12,22.0,4,2.52,0.5,0.75,2.52,0,0,1,0,0,1,0,1,15
13,22.0,4,1.7999999999999998,0.5,0.5,0.7199999999999999,0,0,1,1,0,1,0,1,15
14,40.0,2,1.7999999999999998,0.5,0.5,1.7999999999999998,0,1,0,1,1,1,0,1,15
17,40.0,1,2.8799999999999994,1.25,5.0,20.0,1,0,0,1,1,1,0,1,15
18,30.0,1,39.199999999999996,4.75,0.75,3.5999999999999996,1,0,0,1,1,1,0,1,15
19,54.0,4,3.5999999999999996,0.5,0.75,5.399999999999999,0,0,1,1,0,1,0,1,15
20,30.0,4,3.5999999999999996,0.75,0.75,3.5999999999999996,0,0,1,0,0,1,0,1,15
21,30.0,1,3.5999999999999996,0.5,0.5,1.4399999999999997,1,0,0,1,0,1,0,1,15
23,22.0,4,1.7999999999999998,0.5,3.75,10.0,0,0,1,1,0,1,0,1,15
24,30.0,4,3.5999999999999996,0.75,0.5,1.7999999999999998,0,0,1,0,0,1,0,1,15
25,22.0,4,6.0,2.75,0.5,0.7199999999999999,0,0,1,0,1,1,0,1,15
27,30.0,4,1.7999999999999998,0.5,0.5,1.7999999999999998,0,0,1,0,0,1,0,1,15
28,40.0,4,1.7999999999999998,0.75,5.0,40.05,0,0,1,0,0,1,0,1,15
29,65.0,4,2.52,0.5,0.75,3.5999999999999996,0,0,1,0,1,1,0,0,15
30,40.0,4,5.399999999999999,0.75,0.75,3.5999999999999996,0,0,1,0,0,1,0,1,15
32,22.0,1,0.7199999999999999,0.5,0.5,1.7999999999999998,1,0,0,1,1,1,0,1,15
33,22.0,4,1.7999999999999998,0.75,0.75,1.7999999999999998,0,0,1,0,0,1,0,1,15
34,40.0,4,39.199999999999996,1.75,0.5,1.7999999999999998,0,0,1,0,0,1,0,1,15
35,54.0,4,2.52,0.75,1.75,7.199999999999999,0,0,1,0,0,1,0,0,15
36,30.0,1,26.7,3.25,1.25,5.399999999999999,1,0,0,1,1,1,0,1,15
37,40.0,4,19.599999999999998,1.75,0.5,2.1599999999999997,0,0,1,0,0,1,0,1,15
38,40.0,4,1.7999999999999998,0.5,0.5,3.5999999999999996,0,0,1,0,0,1,0,0,15
39,40.0,4,1.7999999999999998,0.5,0.5,1.7999999999999998,0,0,1,1,0,1,0,1,15
40,22.0,4,1.7999999999999998,0.5,0.5,0.7199999999999999,0,0,1,0,1,1,0,0,15
41,54.0,4,10.0,3.75,0.75,3.5999999999999996,0,0,1,0,0,1,0,1,15
42,54.0,4,2.1599999999999997,0.75,1.75,26.7,0,0,1,0,0,1,0,1,15
43,22.0,4,33.349999999999994,5.0,0.5,0.7199999999999999,0,0,1,0,1,1,0,1,15
44,22.0,2,2.52,0.75,0.5,7.84,0,1,0,0,0,1,0,1,15
45,54.0,4,5.399999999999999,0.75,2.75,66.75,0,0,1,0,0,1,0,1,15
46,30.0,4,0.7199999999999999,0.5,0.5,1.7999999999999998,0,0,1,0,0,1,0,1,15
47,65.0,4,4.319999999999999,1.25,1.25,19.599999999999998,0,0,1,0,1,1,0,1,15
48,30.0,3,0.7199999999999999,0.5,0.75,1.7999999999999998,0,0,0,1,1,1,0,0,15
49,40.0,4,2.52,0.75,0.75,19.599999999999998,0,0,1,0,0,1,0,1,15
50,22.0,1,33.349999999999994,2.75,0.75,7.199999999999999,1,0,0,0,0,1,0,1,15
51,54.0,4,31.36,1.75,0.75,1.7999999999999998,0,0,1,0,1,1,0,1,15
52,30.0,1,39.199999999999996,2.75,0.5,1.7999999999999998,1,0,0,1,1,1,0,1,15
53,40.0,4,50.025,2.75,0.5,1.0799999999999998,0,0,1,0,0,1,0,1,15
55,22.0,1,1.7999999999999998,0.5,0.75,3.5999999999999996,1,0,0,0,0,1,0,1,15
57,22.0,4,1.7999999999999998,0.5,1.75,19.599999999999998,0,0,1,0,0,1,0,1,15
58,22.0,2,5.399999999999999,0.75,3.25,61.41,0,1,0,0,0,1,0,1,15
59,40.0,1,20.0,4.25,0.5,3.5999999999999996,1,0,0,1,0,1,0,1,15
60,22.0,4,3.5999999999999996,0.75,0.75,3.5999999999999996,0,0,1,1,0,1,0,0,15
61,22.0,4,1.7999999999999998,0.5,0.75,3.5999999999999996,0,0,1,1,0,1,0,0,15
63,22.0,4,1.7999999999999998,0.5,0.5,1.7999999999999998,0,0,1,0,0,1,0,0,15
64,22.0,3,1.7999999999999998,0.5,0.75,3.5999999999999996,0,0,0,1,1,1,0,1,15
65,22.0,4,2.52,0.75,0.5,1.7999999999999998,0,0,1,1,0,1,0,1,15
66,22.0,2,1.7999999999999998,0.5,0.75,23.520000000000003,0,1,0,0,0,1,0,1,15
67,22.0,4,3.5999999999999996,0.75,0.75,2.52,0,0,1,0,0,1,0,1,15
68,22.0,4,5.399999999999999,1.25,5.0,78.39999999999999,0,0,1,0,1,1,0,1,15
69,30.0,4,3.5999999999999996,0.75,0.5,1.7999999999999998,0,0,1,1,0,1,0,1,15
70,22.0,3,5.399999999999999,2.75,0.75,3.5999999999999996,0,0,0,0,1,1,0,0,15
71,30.0,1,0.7199999999999999,0.5,0.5,2.52,1,0,0,0,0,1,0,1,15
72,22.0,3,3.5999999999999996,0.75,1.75,5.399999999999999,0,0,0,0,0,1,0,1,15
73,30.0,4,5.399999999999999,1.75,3.75,58.8,0,0,1,1,1,1,0,1,15
74,22.0,3,0.7199999999999999,0.5,0.5,0.7199999999999999,0,0,0,1,1,1,0,0,15
75,22.0,1,5.399999999999999,1.25,1.25,5.399999999999999,1,0,0,0,1,1,0,1,15
76,22.0,1,1.4399999999999997,0.5,0.5,1.7999999999999998,1,0,0,0,0,1,0,1,15
77,22.0,3,5.399999999999999,1.25,0.75,3.5999999999999996,0,0,0,1,1,1,0,0,15
78,30.0,2,1.0799999999999998,0.5,0.5,3.5999999999999996,0,1,0,0,0,1,0,1,15
79,30.0,3,0.7199999999999999,0.5,0.5,1.7999999999999998,0,0,0,1,1,1,0,0,15
80,54.0,4,7.199999999999999,1.75,0.75,1.7999999999999998,0,0,1,1,1,1,0,1,15
81,30.0,4,0.7199999999999999,0.5,0.75,3.5999999999999996,0,0,1,0,0,1,0,1,15
82,22.0,4,2.52,0.75,0.5,1.7999999999999998,0,0,1,0,0,1,0,0,15
83,22.0,4,3.5999999999999996,0.75,0.5,3.5999999999999996,0,0,1,0,0,1,0,0,15
84,22.0,4,0.7199999999999999,0.5,0.5,1.7999999999999998,0,0,1,0,1,1,0,0,15
86,40.0,4,5.399999999999999,0.75,0.75,3.5999999999999996,0,0,1,1,0,1,0,0,15
87,22.0,4,2.52,0.75,0.75,1.7999999999999998,0,0,1,1,0,1,0,0,15
88,30.0,4,4.319999999999999,0.75,0.5,1.7999999999999998,0,0,1,1,0,1,0,1,15
89,30.0,4,3.5999999999999996,0.75,0.5,1.7999999999999998,0,0,1,1,0,1,0,0,15
90,40.0,4,2.52,0.75,0.75,1.7999999999999998,0,0,1,0,0,1,0,1,15
91,30.0,4,1.4399999999999997,0.5,1.25,5.399999999999999,0,0,1,1,0,1,0,1,15
92,22.0,2,3.5999999999999996,0.75,0.75,3.5999999999999996,0,1,0,1,0,1,0,1,15
93,22.0,2,4.319999999999999,0.75,0.75,1.7999999999999998,0,1,0,0,0,1,0,1,15
94,22.0,1,3.5999999999999996,0.75,0.75,3.5999999999999996,1,0,0,1,1,1,0,1,15
95,22.0,4,1.7999999999999998,0.5,0.75,2.52,0,0,1,0,0,1,0,1,15
96,22.0,4,1.7999999999999998,0.75,1.25,5.399999999999999,0,0,1,1,0,1,0,1,15
97,40.0,3,1.7999999999999998,0.5,0.5,1.7999999999999998,0,0,0,1,1,1,0,0,15
98,54.0,4,3.5999999999999996,0.5,0.5,1.7999999999999998,0,0,1,1,0,1,0,1,15
99,22.0,4,1.7999999999999998,0.5,0.5,0.7199999999999999,0,0,1,0,1,1,0,0,15
100,30.0,2,1.7999999999999998,0.5,1.25,50.96,0,1,0,1,0,1,0,1,15
101,22.0,4,1.7999999999999998,0.5,0.5,1.7999999999999998,0,0,1,0,0,1,0,1,15
102,22.0,1,3.5999999999999996,0.5,1.25,5.399999999999999,1,0,0,0,1,1,0,1,15
103,22.0,1,3.5999999999999996,0.5,1.25,5.399999999999999,1,0,0,0,1,1,0,1,15
104,40.0,2,50.025,5.0,1.75,33.349999999999994,0,1,0,1,1,1,0,1,15
105,30.0,4,26.7,1.75,1.25,3.5999999999999996,0,0,1,1,1,1,0,1,15
106,22.0,2,1.7999999999999998,0.5,1.75,8.999999999999998,0,1,0,0,1,1,0,1,15
107,30.0,4,15.0,3.75,3.75,58.8,0,0,1,1,1,1,0,1,15
108,30.0,4,3.5999999999999996,0.75,1.75,7.199999999999999,0,0,1,1,1,1,0,1,15
109,30.0,2,7.199999999999999,1.75,0.75,3.5999999999999996,0,1,0,1,1,1,0,1,15
110,22.0,4,1.7999999999999998,0.5,0.75,5.399999999999999,0,0,1,1,0,1,0,0,15
111,22.0,1,15.0,3.25,0.5,1.7999999999999998,1,0,0,0,0,1,0,1,15
113,30.0,4,1.7999999999999998,0.5,0.5,2.52,0,0,1,1,0,1,0,0,15
114,30.0,2,66.64,4.75,0.5,2.1599999999999997,0,1,0,1,0,1,0,1,15
115,22.0,4,40.05,4.25,0.5,2.52,0,0,1,1,0,1,0,1,15
116,30.0,4,66.75,2.25,0.5,1.7999999999999998,0,0,1,1,0,1,0,1,15
117,22.0,4,7.199999999999999,1.25,1.25,3.5999999999999996,0,0,1,1,1,1,0,1,15
118,22.0,4,2.52,0.75,0.5,2.52,0,0,1,0,0,1,0,0,15
119,30.0,2,3.5999999999999996,0.75,0.5,1.0799999999999998,0,1,0,1,0,1,0,1,15
120,22.0,4,3.5999999999999996,0.5,0.75,3.5999999999999996,0,0,1,1,1,1,0,1,15
121,40.0,4,1.7999999999999998,0.5,0.5,1.7999999999999998,0,0,1,1,0,1,0,1,15
122,40.0,4,0.7199999999999999,0.5,0.5,1.0799999999999998,0,0,1,0,0,1,0,1,15
123,22.0,4,0.7199999999999999,0.5,0.5,0.7199999999999999,0,0,1,0,1,1,0,1,15
124,30.0,4,1.7999999999999998,0.5,1.75,5.399999999999999,0,0,1,1,0,1,0,0,15
125,40.0,4,1.7999999999999998,0.5,0.5,1.7999999999999998,0,0,1,1,0,1,0,1,15
126,30.0,2,26.7,1.75,0.5,1.7999999999999998,0,1,0,1,0,1,0,1,15
127,30.0,4,3.5999999999999996,0.75,0.75,3.5999999999999996,0,0,1,1,1,1,0,1,15
128,22.0,4,16.674999999999997,1.75,2.75,26.7,0,0,1,0,0,1,0,0,15
129,30.0,2,5.399999999999999,1.25,1.25,5.399999999999999,0,1,0,1,1,1,0,1,15
130,22.0,1,1.7999999999999998,0.5,0.75,3.5999999999999996,1,0,0,1,1,1,0,1,15
131,22.0,2,7.199999999999999,1.25,1.75,53.4,0,1,0,1,0,1,0,1,15
132,22.0,3,1.7999999999999998,0.5,0.5,1.7999999999999998,0,0,0,0,0,1,0,0,15
133,22.0,1,13.35,2.25,5.0,40.05,1,0,0,0,0,1,0,1,15
134,40.0,4,58.8,1.75,1.25,58.8,0,0,1,1,0,1,0,1,15
135,22.0,1,6.67,1.25,0.5,0.7199999999999999,1,0,0,0,0,1,0,1,15
137,30.0,3,2.8799999999999994,0.75,0.75,3.5999999999999996,0,0,0,1,1,1,0,1,15
138,22.0,4,3.5999999999999996,0.5,1.75,15.0,0,0,1,0,0,1,0,1,15
139,22.0,4,2.52,0.5,0.5,2.52,0,0,1,1,0,1,0,1,15
141,22.0,4,1.0799999999999998,0.5,0.5,0.7199999999999999,0,0,1,1,1,1,0,1,15
143,22.0,4,40.05,4.25,2.25,26.7,0,0,1,0,0,1,0,1,15
144,22.0,4,26.7,1.75,0.75,3.5999999999999996,0,0,1,0,0,1,0,0,15
145,22.0,4,5.399999999999999,1.25,1.25,5.399999999999999,0,0,1,1,1,1,0,1,15
146,30.0,3,1.0799999999999998,0.5,0.5,3.5999999999999996,0,0,0,1,1,1,0,1,15
147,30.0,1,1.7999999999999998,0.5,0.75,3.5999999999999996,1,0,0,0,1,1,0,1,15
148,54.0,4,1.7999999999999998,0.5,0.75,5.399999999999999,0,0,1,0,0,1,0,1,15
149,22.0,4,2.52,0.75,1.25,5.399999999999999,0,0,1,1,1,1,0,1,15
150,22.0,4,1.7999999999999998,0.75,0.75,1.7999999999999998,0,0,1,1,1,1,0,1,15
151,22.0,4,1.7999999999999998,0.5,0.75,3.5999999999999996,0,0,1,1,1,1,0,1,15
152,22.0,2,50.025,2.25,0.5,1.7999999999999998,0,1,0,0,0,1,0,1,15
153,22.0,4,3.5999999999999996,0.75,0.5,1.7999999999999998,0,0,1,0,1,1,0,0,15
154,22.0,4,1.7999999999999998,0.5,0.5,1.7999999999999998,0,0,1,1,0,1,0,1,15
155,30.0,4,1.7999999999999998,0.5,0.75,3.5999999999999996,0,0,1,1,0,1,0,0,15
156,22.0,4,3.5999999999999996,0.75,0.5,0.7199999999999999,0,0,1,0,1,1,0,0,15
157,22.0,4,5.399999999999999,1.75,0.5,1.0799999999999998,0,0,1,1,1,1,0,1,15
158,54.0,4,3.5999999999999996,0.5,0.75,3.5999999999999996,0,0,1,1,0,1,0,1,15
160,22.0,4,39.199999999999996,1.25,0.75,3.5999999999999996,0,0,1,0,0,1,0,1,15
161,22.0,2,1.0799999999999998,0.5,1.25,3.5999999999999996,0,1,0,0,1,1,0,1,15
162,54.0,4,40.05,1.25,0.75,3.5999999999999996,0,0,1,0,0,1,0,0,15
163,22.0,4,2.52,0.5,2.25,26.7,0,0,1,1,0,1,0,1,15
164,40.0,4,13.35,0.75,0.5,3.5999999999999996,0,0,1,0,0,1,0,1,15
166,30.0,4,7.199999999999999,2.25,1.75,3.5999999999999996,0,0,1,0,1,1,0,0,15
167,30.0,4,3.5999999999999996,1.25,1.25,5.399999999999999,0,0,1,0,1,1,0,0,15
168,30.0,1,5.0,0.5,0.5,13.35,1,0,0,1,1,1,0,1,15
169,30.0,3,0.7199999999999999,0.5,0.5,0.35999999999999993,0,0,0,1,1,1,0,1,15
170,22.0,4,0.35999999999999993,0.5,4.75,0.7199999999999999,0,0,1,1,0,1,0,0,15
171,22.0,4,0.35999999999999993,0.5,0.5,0.7199999999999999,0,0,1,0,0,1,0,0,15
172,30.0,4,10.0,2.25,0.5,1.4399999999999997,0,0,1,0,1,1,0,1,15
173,22.0,4,39.199999999999996,1.75,0.5,1.7999999999999998,0,0,1,0,1,1,0,1,15
174,22.0,4,13.35,1.75,0.75,1.7999999999999998,0,0,1,1,1,1,0,1,15
175,22.0,4,1.7999999999999998,0.5,4.75,78.39999999999999,0,0,1,0,0,1,0,1,15
176,22.0,3,1.7999999999999998,0.5,0.5,1.7999999999999998,0,0,0,0,1,1,0,1,15
177,22.0,4,3.5999999999999996,0.75,0.5,1.7999999999999998,0,0,1,0,1,1,0,0,15
178,40.0,4,58.8,5.0,0.5,3.5999999999999996,0,0,1,0,0,1,0,1,15
179,54.0,4,1.7999999999999998,0.5,3.75,50.025,0,0,1,0,1,1,0,1,15
180,30.0,4,58.8,5.0,4.25,10.0,0,0,1,1,1,1,0,1,15
181,65.0,4,3.5999999999999996,0.5,0.5,3.5999999999999996,0,0,1,0,1,1,0,1,15
182,22.0,3,26.7,3.75,3.25,58.8,0,0,0,1,1,1,0,1,15
183,40.0,4,1.7999999999999998,0.75,0.75,1.7999999999999998,0,0,1,0,0,1,0,1,15
184,30.0,4,13.35,1.25,0.75,5.399999999999999,0,0,1,0,0,1,0,1,15
185,30.0,4,1.7999999999999998,0.5,2.75,58.8,0,0,1,1,0,1,0,1,15
186,30.0,4,7.0,2.75,3.25,7.0,0,0,1,0,0,1,0,1,15
187,30.0,3,1.0799999999999998,0.5,0.75,3.5999999999999996,0,0,0,1,1,1,0,1,15
188,22.0,4,2.1599999999999997,0.5,5.0,66.69999999999999,0,0,1,0,0,1,0,1,15
189,22.0,2,1.7999999999999998,0.5,1.75,11.760000000000002,0,1,0,0,0,1,0,1,15
190,22.0,2,5.399999999999999,0.75,0.5,1.7999999999999998,0,1,0,0,0,1,0,1,15
191,30.0,2,3.5999999999999996,0.75,0.5,1.7999999999999998,0,1,0,0,0,1,0,1,15
192,22.0,3,1.4399999999999997,0.5,0.5,1.4399999999999997,0,0,0,0,0,1,0,0,15
193,22.0,2,10.0,4.25,0.5,1.7999999999999998,0,1,0,0,0,1,0,1,15
194,22.0,4,3.5999999999999996,1.25,2.75,10.0,0,0,1,0,1,1,0,1,15
195,30.0,2,5.0,0.75,1.25,5.399999999999999,0,1,0,1,0,1,0,1,15
196,22.0,4,2.52,0.75,0.75,2.52,0,0,1,1,0,1,0,1,15
198,22.0,4,1.7999999999999998,0.5,0.5,0.7199999999999999,0,0,1,0,0,1,0,1,15
199,22.0,2,2.52,0.5,0.5,1.4399999999999997,0,1,0,0,0,1,0,1,15
200,30.0,4,19.599999999999998,1.75,0.5,0.7199999999999999,0,0,1,1,1,1,0,1,15
201,22.0,4,2.52,0.75,0.5,1.4399999999999997,0,0,1,0,1,1,0,1,15
202,30.0,1,3.5999999999999996,0.5,0.5,1.7999999999999998,1,0,0,1,1,1,0,1,15
203,22.0,1,1.7999999999999998,0.5,0.5,1.7999999999999998,1,0,0,0,1,1,0,1,15
204,22.0,1,3.5999999999999996,0.75,2.25,13.35,1,0,0,0,1,1,0,1,15
205,30.0,4,5.399999999999999,1.25,2.25,5.399999999999999,0,0,1,0,1,1,0,0,15
206,22.0,3,58.8,4.75,0.5,1.7999999999999998,0,0,0,0,1,1,0,0,15
207,30.0,4,5.399999999999999,1.25,0.5,1.7999999999999998,0,0,1,1,1,1,0,1,15
208,22.0,1,3.5999999999999996,0.75,0.75,3.5999999999999996,1,0,0,0,1,1,0,1,15
209,22.0,4,39.199999999999996,2.75,1.25,3.5999999999999996,0,0,1,1,1,1,0,1,15
210,22.0,4,1.7999999999999998,0.5,0.5,0.7199999999999999,0,0,1,0,1,1,0,0,15
211,30.0,4,3.5999999999999996,0.75,0.5,1.7999999999999998,0,0,1,1,1,1,0,0,15
212,22.0,4,53.4,1.75,0.5,1.7999999999999998,0,0,1,0,1,1,0,1,15
213,30.0,4,47.040000000000006,3.75,1.25,5.399999999999999,0,0,1,1,1,1,0,1,15
214,30.0,1,78.39999999999999,3.75,0.5,1.7999999999999998,1,0,0,0,1,1,0,1,15
215,22.0,4,15.0,3.75,0.5,1.4399999999999997,0,0,1,0,1,1,0,1,15
216,22.0,4,3.5999999999999996,0.75,0.75,3.5999999999999996,0,0,1,0,1,1,0,0,15
217,30.0,4,3.5999999999999996,0.75,0.75,3.5999999999999996,0,0,1,1,1,1,0,0,15
218,22.0,4,39.199999999999996,1.75,1.75,26.7,0,0,1,0,1,1,0,1,15
219,22.0,4,1.7999999999999998,0.5,1.25,5.399999999999999,0,0,1,1,1,1,0,0,15
220,22.0,1,3.5999999999999996,0.75,0.5,1.7999999999999998,1,0,0,0,1,1,0,1,15
221,30.0,2,3.5999999999999996,0.75,0.5,1.7999999999999998,0,1,0,0,1,1,0,1,15
222,30.0,4,3.5999999999999996,1.25,0.5,1.7999999999999998,0,0,1,1,1,1,0,0,15
223,30.0,2,1.7999999999999998,0.5,2.25,26.7,0,1,0,1,1,1,0,0,15
224,30.0,4,3.5999999999999996,0.75,0.5,0.7199999999999999,0,0,1,1,1,1,0,0,15
225,22.0,4,3.5999999999999996,1.75,1.25,5.399999999999999,0,0,1,0,1,1,0,0,15
226,22.0,1,1.7999999999999998,0.5,0.75,13.35,1,0,0,0,0,1,0,1,15
227,54.0,4,19.599999999999998,0.75,5.0,93.38000000000001,0,0,1,1,1,1,0,1,15
228,30.0,4,5.399999999999999,1.75,0.5,1.7999999999999998,0,0,1,1,1,1,0,0,15
229,30.0,4,78.39999999999999,5.0,1.25,3.5999999999999996,0,0,1,1,1,1,0,1,15
230,22.0,4,5.0,1.75,0.75,1.7999999999999998,0,0,1,1,1,1,0,1,15
231,30.0,4,0.7199999999999999,0.5,0.5,0.7199999999999999,0,0,1,1,1,1,0,0,15
232,22.0,4,7.199999999999999,2.75,0.75,3.5999999999999996,0,0,1,0,0,1,0,0,15
233,22.0,2,1.7999999999999998,0.5,3.25,7.199999999999999,0,1,0,0,1,1,0,0,15
234,40.0,4,10.005,0.75,0.75,3.5999999999999996,0,0,1,0,1,1,0,1,15
235,30.0,2,1.7999999999999998,0.5,0.5,1.7999999999999998,0,1,0,0,0,1,0,0,15
236,54.0,4,1.4399999999999997,0.75,0.5,1.7999999999999998,0,0,1,0,1,1,0,1,15
238,22.0,3,0.7199999999999999,0.75,0.75,1.0799999999999998,0,0,0,0,1,1,0,0,15
239,40.0,1,5.399999999999999,1.25,0.75,3.5999999999999996,1,0,0,1,1,1,0,1,15
240,22.0,4,0.7199999999999999,0.5,3.25,58.8,0,0,1,1,1,1,0,1,15
241,22.0,1,3.5999999999999996,0.75,0.5,5.0,1,0,0,0,1,1,0,0,15
242,40.0,4,3.5999999999999996,0.75,2.75,39.199999999999996,0,0,1,1,1,1,0,1,15
243,30.0,4,1.0799999999999998,0.5,0.5,0.7199999999999999,0,0,1,0,1,1,0,1,15
245,22.0,2,3.5999999999999996,0.75,0.75,3.5999999999999996,0,1,0,0,0,1,0,0,15
246,22.0,4,1.7999999999999998,0.5,4.75,20.0,0,0,1,0,1,1,0,0,15
248,40.0,2,1.7999999999999998,0.5,0.5,1.7999999999999998,0,1,0,1,1,1,0,0,15
249,40.0,4,3.5999999999999996,0.75,5.0,78.39999999999999,0,0,1,0,1,1,0,1,15
250,22.0,2,2.52,0.75,1.25,10.0,0,1,0,0,1,1,0,0,15
251,30.0,2,1.7999999999999998,0.5,1.25,5.399999999999999,0,1,0,1,1,1,0,1,15
252,22.0,2,66.69999999999999,4.25,1.25,3.5999999999999996,0,1,0,1,1,1,0,1,15
253,22.0,4,1.7999999999999998,0.5,0.5,0.7199999999999999,0,0,1,1,1,1,0,1,15
254,30.0,2,19.599999999999998,1.75,0.5,1.7999999999999998,0,1,0,1,1,1,0,1,15
255,30.0,4,3.5999999999999996,0.75,0.5,1.7999999999999998,0,0,1,0,0,1,0,1,15
256,40.0,4,3.5999999999999996,0.75,0.75,3.5999999999999996,0,0,1,1,1,1,0,1,15
257,22.0,4,0.7199999999999999,0.5,0.5,1.7999999999999998,0,0,1,0,1,1,0,1,15
258,40.0,4,2.52,0.75,1.25,3.5999999999999996,0,0,1,0,0,1,0,1,15
259,22.0,2,33.349999999999994,3.25,2.75,50.025,0,1,0,0,1,1,0,0,15
260,30.0,2,19.599999999999998,0.75,0.5,1.7999999999999998,0,1,0,0,0,1,0,1,15
261,22.0,4,0.7199999999999999,0.5,0.75,5.399999999999999,0,0,1,0,1,1,0,0,15
262,30.0,4,2.52,0.5,1.25,18.69,0,0,1,0,0,1,0,1,15
263,40.0,4,2.52,0.75,1.25,10.0,0,0,1,0,0,1,0,1,15
264,22.0,1,1.0799999999999998,0.5,0.5,2.8799999999999994,1,0,0,0,0,1,0,0,15
265,54.0,4,33.349999999999994,1.75,3.25,40.05,0,0,1,0,0,1,0,1,15
266,22.0,2,39.199999999999996,3.25,1.75,26.7,0,1,0,0,1,1,0,1,15
267,40.0,4,19.599999999999998,0.75,0.5,1.7999999999999998,0,0,1,0,1,1,0,1,15
268,30.0,2,1.7999999999999998,0.5,0.5,1.7999999999999998,0,1,0,0,0,1,0,0,15
269,22.0,4,3.5999999999999996,0.75,1.25,18.69,0,0,1,1,0,1,0,0,15
270,54.0,4,1.7999999999999998,0.5,0.75,3.5999999999999996,0,0,1,0,0,1,0,0,15
271,30.0,4,1.7999999999999998,0.5,0.5,2.1599999999999997,0,0,1,1,1,1,0,0,15
272,22.0,2,98.0,3.75,1.75,58.8,0,1,0,0,1,1,0,1,15
275,30.0,1,3.5999999999999996,0.75,0.75,3.5999999999999996,1,0,0,0,0,1,0,0,15
276,22.0,4,21.36,1.25,0.75,2.52,0,0,1,0,0,1,0,0,15
277,40.0,2,0.7199999999999999,0.5,0.5,1.7999999999999998,0,1,0,1,1,1,0,1,15
279,22.0,2,3.5999999999999996,0.75,5.0,20.0,0,1,0,0,0,1,0,0,15
280,22.0,4,1.7999999999999998,0.5,0.75,3.5999999999999996,0,0,1,0,0,1,0,0,15
281,22.0,4,39.199999999999996,2.75,0.5,1.0799999999999998,0,0,1,0,0,1,0,1,15
282,22.0,4,1.7999999999999998,0.5,0.75,2.52,0,0,1,0,0,1,0,1,15
283,22.0,1,1.7999999999999998,0.5,1.75,39.199999999999996,1,0,0,0,1,1,0,0,15
284,22.0,2,7.0,0.75,0.75,1.7999999999999998,0,1,0,0,0,1,0,1,15
285,40.0,4,2.52,0.5,0.5,2.8799999999999994,0,0,1,0,0,1,0,1,15
286,30.0,2,98.0,5.0,0.75,3.5999999999999996,0,1,0,0,1,1,0,1,15
287,30.0,4,1.4399999999999997,0.5,0.5,2.8799999999999994,0,0,1,0,0,1,0,1,15
288,22.0,4,1.7999999999999998,0.5,0.5,1.7999999999999998,0,0,1,0,1,1,0,0,15
289,22.0,4,2.52,0.75,0.5,1.0799999999999998,0,0,1,0,0,1,0,1,15
290,22.0,3,2.52,0.5,0.5,1.4399999999999997,0,0,0,0,0,1,0,1,15
291,22.0,1,66.69999999999999,5.0,5.0,66.69999999999999,1,0,0,0,1,1,0,1,15
292,30.0,2,2.52,0.75,0.75,2.1599999999999997,0,1,0,0,0,1,0,1,15
293,22.0,4,15.0,2.75,0.5,1.7999999999999998,0,0,1,0,0,1,0,1,15
294,30.0,2,13.0,3.75,5.0,15.0,0,1,0,0,0,1,0,0,15
295,22.0,4,2.52,0.75,0.75,3.5999999999999996,0,0,1,0,0,1,0,1,15
297,22.0,4,1.7999999999999998,0.5,0.75,3.5999999999999996,0,0,1,0,0,1,0,1,15
298,22.0,2,39.199999999999996,0.75,0.5,1.7999999999999998,0,1,0,0,0,1,0,1,15
299,22.0,2,3.5999999999999996,0.75,0.75,3.5999999999999996,0,1,0,0,1,1,0,0,15
300,30.0,4,3.5999999999999996,0.75,0.5,1.7999999999999998,0,0,1,0,0,1,0,0,15
301,30.0,4,19.599999999999998,0.75,0.75,3.5999999999999996,0,0,1,0,0,1,0,1,15
302,22.0,3,16.674999999999997,1.25,1.75,7.0,0,0,0,0,0,1,0,0,15
303,22.0,2,1.7999999999999998,0.5,0.75,2.52,0,1,0,1,0,1,0,1,15
304,30.0,2,19.599999999999998,0.75,0.75,1.0799999999999998,0,1,0,0,0,1,0,1,15
305,22.0,4,1.7999999999999998,0.5,0.5,0.7199999999999999,0,0,1,1,1,1,0,1,15
306,22.0,4,2.1599999999999997,0.5,0.75,3.5999999999999996,0,0,1,0,0,1,0,0,15
307,22.0,1,39.199999999999996,1.25,1.75,15.0,1,0,0,0,1,1,0,1,15
308,22.0,4,1.7999999999999998,0.5,0.5,2.52,0,0,1,0,0,1,0,1,15
309,22.0,2,1.7999999999999998,0.5,0.75,2.1599999999999997,0,1,0,1,0,1,0,1,15
310,22.0,4,7.199999999999999,1.75,0.5,1.7999999999999998,0,0,1,0,1,1,0,0,15
311,54.0,4,5.399999999999999,0.75,0.75,3.5999999999999996,0,0,1,1,0,1,0,1,15
312,22.0,4,1.0799999999999998,0.5,0.5,1.7999999999999998,0,0,1,0,0,1,0,1,15
313,30.0,2,1.7999999999999998,0.5,0.75,3.5999999999999996,0,1,0,1,0,1,0,1,15
314,22.0,4,3.5999999999999996,0.75,0.75,3.5999999999999996,0,0,1,0,1,1,0,1,15
315,30.0,4,1.7999999999999998,0.5,4.75,53.4,0,0,1,0,1,1,0,1,15
316,22.0,4,0.7199999999999999,0.5,3.25,26.7,0,0,1,0,0,1,0,0,15
317,30.0,4,1.7999999999999998,0.5,4.75,66.69999999999999,0,0,1,1,0,1,0,1,15
318,22.0,4,1.7999999999999998,0.5,1.25,5.399999999999999,0,0,1,0,1,1,0,0,15
319,22.0,4,5.399999999999999,1.25,1.25,3.5999999999999996,0,0,1,0,1,1,0,1,15
320,30.0,4,2.52,0.5,0.5,2.8799999999999994,0,0,1,0,0,1,0,1,15
321,22.0,4,1.7999999999999998,0.5,5.0,40.05,0,0,1,0,0,1,0,0,15
322,22.0,3,25.0,4.75,0.5,1.7999999999999998,0,0,0,0,0,1,0,0,15
323,30.0,2,1.7999999999999998,0.5,3.75,58.8,0,1,0,0,1,1,0,1,15
324,40.0,4,2.52,0.5,0.75,2.8799999999999994,0,0,1,0,0,1,0,1,15
325,22.0,3,1.7999999999999998,0.5,0.5,1.0799999999999998,0,0,0,0,0,1,0,0,15
326,30.0,4,1.7999999999999998,0.5,0.75,3.5999999999999996,0,0,1,1,1,1,0,1,15
327,30.0,4,1.7999999999999998,0.5,0.5,0.7199999999999999,0,0,1,1,1,1,0,0,15
328,30.0,4,3.5999999999999996,1.25,0.5,1.7999999999999998,0,0,1,1,1,1,0,1,15
329,22.0,4,3.5999999999999996,0.75,0.5,1.7999999999999998,0,0,1,1,1,1,0,0,15
330,30.0,2,1.7999999999999998,0.5,0.75,5.399999999999999,0,1,0,1,0,1,0,1,15
331,22.0,2,1.7999999999999998,0.5,0.5,3.5999999999999996,0,1,0,1,0,1,0,1,15
333,22.0,2,3.5999999999999996,0.5,0.5,0.7199999999999999,0,1,0,1,0,1,0,1,15
334,30.0,2,13.35,1.25,0.5,1.7999999999999998,0,1,0,1,0,1,0,1,15
335,54.0,4,3.5999999999999996,0.75,0.5,1.7999999999999998,0,0,1,0,1,1,0,0,15
336,30.0,4,3.5999999999999996,0.75,0.5,1.4399999999999997,0,0,1,1,0,1,0,1,15
337,54.0,4,5.0,0.75,0.5,3.5999999999999996,0,0,1,1,0,1,0,1,15
338,22.0,4,98.0,5.0,0.75,1.7999999999999998,0,0,1,1,0,1,0,1,15
339,22.0,1,1.7999999999999998,0.5,0.75,2.52,1,0,0,0,0,1,0,1,15
340,22.0,4,98.0,5.0,0.5,1.4399999999999997,0,0,1,1,0,1,0,1,15
341,22.0,4,0.7199999999999999,0.5,0.75,3.5999999999999996,0,0,1,1,1,1,0,1,15
342,22.0,4,39.199999999999996,1.75,3.75,26.7,0,0,1,0,0,1,0,1,15
343,40.0,4,3.5999999999999996,0.75,0.5,1.7999999999999998,0,0,1,1,1,1,0,1,15
344,40.0,4,3.5999999999999996,0.75,0.5,1.7999999999999998,0,0,1,1,1,1,0,0,15
345,22.0,4,1.0799999999999998,0.5,0.75,3.5999999999999996,0,0,1,1,0,1,0,1,15
346,22.0,2,5.399999999999999,1.25,0.75,3.5999999999999996,0,1,0,0,0,1,0,1,15
347,30.0,3,6.479999999999999,3.25,1.75,5.0,0,0,0,0,1,1,0,1,15
348,40.0,1,39.199999999999996,3.75,0.5,1.7999999999999998,1,0,0,1,1,1,0,1,15
349,40.0,4,1.0799999999999998,0.5,0.5,1.4399999999999997,0,0,1,0,0,1,0,1,15
350,22.0,4,1.7999999999999998,0.5,0.5,0.7199999999999999,0,0,1,0,0,1,0,0,15
351,22.0,3,1.0799999999999998,0.5,0.5,0.35999999999999993,0,0,0,1,1,1,0,1,15
352,30.0,4,1.7999999999999998,0.5,0.5,1.7999999999999998,0,0,1,1,1,1,0,1,15
353,22.0,2,1.0799999999999998,0.5,0.5,0.7199999999999999,0,1,0,0,0,1,0,1,15
354,22.0,2,40.05,1.25,0.5,2.8799999999999994,0,1,0,0,0,1,0,1,15
355,54.0,4,13.35,0.5,0.75,2.8799999999999994,0,0,1,0,0,1,0,1,15
356,30.0,2,2.8799999999999994,0.75,3.75,10.0,0,1,0,1,0,1,0,1,15
357,22.0,2,3.5999999999999996,0.75,2.75,15.0,0,1,0,0,0,1,0,1,15
358,22.0,4,5.399999999999999,0.75,0.75,3.5999999999999996,0,0,1,1,1,1,0,0,15
359,22.0,4,1.7999999999999998,0.5,0.75,3.5999999999999996,0,0,1,0,1,1,0,0,15
360,22.0,4,0.7199999999999999,0.5,1.75,21.36,0,0,1,0,0,1,0,1,15
361,40.0,1,1.7999999999999998,0.5,0.5,0.35999999999999993,1,0,0,1,1,1,0,1,15
362,22.0,2,4.68,0.75,0.5,1.7999999999999998,0,1,0,0,0,1,0,1,15
363,30.0,1,5.399999999999999,0.75,0.5,1.0799999999999998,1,0,0,0,0,1,0,1,15
364,22.0,4,2.52,0.5,0.5,3.5999999999999996,0,0,1,0,1,1,0,0,15
365,30.0,4,1.0799999999999998,0.5,0.75,2.1599999999999997,0,0,1,1,1,1,0,1,15
366,22.0,2,26.7,1.75,3.75,78.39999999999999,0,1,0,1,1,1,0,0,15
367,22.0,4,3.5999999999999996,0.75,0.75,3.5999999999999996,0,0,1,0,1,1,0,0,15
368,30.0,1,33.349999999999994,1.25,0.5,1.7999999999999998,1,0,0,1,1,1,0,1,15
369,22.0,4,1.7999999999999998,0.5,0.5,1.7999999999999998,0,0,1,1,1,1,0,0,15
370,30.0,4,0.7199999999999999,0.5,0.5,1.0799999999999998,0,0,1,1,1,1,0,1,15
371,30.0,4,1.7999999999999998,0.5,1.25,19.599999999999998,0,0,1,1,1,1,0,1,15
372,22.0,1,3.5999999999999996,0.75,1.75,19.599999999999998,1,0,0,0,1,1,0,0,15
373,22.0,4,1.7999999999999998,0.5,0.5,1.7999999999999998,0,0,1,0,1,1,0,0,15
374,22.0,4,5.399999999999999,1.25,0.75,3.5999999999999996,0,0,1,1,1,1,0,0,15
375,22.0,4,2.52,0.75,2.25,7.199999999999999,0,0,1,1,0,1,0,0,15
376,22.0,2,8.999999999999998,1.75,0.5,0.7199999999999999,0,1,0,0,1,1,0,1,15
377,22.0,4,1.0799999999999998,0.5,0.75,2.52,0,0,1,0,0,1,0,0,15
378,22.0,1,1.7999999999999998,0.5,0.5,1.7999999999999998,1,0,0,0,1,1,0,0,15
380,22.0,4,1.7999999999999998,0.5,0.75,7.199999999999999,0,0,1,0,1,1,0,1,15
381,22.0,4,1.4399999999999997,0.5,1.25,26.7,0,0,1,0,0,1,0,0,15
382,22.0,2,1.7999999999999998,0.5,1.25,26.7,0,1,0,1,0,1,0,1,15
383,22.0,4,1.7999999999999998,0.5,1.25,26.7,0,0,1,0,1,1,0,1,15
384,22.0,4,3.5999999999999996,0.75,0.5,1.7999999999999998,0,0,1,1,1,1,0,0,15
385,30.0,3,1.7999999999999998,0.5,1.25,18.69,0,0,0,1,0,1,0,1,15
386,22.0,1,2.52,0.75,0.75,2.52,1,0,0,0,1,1,0,0,15
387,22.0,4,1.7999999999999998,0.5,0.5,2.0,0,0,1,1,1,1,0,0,15
390,30.0,2,1.7999999999999998,0.5,1.25,18.69,0,1,0,1,0,1,0,1,15
391,40.0,3,5.399999999999999,1.25,0.75,2.52,0,0,0,1,1,1,0,1,15
392,22.0,2,5.399999999999999,1.25,2.75,10.0,0,1,0,1,1,1,0,1,15
393,22.0,2,39.199999999999996,1.75,0.5,1.7999999999999998,0,1,0,0,1,1,0,0,15
394,22.0,4,1.7999999999999998,0.5,0.75,3.5999999999999996,0,0,1,1,1,1,0,1,15
395,30.0,4,0.7199999999999999,0.5,0.5,3.5999999999999996,0,0,1,1,1,1,0,0,15
396,22.0,4,3.0,0.5,0.5,0.7199999999999999,0,0,1,0,1,1,0,1,15
397,22.0,4,3.5999999999999996,0.75,0.75,3.5999999999999996,0,0,1,1,1,1,0,1,15
398,22.0,2,5.0,1.25,0.75,3.5999999999999996,0,1,0,1,0,1,0,1,15
399,22.0,2,5.399999999999999,1.25,1.25,5.399999999999999,0,1,0,0,0,1,0,1,15
400,22.0,4,2.52,0.75,0.5,1.0799999999999998,0,0,1,1,0,1,0,1,15
401,22.0,2,7.199999999999999,1.75,0.5,0.7199999999999999,0,1,0,1,0,1,0,1,15
402,22.0,4,58.8,5.0,0.5,1.7999999999999998,0,0,1,0,1,1,0,1,15
403,40.0,4,15.0,5.0,0.5,1.7999999999999998,0,0,1,1,1,1,0,1,15
404,30.0,4,58.8,3.75,0.5,1.7999999999999998,0,0,1,1,0,1,0,1,15
405,22.0,4,78.39999999999999,5.0,4.25,40.05,0,0,1,1,0,1,0,1,15
406,22.0,4,1.7999999999999998,0.5,0.5,1.7999999999999998,0,0,1,0,0,1,0,1,15
407,22.0,4,1.7999999999999998,0.5,0.75,1.7999999999999998,0,0,1,1,0,1,0,1,15
408,30.0,2,3.5999999999999996,0.75,0.5,1.7999999999999998,0,1,0,1,1,1,0,1,15
410,22.0,2,19.599999999999998,2.75,0.5,1.7999999999999998,0,1,0,1,1,1,0,1,15
413,22.0,4,5.399999999999999,1.25,1.25,5.399999999999999,0,0,1,1,1,1,0,1,15
414,22.0,1,39.199999999999996,0.75,0.5,0.7199999999999999,1,0,0,0,1,1,0,1,15
415,40.0,4,1.7999999999999998,0.5,0.75,1.7999999999999998,0,0,1,0,0,1,0,1,15
416,40.0,2,5.0,0.75,2.25,10.0,0,1,0,1,0,1,0,1,15
417,30.0,1,3.5999999999999996,0.5,0.5,1.7999999999999998,1,0,0,1,1,1,0,1,15
418,22.0,1,39.199999999999996,1.25,0.5,1.7999999999999998,1,0,0,0,1,1,0,1,15
419,22.0,4,1.0799999999999998,0.5,0.5,1.7999999999999998,0,0,1,0,1,1,0,0,15
421,22.0,3,98.0,5.0,0.5,1.7999999999999998,0,0,0,1,1,1,0,1,15
422,22.0,1,7.199999999999999,1.25,0.75,3.5999999999999996,1,0,0,1,1,1,0,0,15
423,22.0,1,3.5999999999999996,0.75,0.75,3.5999999999999996,1,0,0,1,1,1,0,0,15
424,30.0,1,5.399999999999999,1.25,0.5,1.7999999999999998,1,0,0,1,1,1,0,0,15
425,22.0,4,3.5999999999999996,0.75,0.5,1.7999999999999998,0,0,1,0,0,1,0,1,15
427,30.0,4,5.399999999999999,1.25,0.75,3.5999999999999996,0,0,1,1,1,1,0,1,15
428,22.0,2,1.7999999999999998,0.5,0.5,1.7999999999999998,0,1,0,1,0,1,0,0,15
429,30.0,4,2.52,0.5,0.5,1.7999999999999998,0,0,1,0,1,1,0,0,15
431,54.0,4,3.5999999999999996,0.75,0.5,1.7999999999999998,0,0,1,0,0,1,0,1,15
432,22.0,3,39.199999999999996,2.25,1.25,3.5999999999999996,0,0,0,0,0,1,0,0,15
434,22.0,1,19.599999999999998,1.25,0.75,2.1599999999999997,1,0,0,0,1,1,0,1,15
436,22.0,2,5.399999999999999,1.25,0.75,3.5999999999999996,0,1,0,0,0,1,0,1,15
437,40.0,4,1.7999999999999998,0.75,0.5,1.7999999999999998,0,0,1,1,0,1,0,1,15
438,22.0,3,4.68,0.75,0.75,2.52,0,0,0,1,0,1,0,0,15
439,22.0,4,3.5999999999999996,0.75,4.75,40.05,0,0,1,0,0,1,0,0,15
440,22.0,4,5.399999999999999,0.75,0.5,1.7999999999999998,0,0,1,1,1,1,0,0,15
441,22.0,2,8.0,0.75,0.75,2.8799999999999994,0,1,0,0,0,1,0,1,15
442,22.0,4,3.5999999999999996,0.75,0.5,2.1599999999999997,0,0,1,0,0,1,0,0,15
443,22.0,1,5.399999999999999,0.75,0.75,3.5999999999999996,1,0,0,0,1,1,0,1,15
444,22.0,4,1.7999999999999998,0.5,0.75,2.52,0,0,1,0,0,1,0,1,15
445,30.0,2,1.7999999999999998,0.5,2.25,21.36,0,1,0,1,0,1,0,1,15
446,22.0,2,1.7999999999999998,0.5,3.25,39.199999999999996,0,1,0,1,1,1,0,1,15
447,22.0,3,1.4399999999999997,0.5,0.75,3.5999999999999996,0,0,0,0,0,1,0,0,15
448,22.0,2,1.7999999999999998,0.75,0.5,1.7999999999999998,0,1,0,0,0,1,0,1,15
449,30.0,4,1.7999999999999998,0.5,0.5,5.399999999999999,0,0,1,1,1,1,0,0,15
450,22.0,4,1.7999999999999998,0.5,0.75,2.52,0,0,1,0,0,1,0,1,15
451,22.0,2,15.0,2.25,1.25,7.199999999999999,0,1,0,0,0,1,0,1,15
452,22.0,4,0.7199999999999999,0.5,0.5,1.7999999999999998,0,0,1,1,1,1,0,0,15
453,22.0,4,4.319999999999999,0.75,0.5,1.7999999999999998,0,0,1,1,1,1,0,0,15
454,22.0,1,3.5999999999999996,0.5,0.5,0.7199999999999999,1,0,0,1,1,1,0,0,15
455,22.0,4,3.5999999999999996,0.75,0.5,1.4399999999999997,0,0,1,0,1,1,0,1,15
456,40.0,1,1.7999999999999998,0.5,1.25,5.399999999999999,1,0,0,0,1,1,0,1,15
457,30.0,2,19.599999999999998,0.75,0.5,0.7199999999999999,0,1,0,1,1,1,0,1,15
458,30.0,4,1.7999999999999998,0.75,5.0,53.4,0,0,1,0,1,1,0,1,15
459,22.0,4,0.7199999999999999,0.5,1.25,5.399999999999999,0,0,1,0,1,1,0,1,15
460,30.0,1,0.7199999999999999,0.5,2.25,47.040000000000006,1,0,0,0,1,1,0,1,15
461,22.0,3,1.7999999999999998,0.5,0.75,3.5999999999999996,0,0,0,1,1,1,0,0,15
462,22.0,4,1.7999999999999998,0.5,0.75,3.5999999999999996,0,0,1,0,1,1,0,1,15
463,30.0,1,1.7999999999999998,0.5,0.75,3.5999999999999996,1,0,0,0,1,1,0,1,15
464,30.0,4,1.7999999999999998,0.5,0.5,1.0799999999999998,0,0,1,1,1,1,0,1,15
465,40.0,2,78.39999999999999,3.75,1.25,5.399999999999999,0,1,0,1,1,1,0,1,15
466,22.0,1,1.0799999999999998,0.5,0.5,1.7999999999999998,1,0,0,1,1,1,0,1,15
467,22.0,4,7.199999999999999,0.75,0.5,1.7999999999999998,0,0,1,1,1,1,0,1,15
468,40.0,4,3.5999999999999996,0.75,3.25,40.05,0,0,1,0,0,1,0,1,15
469,22.0,4,1.7999999999999998,0.5,4.75,39.199999999999996,0,0,1,1,0,1,0,0,15
470,22.0,1,1.7999999999999998,0.5,0.75,3.5999999999999996,1,0,0,1,1,1,0,0,15
471,40.0,4,1.7999999999999998,0.5,1.25,3.5999999999999996,0,0,1,0,0,1,0,1,15
472,22.0,4,1.7999999999999998,0.5,0.75,3.5999999999999996,0,0,1,0,0,1,0,1,15
473,54.0,4,40.05,2.25,0.75,1.7999999999999998,0,0,1,0,0,1,0,1,15
474,22.0,1,1.7999999999999998,0.5,5.0,7.199999999999999,1,0,0,0,0,1,0,1,15
475,30.0,4,1.7999999999999998,0.5,1.25,4.319999999999999,0,0,1,0,1,1,0,0,15
476,22.0,1,5.399999999999999,1.75,0.5,1.7999999999999998,1,0,0,0,1,1,0,1,15
477,22.0,4,3.5999999999999996,0.75,0.5,1.7999999999999998,0,0,1,0,1,1,0,0,15
478,22.0,4,1.7999999999999998,0.5,0.75,7.84,0,0,1,0,1,1,0,1,15
479,22.0,4,1.0799999999999998,0.5,1.25,5.399999999999999,0,0,1,0,0,1,0,1,15
480,22.0,4,15.0,3.25,1.25,5.399999999999999,0,0,1,0,0,1,0,1,15
481,22.0,4,1.7999999999999998,0.5,0.5,3.5999999999999996,0,0,1,1,1,1,0,1,15
482,22.0,4,3.5999999999999996,0.5,0.5,5.399999999999999,0,0,1,1,1,1,0,0,15
483,22.0,4,1.7999999999999998,0.5,0.5,1.7999999999999998,0,0,1,1,0,1,0,0,15
485,30.0,4,1.7999999999999998,0.5,3.25,50.025,0,0,1,0,1,1,0,1,15
486,40.0,4,40.05,2.25,1.75,32.04,0,0,1,0,1,1,0,0,15
487,22.0,2,2.52,0.75,1.75,39.199999999999996,0,1,0,0,1,1,0,1,15
488,30.0,1,3.5999999999999996,0.75,0.75,3.5999999999999996,1,0,0,1,1,1,0,1,15
489,22.0,1,39.199999999999996,0.75,0.5,1.7999999999999998,1,0,0,0,1,1,0,1,15
490,30.0,4,10.0,1.75,0.5,0.7199999999999999,0,0,1,0,1,1,0,0,15
491,22.0,1,1.7999999999999998,0.5,0.75,3.5999999999999996,1,0,0,0,1,1,0,1,15
492,22.0,4,10.0,1.75,2.25,10.0,0,0,1,0,1,1,0,1,15
493,30.0,4,3.5999999999999996,0.5,2.25,47.040000000000006,0,0,1,1,1,1,0,1,15
494,30.0,4,39.199999999999996,1.75,1.25,3.5999999999999996,0,0,1,1,1,1,0,1,15
495,22.0,1,39.199999999999996,1.75,0.5,2.52,1,0,0,0,1,1,0,1,15
496,40.0,4,0.7199999999999999,0.5,0.5,1.0799999999999998,0,0,1,1,0,1,0,0,15
497,54.0,4,1.7999999999999998,0.5,0.75,13.35,0,0,1,1,0,1,0,1,15
498,22.0,1,27.44,1.75,1.75,12.0,1,0,0,0,1,1,0,1,15
499,30.0,2,1.7999999999999998,0.5,0.5,1.7999999999999998,0,1,0,1,0,1,0,1,15
500,54.0,4,2.52,0.5,1.25,2.8799999999999994,0,0,1,0,0,1,0,1,15
501,22.0,1,3.5999999999999996,1.25,0.75,3.5999999999999996,1,0,0,1,1,1,0,1,15
502,22.0,2,10.0,3.25,0.75,3.5999999999999996,0,1,0,0,0,1,0,1,15
503,22.0,4,1.4399999999999997,0.5,0.75,3.5999999999999996,0,0,1,1,0,1,0,1,15
504,30.0,4,3.5999999999999996,0.75,1.25,3.5999999999999996,0,0,1,1,1,1,0,1,15
505,22.0,4,1.7999999999999998,0.5,0.75,2.52,0,0,1,0,0,1,0,1,15
506,40.0,4,2.52,0.75,0.5,1.7999999999999998,0,0,1,1,0,1,0,1,15
507,22.0,4,4.319999999999999,0.5,0.5,1.7999999999999998,0,0,1,0,1,1,0,0,15
508,30.0,4,19.599999999999998,1.25,1.25,7.199999999999999,0,0,1,1,0,1,0,1,15
509,40.0,4,1.7999999999999998,0.5,5.0,66.75,0,0,1,1,1,1,0,1,15
510,22.0,4,5.0,0.75,0.75,1.0799999999999998,0,0,1,0,0,1,0,1,15
511,30.0,4,5.399999999999999,1.75,3.75,26.7,0,0,1,1,1,1,0,0,15
512,30.0,4,1.7999999999999998,0.75,0.5,1.7999999999999998,0,0,1,1,1,1,0,1,15
513,22.0,4,1.7999999999999998,0.75,0.5,1.4399999999999997,0,0,1,1,0,1,0,1,15
514,22.0,3,1.7999999999999998,0.5,0.5,2.52,0,0,0,0,1,1,0,0,15
515,40.0,4,0.7199999999999999,0.5,0.5,1.0799999999999998,0,0,1,0,0,1,0,1,15
516,22.0,2,19.599999999999998,1.25,0.75,3.5999999999999996,0,1,0,1,1,1,0,1,15
517,40.0,4,2.52,0.5,1.25,4.68,0,0,1,1,1,1,0,1,15
518,22.0,4,3.5999999999999996,0.75,0.5,2.52,0,0,1,0,0,1,0,1,15
519,40.0,4,1.0799999999999998,0.5,0.75,26.7,0,0,1,1,0,1,0,1,15
520,22.0,4,26.7,2.75,0.5,1.7999999999999998,0,0,1,0,1,1,0,1,15
521,22.0,4,3.5999999999999996,0.75,2.75,10.0,0,0,1,0,1,1,0,0,15
522,30.0,4,2.1599999999999997,0.75,0.75,3.5999999999999996,0,0,1,1,1,1,0,0,15
523,22.0,4,5.399999999999999,1.25,0.5,1.7999999999999998,0,0,1,1,1,1,0,0,15
524,22.0,4,3.5999999999999996,0.75,0.75,3.5999999999999996,0,0,1,0,1,1,0,1,15
525,22.0,4,10.0,2.25,3.25,5.399999999999999,0,0,1,0,1,1,0,1,15
526,22.0,4,3.5999999999999996,0.75,1.25,2.8799999999999994,0,0,1,1,1,1,0,0,15
527,22.0,4,40.05,4.25,0.75,3.5999999999999996,0,0,1,1,0,1,0,1,15
528,22.0,4,2.52,0.75,0.75,2.52,0,0,1,0,0,1,0,1,15
529,30.0,2,1.7999999999999998,0.5,0.5,1.7999999999999998,0,1,0,0,1,1,0,1,15
530,22.0,1,8.999999999999998,2.25,1.25,5.399999999999999,1,0,0,1,1,1,0,1,15
531,22.0,4,1.7999999999999998,0.5,0.5,1.0799999999999998,0,0,1,0,0,1,0,1,15
532,30.0,4,5.399999999999999,1.75,0.5,2.52,0,0,1,0,1,1,0,0,15
533,22.0,4,1.7999999999999998,0.5,0.75,1.7999999999999998,0,0,1,0,0,1,0,1,15
534,22.0,1,53.4,5.0,0.5,1.0799999999999998,1,0,0,0,1,1,0,0,15
535,22.0,2,0.7199999999999999,0.5,0.5,1.7999999999999998,0,1,0,0,0,1,0,1,15
537,22.0,4,32.04,4.25,2.75,39.199999999999996,0,0,1,1,1,1,0,1,15
538,22.0,4,4.68,1.25,0.5,2.8799999999999994,0,0,1,0,1,1,0,0,15
539,30.0,4,3.5999999999999996,0.75,0.5,0.35999999999999993,0,0,1,1,1,1,0,0,15
540,22.0,3,1.7999999999999998,0.5,0.5,1.7999999999999998,0,0,0,0,1,1,0,0,15
541,22.0,4,3.5999999999999996,0.75,0.5,0.35999999999999993,0,0,1,0,1,1,0,0,15
542,30.0,4,3.5999999999999996,0.75,0.5,1.7999999999999998,0,0,1,1,1,1,0,0,15
543,22.0,2,1.7999999999999998,0.5,0.75,2.52,0,1,0,1,1,1,0,0,15
544,40.0,4,3.5999999999999996,0.5,0.5,1.0799999999999998,0,0,1,0,1,1,0,0,15
545,22.0,4,3.5999999999999996,0.75,1.25,7.199999999999999,0,0,1,0,1,1,0,0,15
546,22.0,4,3.5999999999999996,0.75,0.5,1.7999999999999998,0,0,1,1,1,1,0,1,15
547,22.0,4,1.7999999999999998,0.5,0.75,2.52,0,0,1,1,1,1,0,1,15
548,22.0,4,1.7999999999999998,0.5,4.75,58.8,0,0,1,0,1,1,0,1,15
549,22.0,1,7.199999999999999,1.25,1.25,5.399999999999999,1,0,0,1,1,1,0,1,15
550,30.0,4,2.52,0.5,0.75,3.5999999999999996,0,0,1,1,1,1,0,1,15
551,22.0,4,3.5999999999999996,0.75,0.5,1.7999999999999998,0,0,1,1,1,1,0,0,15
552,30.0,4,39.199999999999996,3.25,0.75,3.5999999999999996,0,0,1,1,1,1,0,1,15
553,30.0,4,16.674999999999997,1.75,1.75,33.349999999999994,0,0,1,0,1,1,0,0,15
555,40.0,4,19.599999999999998,0.5,0.75,7.0,0,0,1,0,0,1,0,1,15
556,22.0,3,1.7999999999999998,0.5,0.5,1.7999999999999998,0,0,0,1,0,1,0,0,15
557,40.0,4,10.0,5.0,1.25,5.399999999999999,0,0,1,1,1,1,0,1,15
558,22.0,4,1.7999999999999998,0.5,4.25,32.04,0,0,1,0,1,1,0,0,15
559,40.0,4,1.7999999999999998,0.5,0.75,2.52,0,0,1,0,0,1,0,1,15
560,22.0,4,3.5999999999999996,0.75,0.75,3.5999999999999996,0,0,1,0,0,1,0,1,15
561,40.0,2,3.5999999999999996,0.75,0.5,1.0799999999999998,0,1,0,1,1,1,0,1,15
562,54.0,4,1.7999999999999998,0.5,0.5,1.7999999999999998,0,0,1,0,0,1,0,0,15
563,40.0,4,1.7999999999999998,0.5,1.25,5.399999999999999,0,0,1,0,0,1,0,1,15
564,54.0,4,1.7999999999999998,0.5,0.5,2.52,0,0,1,0,0,1,0,0,15
565,54.0,4,1.7999999999999998,0.5,0.75,2.8799999999999994,0,0,1,0,0,1,0,1,15
566,40.0,2,39.199999999999996,1.75,0.75,1.7999999999999998,0,1,0,1,1,1,0,1,15
567,30.0,4,1.7999999999999998,0.5,0.75,19.599999999999998,0,0,1,1,1,1,0,1,15
570,22.0,2,1.4399999999999997,0.5,0.5,1.0799999999999998,0,1,0,1,0,1,0,1,15
571,22.0,4,26.7,1.25,0.75,13.35,0,0,1,1,1,1,0,1,15
572,40.0,4,1.7999999999999998,0.5,0.5,1.7999999999999998,0,0,1,1,0,1,0,1,15
573,30.0,4,3.5999999999999996,0.75,0.75,3.5999999999999996,0,0,1,1,0,1,0,1,15
574,30.0,4,39.199999999999996,1.75,1.75,20.0,0,0,1,1,1,1,0,1,15
575,22.0,2,1.7999999999999998,0.5,0.75,1.7999999999999998,0,1,0,0,0,1,0,0,15
576,22.0,2,3.5999999999999996,0.75,3.25,40.05,0,1,0,0,0,1,0,1,15
577,22.0,4,2.52,0.75,0.5,1.7999999999999998,0,0,1,0,0,1,0,0,15
578,22.0,4,5.399999999999999,0.75,0.5,1.7999999999999998,0,0,1,0,0,1,0,1,15
579,22.0,4,3.5999999999999996,0.75,0.5,1.7999999999999998,0,0,1,1,1,1,0,0,15
580,40.0,4,1.7999999999999998,0.5,0.5,1.7999999999999998,0,0,1,1,0,1,0,1,15
581,30.0,4,5.0,1.25,0.5,1.0799999999999998,0,0,1,1,0,1,0,1,15
583,22.0,4,20.0,2.75,0.5,1.7999999999999998,0,0,1,0,0,1,0,1,15
584,40.0,4,5.399999999999999,1.25,0.5,1.7999999999999998,0,0,1,0,1,1,0,1,15
585,30.0,4,1.7999999999999998,0.5,0.5,0.7199999999999999,0,0,1,1,1,1,0,0,15
586,22.0,4,39.199999999999996,2.25,0.5,1.7999999999999998,0,0,1,1,1,1,0,1,15
587,22.0,1,3.5999999999999996,0.75,0.5,2.52,1,0,0,0,0,1,0,1,15
588,22.0,4,3.0,0.5,0.75,2.52,0,0,1,1,0,1,0,1,15
589,22.0,4,40.05,5.0,0.5,1.7999999999999998,0,0,1,0,1,1,0,0,15
590,22.0,4,3.5999999999999996,0.75,0.5,0.35999999999999993,0,0,1,1,1,1,0,1,15
591,30.0,4,5.399999999999999,0.75,0.5,0.7199999999999999,0,0,1,1,1,1,0,1,15
592,22.0,2,3.5999999999999996,0.75,0.5,1.7999999999999998,0,1,0,1,1,1,0,0,15
593,30.0,4,2.8799999999999994,0.5,0.75,3.5999999999999996,0,0,1,1,1,1,0,1,15
594,30.0,1,0.7199999999999999,0.5,1.75,19.599999999999998,1,0,0,1,1,1,0,1,15
595,54.0,4,16.674999999999997,0.5,0.5,1.7999999999999998,0,0,1,1,1,1,0,0,15
596,22.0,2,3.5999999999999996,0.75,0.5,1.7999999999999998,0,1,0,1,1,1,0,0,15
597,22.0,4,58.8,1.25,1.75,26.7,0,0,1,1,1,1,0,1,15
598,54.0,3,1.7999999999999998,0.5,0.75,2.52,0,0,0,1,1,1,0,1,15
599,22.0,2,7.199999999999999,1.25,0.75,1.7999999999999998,0,1,0,1,0,1,0,0,15
600,54.0,4,1.7999999999999998,0.5,3.75,40.05,0,0,1,0,1,1,0,1,15
601,30.0,1,0.7199999999999999,0.5,0.5,1.0799999999999998,1,0,0,1,1,1,0,1,15
602,30.0,1,7.199999999999999,1.75,1.75,7.199999999999999,1,0,0,0,1,1,0,0,15
603,30.0,4,78.39999999999999,4.75,0.5,1.0799999999999998,0,0,1,1,1,1,0,1,15
604,40.0,4,4.68,0.75,1.75,21.36,0,0,1,1,0,1,0,1,15
605,22.0,2,7.0,1.75,2.75,13.35,0,1,0,0,0,1,0,1,15
606,22.0,4,1.7999999999999998,0.5,0.75,3.5999999999999996,0,0,1,0,1,1,0,0,15
607,22.0,4,0.7199999999999999,0.5,0.5,1.7999999999999998,0,0,1,0,1,1,0,0,15
608,22.0,2,5.0,0.75,5.0,40.05,0,1,0,0,0,1,0,1,15
609,22.0,1,5.0,0.75,1.75,10.0,1,0,0,1,1,1,0,1,15
610,30.0,1,5.399999999999999,0.75,0.5,1.0799999999999998,1,0,0,1,1,1,0,1,15
611,30.0,3,8.999999999999998,3.25,0.75,3.5999999999999996,0,0,0,0,1,1,0,0,15
612,22.0,1,2.8799999999999994,0.75,2.75,20.0,1,0,0,0,1,1,0,1,15
613,22.0,4,2.8799999999999994,0.75,0.5,1.7999999999999998,0,0,1,1,1,1,0,0,15
614,22.0,1,3.5999999999999996,0.75,0.5,1.0799999999999998,1,0,0,0,1,1,0,0,15
615,22.0,3,1.0799999999999998,0.5,0.5,1.7999999999999998,0,0,0,1,1,1,0,0,15
616,30.0,1,1.7999999999999998,0.5,0.75,5.399999999999999,1,0,0,1,1,1,0,1,15
617,30.0,1,1.7999999999999998,0.5,0.75,3.5999999999999996,1,0,0,1,1,1,0,1,15
618,22.0,1,78.39999999999999,3.75,0.5,1.7999999999999998,1,0,0,1,1,1,0,1,15
619,40.0,3,3.5999999999999996,0.75,1.75,40.02,0,0,0,1,1,1,0,1,15
620,30.0,4,5.399999999999999,1.75,1.25,5.399999999999999,0,0,1,0,1,1,0,1,15
621,22.0,4,3.5999999999999996,0.5,0.75,3.5999999999999996,0,0,1,1,1,1,0,0,15
622,40.0,4,4.0,0.75,0.75,1.7999999999999998,0,0,1,0,0,1,0,1,15
623,30.0,4,1.0799999999999998,0.5,0.75,3.5999999999999996,0,0,1,0,0,1,0,1,15
624,30.0,1,58.8,3.25,0.75,3.5999999999999996,1,0,0,1,1,1,0,0,15
625,30.0,2,2.52,0.75,5.0,39.199999999999996,0,1,0,0,0,1,0,1,15
626,22.0,2,3.5999999999999996,0.75,1.25,7.0,0,1,0,0,0,1,0,1,15
627,22.0,4,1.7999999999999998,0.5,0.5,1.7999999999999998,0,0,1,1,1,1,0,0,15
628,22.0,4,3.5999999999999996,0.75,0.75,13.35,0,0,1,0,0,1,0,1,15
629,22.0,3,1.7999999999999998,0.75,0.75,1.7999999999999998,0,0,0,0,0,1,0,0,15
630,30.0,4,26.7,2.75,0.5,1.7999999999999998,0,0,1,0,1,1,0,1,15
631,40.0,4,2.52,0.5,0.75,3.5999999999999996,0,0,1,0,0,1,0,1,15
632,22.0,4,1.7999999999999998,0.5,0.5,1.7999999999999998,0,0,1,1,1,1,0,1,15
633,22.0,2,5.0,1.25,0.75,1.7999999999999998,0,1,0,0,0,1,0,1,15
634,22.0,4,1.0799999999999998,0.5,0.5,2.52,0,0,1,0,0,1,0,1,15
635,22.0,4,1.7999999999999998,0.75,0.5,1.7999999999999998,0,0,1,0,0,1,0,1,15
636,30.0,3,5.399999999999999,1.25,0.75,3.5999999999999996,0,0,0,1,1,1,0,0,15
637,30.0,4,1.7999999999999998,0.5,0.75,3.5999999999999996,0,0,1,1,1,1,0,1,15
638,22.0,4,1.7999999999999998,0.5,1.25,13.35,0,0,1,0,1,1,0,0,15
639,30.0,4,1.7999999999999998,0.5,0.5,1.0799999999999998,0,0,1,1,1,1,0,0,15
640,22.0,4,1.7999999999999998,0.5,0.5,1.7999999999999998,0,0,1,0,1,1,0,0,15
641,22.0,4,1.0799999999999998,0.5,0.75,3.5999999999999996,0,0,1,1,1,1,0,1,15
