ID,USE,ACCESS_TIME,ACCESS_DISTANCE,EGRESS_DISTANCE,EGRESS_TIME,ALT1,ALT2,ALT3,WB,AGE,GENDER,UNO,SERO,VEHICLE,RENT
0,3,1.7999999999999998,0.36,3.7380000000000004,18.69,0,0,0,0,22.0,0,1,0,0,10
2,4,3.5999999999999996,0.72,0.144,0.7199999999999999,0,0,1,1,22.0,0,1,0,1,10
3,4,26.7,5.34,0.36,1.7999999999999998,0,0,1,0,30.0,0,1,0,1,10
8,4,1.7999999999999998,0.36,0.72,3.5999999999999996,0,0,1,0,40.0,0,1,0,1,10
10,4,7.199999999999999,1.44,0.72,3.5999999999999996,0,0,1,1,22.0,1,1,0,0,10
12,4,5.399999999999999,1.0799999999999998,0.144,0.7199999999999999,0,0,1,0,30.0,1,1,0,1,10
13,1,1.7999999999999998,0.36,0.21599999999999997,1.0799999999999998,1,0,0,0,22.0,1,1,0,1,10
17,1,1.7999999999999998,0.36,0.36,1.7999999999999998,1,0,0,1,22.0,1,1,0,0,10
19,4,3.5999999999999996,0.72,0.36,1.7999999999999998,0,0,1,0,30.0,1,1,0,1,10
24,4,3.5999999999999996,0.72,1.44,7.199999999999999,0,0,1,0,30.0,0,1,0,1,10
25,1,1.7999999999999998,0.36,0.144,0.7199999999999999,1,0,0,0,22.0,1,1,0,0,10
28,1,2.8799999999999994,0.576,0.72,3.5999999999999996,1,0,0,0,22.0,1,1,0,1,10
29,4,1.7999999999999998,0.36,0.36,1.7999999999999998,0,0,1,0,22.0,0,1,0,1,10
33,4,0.7199999999999999,0.144,0.144,0.7199999999999999,0,0,1,1,22.0,1,1,0,1,10
36,3,1.7999999999999998,0.36,0.36,1.7999999999999998,0,0,0,0,22.0,1,1,0,1,10
39,4,1.7999999999999998,0.36,0.36,1.7999999999999998,0,0,1,0,22.0,0,1,0,0,10
41,4,8.999999999999998,1.7999999999999998,0.72,3.5999999999999996,0,0,1,0,30.0,0,1,0,1,10
44,4,1.7999999999999998,0.36,0.36,1.7999999999999998,0,0,1,1,22.0,0,1,0,0,10
45,4,1.7999999999999998,0.36,0.36,1.7999999999999998,0,0,1,1,22.0,1,1,0,1,10
46,1,7.199999999999999,1.44,0.36,1.7999999999999998,1,0,0,1,22.0,1,1,0,0,10
52,4,1.7999999999999998,0.36,0.72,3.5999999999999996,0,0,1,1,30.0,0,1,0,1,10
55,4,0.7199999999999999,0.144,0.144,0.7199999999999999,0,0,1,0,30.0,1,1,0,1,10
57,1,13.35,2.67,0.72,3.5999999999999996,1,0,0,1,30.0,1,1,0,1,10
58,4,1.7999999999999998,0.36,0.288,1.4399999999999997,0,0,1,1,22.0,0,1,0,0,10
60,1,1.0799999999999998,0.21599999999999997,0.36,1.7999999999999998,1,0,0,1,30.0,1,1,0,1,10
61,2,3.5999999999999996,0.72,0.288,1.4399999999999997,0,1,0,0,30.0,0,1,0,0,10
62,1,3.5999999999999996,0.72,1.0799999999999998,5.399999999999999,1,0,0,0,30.0,1,1,0,1,10
63,1,1.7999999999999998,0.36,0.504,2.52,1,0,0,1,54.0,1,1,0,1,10
64,4,1.0799999999999998,0.21599999999999997,0.72,3.5999999999999996,0,0,1,0,22.0,1,1,0,1,10
66,4,2.8799999999999994,0.576,0.288,1.4399999999999997,0,0,1,1,22.0,0,1,0,0,10
70,1,2.52,0.504,1.0799999999999998,5.399999999999999,1,0,0,0,22.0,0,1,0,0,10
71,4,0.7199999999999999,0.144,0.72,3.5999999999999996,0,0,1,0,40.0,1,1,0,0,10
75,4,3.5999999999999996,0.72,0.36,1.7999999999999998,0,0,1,0,22.0,1,1,0,1,10
0,1,3.5999999999999996,0.72,0.72,3.5999999999999996,1,0,0,0,22.0,0,1,0,1,5
1,1,5.399999999999999,1.0799999999999998,0.36,1.7999999999999998,1,0,0,0,22.0,0,1,0,1,5
2,2,3.5999999999999996,0.72,0.36,1.7999999999999998,0,1,0,1,22.0,1,1,0,1,5
6,4,1.7999999999999998,0.36,0.36,1.7999999999999998,0,0,1,1,22.0,0,1,0,1,5
7,4,7.199999999999999,1.44,0.36,1.7999999999999998,0,0,1,1,22.0,1,1,0,1,5
8,4,3.5999999999999996,0.72,0.72,3.5999999999999996,0,0,1,1,22.0,0,1,0,1,5
11,4,1.7999999999999998,0.36,0.36,1.7999999999999998,0,0,1,1,54.0,1,1,0,0,5
12,4,3.5999999999999996,0.72,0.72,3.5999999999999996,0,0,1,0,22.0,0,1,0,0,5
16,3,1.7999999999999998,0.36,0.288,1.4399999999999997,0,0,0,1,30.0,1,1,0,0,5
20,1,3.5999999999999996,0.72,0.72,3.5999999999999996,1,0,0,0,22.0,0,1,0,1,5
21,2,1.7999999999999998,0.36,0.36,1.7999999999999998,0,1,0,0,22.0,0,1,0,1,5
24,1,1.7999999999999998,0.36,0.72,3.5999999999999996,1,0,0,0,22.0,0,1,0,1,5
25,2,2.8799999999999994,0.576,0.36,1.7999999999999998,0,1,0,0,22.0,0,1,0,1,5
27,1,0.7199999999999999,0.144,0.072,0.35999999999999993,1,0,0,0,22.0,1,1,0,1,5
30,4,5.399999999999999,1.0799999999999998,0.144,0.7199999999999999,0,0,1,0,22.0,1,1,0,1,5
31,4,1.7999999999999998,0.36,0.36,1.7999999999999998,0,0,1,0,40.0,1,1,0,0,5
32,4,4.68,0.9359999999999999,1.44,7.199999999999999,0,0,1,0,30.0,1,1,0,0,5
36,4,1.7999999999999998,0.36,0.72,3.5999999999999996,0,0,1,1,22.0,0,1,0,0,5
38,4,7.199999999999999,1.44,0.72,3.5999999999999996,0,0,1,1,54.0,1,1,0,1,5
41,2,1.7999999999999998,0.36,0.72,3.5999999999999996,0,1,0,1,30.0,1,1,0,0,5
42,1,3.5999999999999996,0.72,0.21599999999999997,1.0799999999999998,1,0,0,1,30.0,1,1,0,1,5
46,2,0.7199999999999999,0.144,2.67,13.35,0,1,0,0,22.0,0,1,0,1,5
50,4,0.35999999999999993,0.072,0.072,0.35999999999999993,0,0,1,1,22.0,1,1,0,1,5
54,4,0.7199999999999999,0.144,0.36,1.7999999999999998,0,0,1,0,22.0,1,1,0,1,5
56,4,3.5999999999999996,0.72,0.72,3.5999999999999996,0,0,1,0,22.0,0,1,0,0,5
57,1,1.7999999999999998,0.36,0.72,3.5999999999999996,1,0,0,0,40.0,1,1,0,1,5
58,2,5.399999999999999,1.0799999999999998,1.44,7.199999999999999,0,1,0,1,30.0,1,1,0,1,5
60,4,1.7999999999999998,0.36,0.288,1.4399999999999997,0,0,1,1,22.0,0,1,0,0,5
62,1,3.5999999999999996,0.72,0.36,1.7999999999999998,1,0,0,0,22.0,1,1,0,1,5
63,4,3.5999999999999996,0.72,0.72,3.5999999999999996,0,0,1,1,30.0,1,1,0,1,5
64,1,1.7999999999999998,0.36,0.72,3.5999999999999996,1,0,0,0,22.0,1,1,0,0,5
65,4,1.7999999999999998,0.36,0.144,0.7199999999999999,0,0,1,1,40.0,1,1,0,1,5
66,4,3.5999999999999996,0.72,0.288,1.4399999999999997,0,0,1,1,40.0,0,1,0,1,5
67,1,7.199999999999999,1.44,0.288,1.4399999999999997,1,0,0,0,22.0,0,1,0,1,5
68,4,1.7999999999999998,0.36,1.0799999999999998,5.399999999999999,0,0,1,1,22.0,0,1,0,1,5
72,4,16.674999999999997,3.335,0.72,3.5999999999999996,0,0,1,0,30.0,1,1,0,0,5
74,4,1.7999999999999998,0.36,0.288,1.4399999999999997,0,0,1,0,22.0,0,1,0,1,5
77,1,1.7999999999999998,0.36,0.504,2.52,1,0,0,0,22.0,1,1,0,1,5
78,3,1.0799999999999998,0.21599999999999997,0.43199999999999994,2.1599999999999997,0,0,0,0,22.0,1,1,0,0,5
80,1,3.5999999999999996,0.72,0.72,3.5999999999999996,1,0,0,0,22.0,1,1,0,1,5
81,4,2.52,0.504,2.67,13.35,0,0,1,1,30.0,0,1,0,1,5
82,4,1.7999999999999998,0.36,0.72,3.5999999999999996,0,0,1,0,22.0,1,1,0,1,5
83,4,1.7999999999999998,0.36,0.21599999999999997,1.0799999999999998,0,0,1,1,54.0,1,1,0,1,5
84,4,1.7999999999999998,0.36,0.144,0.7199999999999999,0,0,1,0,22.0,0,1,0,1,5
85,4,0.7199999999999999,0.144,0.144,0.7199999999999999,0,0,1,0,22.0,1,1,0,1,5
92,4,0.7199999999999999,0.144,0.72,3.5999999999999996,0,0,1,0,22.0,0,1,0,0,5
93,3,2.8799999999999994,0.576,0.72,3.5999999999999996,0,0,0,0,22.0,0,1,0,0,5
94,4,3.5999999999999996,0.72,0.21599999999999997,1.0799999999999998,0,0,1,1,22.0,1,1,0,1,5
95,1,3.5999999999999996,0.72,0.144,0.7199999999999999,1,0,0,0,22.0,1,1,0,1,5
97,4,3.5999999999999996,0.72,0.21599999999999997,1.0799999999999998,0,0,1,0,22.0,0,1,0,1,5
98,4,2.8799999999999994,0.576,1.44,7.199999999999999,0,0,1,1,22.0,0,1,0,1,5
100,1,1.7999999999999998,0.36,0.72,3.5999999999999996,1,0,0,0,22.0,1,1,0,1,5
106,1,3.5999999999999996,0.72,0.72,3.5999999999999996,1,0,0,0,22.0,1,1,0,1,5
108,2,1.7999999999999998,0.36,0.36,1.7999999999999998,0,1,0,0,22.0,0,1,0,1,5
109,2,1.7999999999999998,0.36,0.36,1.7999999999999998,0,1,0,0,22.0,0,1,0,0,5
111,1,3.5999999999999996,0.72,0.144,0.7199999999999999,1,0,0,1,22.0,1,1,0,1,5
112,4,1.7999999999999998,0.36,0.36,1.7999999999999998,0,0,1,1,40.0,1,1,0,0,5
113,4,1.7999999999999998,0.36,0.36,1.7999999999999998,0,0,1,0,30.0,0,1,0,1,5
115,1,2.52,0.504,0.144,0.7199999999999999,1,0,0,1,40.0,1,1,0,1,5
116,4,0.7199999999999999,0.144,0.144,0.7199999999999999,0,0,1,0,22.0,1,1,0,1,5
117,2,0.7199999999999999,0.144,0.21599999999999997,1.0799999999999998,0,1,0,1,30.0,0,1,0,0,5
118,4,1.7999999999999998,0.36,0.72,3.5999999999999996,0,0,1,1,30.0,1,1,0,0,5
120,4,1.7999999999999998,0.36,0.21599999999999997,1.0799999999999998,0,0,1,0,22.0,1,1,0,1,5
121,4,1.7999999999999998,0.36,0.72,3.5999999999999996,0,0,1,0,22.0,0,1,0,1,5
123,2,1.0799999999999998,0.21599999999999997,0.36,1.7999999999999998,0,1,0,0,22.0,0,1,0,1,5
124,4,2.52,0.504,1.224,6.119999999999999,0,0,1,0,22.0,0,1,0,1,5
125,1,7.199999999999999,1.44,0.72,3.5999999999999996,1,0,0,1,22.0,1,1,0,1,5
126,4,3.5999999999999996,0.72,0.6479999999999999,3.2399999999999993,0,0,1,1,22.0,1,1,0,0,5
127,2,1.7999999999999998,0.36,0.144,0.7199999999999999,0,1,0,1,22.0,0,1,0,1,5
128,4,2.52,0.504,0.504,2.52,0,0,1,0,22.0,0,1,0,0,5
130,2,1.7999999999999998,0.36,0.72,3.5999999999999996,0,1,0,1,22.0,1,1,0,1,5
133,1,1.4399999999999997,0.288,0.288,1.4399999999999997,1,0,0,0,22.0,1,1,0,1,5
134,1,3.5999999999999996,0.72,0.72,3.5999999999999996,1,0,0,1,22.0,1,1,0,1,5
135,1,5.399999999999999,1.0799999999999998,0.36,1.7999999999999998,1,0,0,1,40.0,1,1,0,1,5
143,4,1.7999999999999998,0.36,0.144,0.7199999999999999,0,0,1,0,22.0,0,1,0,1,5
146,1,2.1599999999999997,0.43199999999999994,0.36,1.7999999999999998,1,0,0,0,30.0,0,1,0,1,5
148,1,1.7999999999999998,0.36,0.36,1.7999999999999998,1,0,0,1,30.0,1,1,0,0,5
149,4,1.7999999999999998,0.36,0.36,1.7999999999999998,0,0,1,0,22.0,0,1,0,0,5
152,4,1.7999999999999998,0.36,0.72,3.5999999999999996,0,0,1,1,40.0,0,1,0,1,5
154,1,1.7999999999999998,0.36,0.36,1.7999999999999998,1,0,0,0,54.0,1,1,0,1,5
155,2,1.0799999999999998,0.21599999999999997,0.144,0.7199999999999999,0,1,0,0,22.0,0,1,0,0,5
156,4,2.52,0.504,0.9359999999999999,4.68,0,0,1,0,22.0,0,1,0,1,5
157,1,3.5999999999999996,0.72,1.44,7.199999999999999,1,0,0,1,30.0,1,1,0,1,5
158,2,5.399999999999999,1.0799999999999998,0.36,1.7999999999999998,0,1,0,0,22.0,0,1,0,1,5
159,4,2.52,0.504,0.36,1.7999999999999998,0,0,1,0,22.0,0,1,0,1,5
160,4,1.7999999999999998,0.36,1.0799999999999998,5.399999999999999,0,0,1,0,54.0,1,1,0,0,5
161,4,7.84,1.568,0.36,1.7999999999999998,0,0,1,1,22.0,1,1,0,1,5
162,1,2.52,0.504,0.504,2.52,1,0,0,0,22.0,0,1,0,1,5
163,2,3.5999999999999996,0.72,0.72,3.5999999999999996,0,1,0,0,40.0,1,1,0,0,5
166,4,5.399999999999999,1.0799999999999998,0.36,1.7999999999999998,0,0,1,1,22.0,1,1,0,1,5
168,2,1.7999999999999998,0.36,0.288,1.4399999999999997,0,1,0,1,22.0,0,1,0,1,5
169,4,1.7999999999999998,0.36,0.72,3.5999999999999996,0,0,1,1,54.0,0,1,0,1,5
171,4,1.7999999999999998,0.36,0.21599999999999997,1.0799999999999998,0,0,1,1,22.0,1,1,0,1,5
172,2,3.5999999999999996,0.72,0.9359999999999999,4.68,0,1,0,0,22.0,0,1,0,0,5
173,4,3.5999999999999996,0.72,0.36,1.7999999999999998,0,0,1,0,22.0,0,1,0,1,5
174,4,1.0799999999999998,0.21599999999999997,0.144,0.7199999999999999,0,0,1,1,30.0,1,1,0,0,5
175,4,2.52,0.504,0.72,3.5999999999999996,0,0,1,0,22.0,0,1,0,0,5
177,3,1.7999999999999998,0.36,0.36,1.7999999999999998,0,0,0,0,22.0,0,1,0,0,5
178,2,1.7999999999999998,0.36,1.0799999999999998,5.399999999999999,0,1,0,0,22.0,0,1,0,1,5
179,2,2.52,0.504,0.36,1.7999999999999998,0,1,0,0,22.0,0,1,0,0,5
180,2,1.7999999999999998,0.36,0.43199999999999994,2.1599999999999997,0,1,0,1,22.0,0,1,0,0,5
181,4,2.52,0.504,0.72,3.5999999999999996,0,0,1,1,22.0,0,1,0,0,5
182,2,1.0799999999999998,0.21599999999999997,0.504,2.52,0,1,0,0,22.0,0,1,0,1,5
183,4,2.8799999999999994,0.576,1.0799999999999998,5.399999999999999,0,0,1,0,22.0,0,1,0,1,5
184,4,1.7999999999999998,0.36,0.72,3.5999999999999996,0,0,1,0,22.0,0,1,0,1,5
186,3,1.7999999999999998,0.36,0.144,0.7199999999999999,0,0,0,1,54.0,1,1,0,1,5
187,2,1.7999999999999998,0.36,0.72,3.5999999999999996,0,1,0,0,22.0,0,1,0,0,5
188,4,1.7999999999999998,0.36,1.0799999999999998,5.399999999999999,0,0,1,0,22.0,0,1,0,1,5
189,3,0.7199999999999999,0.144,0.36,1.7999999999999998,0,0,0,1,22.0,1,1,0,1,5
190,3,2.52,0.504,0.072,0.35999999999999993,0,0,0,1,30.0,1,1,0,0,5
191,4,3.5999999999999996,0.72,0.36,1.7999999999999998,0,0,1,1,22.0,1,1,0,1,5
192,4,1.7999999999999998,0.36,0.72,3.5999999999999996,0,0,1,0,22.0,1,1,0,1,5
195,4,2.1599999999999997,0.43199999999999994,0.504,2.52,0,0,1,0,22.0,1,1,0,1,5
196,4,3.5999999999999996,0.72,0.72,3.5999999999999996,0,0,1,1,54.0,1,1,0,0,5
197,4,3.5999999999999996,0.72,0.72,3.5999999999999996,0,0,1,1,30.0,1,1,0,1,5
201,1,5.399999999999999,1.0799999999999998,1.0799999999999998,5.399999999999999,1,0,0,1,30.0,1,1,0,1,5
202,2,2.52,0.504,0.72,3.5999999999999996,0,1,0,0,22.0,0,1,0,1,5
203,2,1.7999999999999998,0.36,0.72,3.5999999999999996,0,1,0,0,22.0,0,1,0,1,5
205,3,1.7999999999999998,0.36,1.0799999999999998,5.399999999999999,0,0,0,1,22.0,1,1,0,1,5
208,2,13.35,2.67,0.504,2.52,0,1,0,0,22.0,0,1,0,1,5
216,4,1.7999999999999998,0.36,0.36,1.7999999999999998,0,0,1,0,22.0,1,1,0,0,5
217,1,1.7999999999999998,0.36,0.36,1.7999999999999998,1,0,0,0,22.0,1,1,0,1,5
218,4,1.7999999999999998,0.36,0.36,1.7999999999999998,0,0,1,1,22.0,1,1,0,1,5
219,4,1.7999999999999998,0.36,0.72,3.5999999999999996,0,0,1,1,40.0,1,1,0,1,5
220,1,3.5999999999999996,0.72,0.72,3.5999999999999996,1,0,0,0,22.0,1,1,0,1,5
221,4,5.399999999999999,1.0799999999999998,0.36,1.7999999999999998,0,0,1,1,30.0,1,1,0,1,5
222,4,3.5999999999999996,0.72,0.36,1.7999999999999998,0,0,1,0,30.0,1,1,0,1,5
223,1,1.7999999999999998,0.36,0.144,0.7199999999999999,1,0,0,0,22.0,1,1,0,1,5
224,4,0.7199999999999999,0.144,0.36,1.7999999999999998,0,0,1,0,22.0,1,1,0,1,5
225,4,3.5999999999999996,0.72,0.36,1.7999999999999998,0,0,1,0,22.0,1,1,0,1,5
227,4,0.7199999999999999,0.144,0.36,1.7999999999999998,0,0,1,1,22.0,1,1,0,1,5
228,4,1.7999999999999998,0.36,1.0799999999999998,5.399999999999999,0,0,1,0,30.0,1,1,0,1,5
232,4,3.5999999999999996,0.72,0.36,1.7999999999999998,0,0,1,1,40.0,1,1,0,1,5
233,2,1.7999999999999998,0.36,0.144,0.7199999999999999,0,1,0,1,30.0,1,1,0,1,5
234,1,3.5999999999999996,0.72,0.36,1.7999999999999998,1,0,0,1,30.0,1,1,0,0,5
235,1,3.5999999999999996,0.72,0.72,3.5999999999999996,1,0,0,1,30.0,1,1,0,0,5
237,4,1.0799999999999998,0.21599999999999997,0.36,1.7999999999999998,0,0,1,0,30.0,1,1,0,0,5
239,2,2.8799999999999994,0.576,0.144,0.7199999999999999,0,1,0,1,30.0,1,1,0,1,5
240,3,1.7999999999999998,0.36,0.288,1.4399999999999997,0,0,0,1,22.0,0,1,0,0,5
242,4,1.7999999999999998,0.36,2.67,13.35,0,0,1,1,30.0,1,1,0,1,5
243,4,0.7199999999999999,0.144,0.72,3.5999999999999996,0,0,1,1,30.0,1,1,0,1,5
244,3,1.7999999999999998,0.36,0.21599999999999997,1.0799999999999998,0,0,0,1,30.0,0,1,0,0,5
245,4,1.0799999999999998,0.21599999999999997,0.72,3.5999999999999996,0,0,1,0,30.0,1,1,0,0,5
246,4,2.52,0.504,0.36,1.7999999999999998,0,0,1,1,40.0,1,1,0,1,5
248,4,1.7999999999999998,0.36,0.72,3.5999999999999996,0,0,1,0,22.0,1,1,0,0,5
251,4,0.7199999999999999,0.144,0.72,3.5999999999999996,0,0,1,0,30.0,1,1,0,1,5
252,4,1.7999999999999998,0.36,0.36,1.7999999999999998,0,0,1,1,40.0,1,1,0,1,5
253,4,3.5999999999999996,0.72,0.288,1.4399999999999997,0,0,1,1,30.0,1,1,0,1,5
254,4,1.4399999999999997,0.288,0.36,1.7999999999999998,0,0,1,0,30.0,1,1,0,1,5
255,1,1.7999999999999998,0.36,0.36,1.7999999999999998,1,0,0,0,22.0,1,1,0,0,5
258,4,3.5999999999999996,0.72,0.144,0.7199999999999999,0,0,1,0,22.0,1,1,0,1,5
262,1,5.399999999999999,1.0799999999999998,0.576,2.8799999999999994,1,0,0,0,22.0,0,1,0,0,5
266,4,7.199999999999999,1.44,0.72,3.5999999999999996,0,0,1,1,22.0,1,1,0,1,5
267,4,3.5999999999999996,0.72,0.72,3.5999999999999996,0,0,1,0,22.0,1,1,0,1,5
268,1,3.5999999999999996,0.72,0.72,3.5999999999999996,1,0,0,0,22.0,1,1,0,1,5
270,4,2.1599999999999997,0.43199999999999994,0.36,1.7999999999999998,0,0,1,1,30.0,1,1,0,1,5
275,4,1.7999999999999998,0.36,0.576,2.8799999999999994,0,0,1,0,30.0,0,1,0,0,5
276,4,3.5999999999999996,0.72,1.0799999999999998,5.399999999999999,0,0,1,1,40.0,1,1,0,1,5
277,4,3.5999999999999996,0.72,0.72,3.5999999999999996,0,0,1,0,40.0,1,1,0,1,5
282,4,1.7999999999999998,0.36,0.36,1.7999999999999998,0,0,1,1,30.0,1,1,0,1,5
285,4,1.7999999999999998,0.36,0.72,3.5999999999999996,0,0,1,0,22.0,0,1,0,0,5
286,4,2.1599999999999997,0.43199999999999994,0.576,2.8799999999999994,0,0,1,1,22.0,1,1,0,1,5
287,4,1.7999999999999998,0.36,0.21599999999999997,1.0799999999999998,0,0,1,0,22.0,1,1,0,1,5
291,1,5.399999999999999,1.0799999999999998,0.72,3.5999999999999996,1,0,0,1,22.0,0,1,0,1,5
292,1,3.5999999999999996,0.72,1.0799999999999998,5.399999999999999,1,0,0,0,22.0,1,1,0,0,5
293,4,5.399999999999999,1.0799999999999998,0.72,3.5999999999999996,0,0,1,1,30.0,1,1,0,0,5
294,4,5.399999999999999,1.0799999999999998,0.36,1.7999999999999998,0,0,1,1,40.0,1,1,0,1,5
295,4,3.5999999999999996,0.72,0.21599999999999997,1.0799999999999998,0,0,1,0,22.0,1,1,0,0,5
297,4,1.7999999999999998,0.36,0.36,1.7999999999999998,0,0,1,0,22.0,1,1,0,1,5
299,4,1.0799999999999998,0.21599999999999997,0.36,1.7999999999999998,0,0,1,1,30.0,1,1,0,0,5
302,2,3.5999999999999996,0.72,0.9359999999999999,4.68,0,1,0,1,22.0,0,1,0,0,5
305,2,1.7999999999999998,0.36,1.0799999999999998,5.399999999999999,0,1,0,0,22.0,0,1,0,1,5
306,4,2.52,0.504,2.136,10.68,0,0,1,1,30.0,0,1,0,1,5
307,4,1.7999999999999998,0.36,0.36,1.7999999999999998,0,0,1,0,22.0,0,1,0,1,5
308,4,3.5999999999999996,0.72,0.504,2.52,0,0,1,1,22.0,0,1,0,0,5
311,4,1.7999999999999998,0.36,0.504,2.52,0,0,1,1,30.0,0,1,0,1,5
314,4,0.7199999999999999,0.144,0.72,3.5999999999999996,0,0,1,0,22.0,0,1,0,0,5
315,4,0.7199999999999999,0.144,0.21599999999999997,1.0799999999999998,0,0,1,1,22.0,0,1,0,0,5
316,4,1.7999999999999998,0.36,1.0799999999999998,5.399999999999999,0,0,1,1,30.0,0,1,0,0,5
318,4,5.399999999999999,1.0799999999999998,0.36,1.7999999999999998,0,0,1,0,22.0,0,1,0,0,5
321,4,4.319999999999999,0.8639999999999999,0.36,1.7999999999999998,0,0,1,0,40.0,1,1,0,1,5
322,4,0.7199999999999999,0.144,0.504,2.52,0,0,1,0,22.0,0,1,0,1,5
324,4,1.7999999999999998,0.36,0.576,2.8799999999999994,0,0,1,1,22.0,0,1,0,1,5
325,4,3.5999999999999996,0.72,0.576,2.8799999999999994,0,0,1,0,54.0,0,1,0,0,5
326,2,2.8799999999999994,0.576,0.36,1.7999999999999998,0,1,0,0,22.0,0,1,0,1,5
328,4,3.5999999999999996,0.72,0.36,1.7999999999999998,0,0,1,1,30.0,0,1,0,1,5
333,4,3.5999999999999996,0.72,0.36,1.7999999999999998,0,0,1,0,22.0,0,1,0,0,5
342,4,5.399999999999999,1.0799999999999998,0.504,2.52,0,0,1,0,22.0,0,1,0,1,5
343,4,2.52,0.504,0.504,2.52,0,0,1,0,30.0,0,1,0,0,5
347,4,3.5999999999999996,0.72,0.72,3.5999999999999996,0,0,1,1,30.0,1,1,0,1,5
351,1,1.7999999999999998,0.36,0.21599999999999997,1.0799999999999998,1,0,0,0,22.0,0,1,0,0,5
352,4,2.52,0.504,0.504,2.52,0,0,1,0,22.0,0,1,0,0,5
353,4,3.5999999999999996,0.72,0.504,2.52,0,0,1,0,22.0,0,1,0,1,5
354,2,3.5999999999999996,0.72,0.8639999999999999,4.319999999999999,0,1,0,0,22.0,0,1,0,0,5
356,4,3.5999999999999996,0.72,0.36,1.7999999999999998,0,0,1,0,30.0,0,1,0,0,5
357,2,1.7999999999999998,0.36,0.144,0.7199999999999999,0,1,0,0,30.0,0,1,0,1,5
358,4,0.7199999999999999,0.144,0.72,3.5999999999999996,0,0,1,1,22.0,0,1,0,0,5
359,4,1.7999999999999998,0.36,1.0799999999999998,5.399999999999999,0,0,1,1,30.0,1,1,0,1,5
362,4,0.7199999999999999,0.144,0.144,0.7199999999999999,0,0,1,1,22.0,0,1,0,1,5
363,4,2.1599999999999997,0.43199999999999994,0.72,3.5999999999999996,0,0,1,0,30.0,0,1,0,1,5
364,2,3.5999999999999996,0.72,0.43199999999999994,2.1599999999999997,0,1,0,0,22.0,0,1,0,1,5
369,2,2.1599999999999997,0.43199999999999994,0.144,0.7199999999999999,0,1,0,0,22.0,0,1,0,1,5
370,1,1.7999999999999998,0.36,0.72,3.5999999999999996,1,0,0,0,22.0,1,1,0,0,5
372,4,1.7999999999999998,0.36,0.36,1.7999999999999998,0,0,1,0,22.0,0,1,0,0,5
373,2,7.199999999999999,1.44,0.36,1.7999999999999998,0,1,0,0,22.0,1,1,0,1,5
375,1,2.52,0.504,1.0799999999999998,5.399999999999999,1,0,0,0,30.0,0,1,0,1,5
376,4,3.5999999999999996,0.72,0.72,3.5999999999999996,0,0,1,0,30.0,1,1,0,1,5
377,4,2.52,0.504,0.72,3.5999999999999996,0,0,1,0,40.0,0,1,0,1,5
378,4,2.52,0.504,0.43199999999999994,2.1599999999999997,0,0,1,0,22.0,0,1,0,0,5
380,1,2.1599999999999997,0.43199999999999994,0.504,2.52,1,0,0,0,22.0,0,1,0,1,5
383,4,3.5999999999999996,0.72,0.36,1.7999999999999998,0,0,1,1,30.0,1,1,0,1,5
384,4,0.7199999999999999,0.144,0.36,1.7999999999999998,0,0,1,0,22.0,0,1,0,1,5
389,2,1.7999999999999998,0.36,0.36,1.7999999999999998,0,1,0,0,22.0,0,1,0,1,5
390,4,1.7999999999999998,0.36,0.504,2.52,0,0,1,0,30.0,0,1,0,1,5
391,2,1.7999999999999998,0.36,0.36,1.7999999999999998,0,1,0,0,22.0,0,1,0,0,5
392,4,1.7999999999999998,0.36,0.504,2.52,0,0,1,0,22.0,0,1,0,1,5
394,4,0.7199999999999999,0.144,0.43199999999999994,2.1599999999999997,0,0,1,0,22.0,1,1,0,1,5
398,4,3.5999999999999996,0.72,0.36,1.7999999999999998,0,0,1,0,22.0,0,1,0,0,5
399,4,1.7999999999999998,0.36,0.36,1.7999999999999998,0,0,1,1,40.0,1,1,0,0,5
400,4,1.7999999999999998,0.36,1.44,7.199999999999999,0,0,1,0,22.0,0,1,0,1,5
401,4,3.5999999999999996,0.72,0.36,1.7999999999999998,0,0,1,1,22.0,1,1,0,1,5
402,2,1.0799999999999998,0.21599999999999997,0.144,0.7199999999999999,0,1,0,0,22.0,0,1,0,1,5
403,4,3.5999999999999996,0.72,1.44,7.199999999999999,0,0,1,0,40.0,0,1,0,1,5
404,2,5.399999999999999,1.0799999999999998,0.72,3.5999999999999996,0,1,0,0,22.0,1,1,0,1,5
406,2,0.7199999999999999,0.144,0.144,0.7199999999999999,0,1,0,0,22.0,0,1,0,0,5
407,2,3.5999999999999996,0.72,0.504,2.52,0,1,0,1,22.0,0,1,0,1,5
410,4,1.7999999999999998,0.36,0.72,3.5999999999999996,0,0,1,0,22.0,0,1,0,0,5
412,4,2.52,0.504,0.504,2.52,0,0,1,0,30.0,0,1,0,1,5
415,2,1.7999999999999998,0.36,1.44,7.199999999999999,0,1,0,0,22.0,1,1,0,0,5
416,2,3.5999999999999996,0.72,0.36,1.7999999999999998,0,1,0,0,22.0,0,1,0,1,5
418,4,5.399999999999999,1.0799999999999998,0.72,3.5999999999999996,0,0,1,0,30.0,0,1,0,1,5
419,2,3.5999999999999996,0.72,0.43199999999999994,2.1599999999999997,0,1,0,0,22.0,0,1,0,1,5
423,4,2.52,0.504,0.504,2.52,0,0,1,1,22.0,0,1,0,1,5
424,4,3.5999999999999996,0.72,0.21599999999999997,1.0799999999999998,0,0,1,0,22.0,0,1,0,0,5
425,2,3.5999999999999996,0.72,0.288,1.4399999999999997,0,1,0,1,30.0,0,1,0,1,5
427,4,3.5999999999999996,0.72,0.36,1.7999999999999998,0,0,1,0,22.0,0,1,0,1,5
429,4,3.5999999999999996,0.72,1.0799999999999998,5.399999999999999,0,0,1,1,22.0,0,1,0,1,5
430,2,5.399999999999999,1.0799999999999998,1.0799999999999998,5.399999999999999,0,1,0,1,22.0,0,1,0,0,5
432,3,1.0799999999999998,0.21599999999999997,0.144,0.7199999999999999,0,0,0,1,22.0,0,1,0,0,5
433,4,1.7999999999999998,0.36,0.72,3.5999999999999996,0,0,1,1,30.0,1,1,0,1,5
436,4,19.599999999999998,3.92,5.34,26.7,0,0,1,1,30.0,0,1,0,1,5
437,4,1.7999999999999998,0.36,0.288,1.4399999999999997,0,0,1,0,22.0,0,1,0,0,5
440,4,2.52,0.504,0.72,3.5999999999999996,0,0,1,0,30.0,0,1,0,1,5
441,1,2.1599999999999997,0.43199999999999994,0.144,0.7199999999999999,1,0,0,1,30.0,1,1,0,0,5
442,4,3.5999999999999996,0.72,0.36,1.7999999999999998,0,0,1,0,22.0,1,1,0,1,5
443,3,0.7199999999999999,0.144,0.21599999999999997,1.0799999999999998,0,0,0,1,54.0,1,1,0,1,5
444,4,3.5999999999999996,0.72,0.36,1.7999999999999998,0,0,1,1,30.0,1,1,0,1,5
446,3,1.0799999999999998,0.21599999999999997,0.21599999999999997,1.0799999999999998,0,0,0,1,54.0,1,1,0,1,5
450,4,1.0799999999999998,0.21599999999999997,0.21599999999999997,1.0799999999999998,0,0,1,0,30.0,0,1,0,1,5
451,4,3.5999999999999996,0.72,0.21599999999999997,1.0799999999999998,0,0,1,1,22.0,0,1,0,1,5
453,2,3.5999999999999996,0.72,0.72,3.5999999999999996,0,1,0,0,30.0,1,1,0,1,5
454,3,0.7199999999999999,0.144,0.36,1.7999999999999998,0,0,0,0,22.0,0,1,0,1,5
456,4,1.0799999999999998,0.21599999999999997,1.7999999999999998,8.999999999999998,0,0,1,1,40.0,0,1,0,0,5
457,4,8.999999999999998,1.7999999999999998,1.0799999999999998,5.399999999999999,0,0,1,0,54.0,0,1,0,0,5
460,1,3.5999999999999996,0.72,0.144,0.7199999999999999,1,0,0,0,22.0,1,1,0,1,5
461,3,1.4399999999999997,0.288,0.43199999999999994,2.1599999999999997,0,0,0,0,22.0,0,1,0,1,5
462,4,3.5999999999999996,0.72,0.72,3.5999999999999996,0,0,1,0,22.0,0,1,0,0,5
463,4,3.5999999999999996,0.72,1.0799999999999998,5.399999999999999,0,0,1,0,22.0,0,1,0,1,5
464,4,8.999999999999998,1.7999999999999998,1.0799999999999998,5.399999999999999,0,0,1,1,22.0,1,1,0,0,5
466,4,3.5999999999999996,0.72,0.21599999999999997,1.0799999999999998,0,0,1,0,22.0,1,1,0,1,5
467,4,0.7199999999999999,0.144,0.36,1.7999999999999998,0,0,1,0,22.0,1,1,0,1,5
468,2,2.52,0.504,1.0799999999999998,5.399999999999999,0,1,0,0,22.0,0,1,0,1,5
469,4,1.7999999999999998,0.36,0.72,3.5999999999999996,0,0,1,0,30.0,0,1,0,0,5
470,4,1.7999999999999998,0.36,0.43199999999999994,2.1599999999999997,0,0,1,1,40.0,0,1,0,1,5
471,4,0.7199999999999999,0.144,0.36,1.7999999999999998,0,0,1,0,22.0,1,1,0,1,5
472,2,1.7999999999999998,0.36,1.0799999999999998,5.399999999999999,0,1,0,0,30.0,0,1,0,0,5
475,2,2.52,0.504,0.504,2.52,0,1,0,0,22.0,0,1,0,1,5
479,4,4.319999999999999,0.8639999999999999,0.36,1.7999999999999998,0,0,1,1,22.0,1,1,0,0,5
482,4,5.399999999999999,1.0799999999999998,1.0799999999999998,5.399999999999999,0,0,1,0,22.0,1,1,0,1,5
484,3,1.7999999999999998,0.36,0.72,3.5999999999999996,0,0,0,1,22.0,0,1,0,0,5
487,4,0.7199999999999999,0.144,0.144,0.7199999999999999,0,0,1,0,22.0,1,1,0,1,5
488,4,5.399999999999999,1.0799999999999998,0.36,1.7999999999999998,0,0,1,0,22.0,1,1,0,1,5
489,4,2.1599999999999997,0.43199999999999994,0.36,1.7999999999999998,0,0,1,0,22.0,0,1,0,1,5
491,1,1.7999999999999998,0.36,1.0799999999999998,5.399999999999999,1,0,0,0,22.0,1,1,0,1,5
492,2,5.399999999999999,1.0799999999999998,0.72,3.5999999999999996,0,1,0,0,22.0,0,1,0,1,5
493,4,2.52,0.504,0.72,3.5999999999999996,0,0,1,1,54.0,0,1,0,0,5
494,4,5.399999999999999,1.0799999999999998,0.504,2.52,0,0,1,0,54.0,0,1,0,1,5
498,2,3.5999999999999996,0.72,0.36,1.7999999999999998,0,1,0,0,22.0,0,1,0,1,5
500,4,1.7999999999999998,0.36,1.568,7.84,0,0,1,1,65.0,1,1,0,1,5
506,4,1.7999999999999998,0.36,0.36,1.7999999999999998,0,0,1,1,30.0,1,1,0,1,5
507,1,3.5999999999999996,0.72,1.0799999999999998,5.399999999999999,1,0,0,1,22.0,0,1,0,0,5
508,1,5.399999999999999,1.0799999999999998,0.576,2.8799999999999994,1,0,0,1,30.0,1,1,0,1,5
512,4,2.8799999999999994,0.576,0.576,2.8799999999999994,0,0,1,1,30.0,1,1,0,0,5
514,4,5.399999999999999,1.0799999999999998,1.7999999999999998,8.999999999999998,0,0,1,0,22.0,1,1,0,1,5
516,4,0.7199999999999999,0.144,0.36,1.7999999999999998,0,0,1,0,30.0,1,1,0,1,5
519,2,1.7999999999999998,0.36,0.36,1.7999999999999998,0,1,0,1,30.0,1,1,0,1,5
522,1,1.7999999999999998,0.36,0.72,3.5999999999999996,1,0,0,0,22.0,1,1,0,1,5
524,4,5.399999999999999,1.0799999999999998,0.36,1.7999999999999998,0,0,1,1,30.0,1,1,0,0,5
529,2,1.7999999999999998,0.36,0.504,2.52,0,1,0,1,22.0,0,1,0,1,5
530,2,3.5999999999999996,0.72,0.36,1.7999999999999998,0,1,0,1,30.0,0,1,0,1,5
531,1,3.5999999999999996,0.72,1.0799999999999998,5.399999999999999,1,0,0,1,30.0,1,1,0,0,5
532,2,2.52,0.504,0.36,1.7999999999999998,0,1,0,0,22.0,0,1,0,1,5
533,4,2.52,0.504,0.288,1.4399999999999997,0,0,1,1,22.0,0,1,0,0,5
537,1,1.7999999999999998,0.36,0.144,0.7199999999999999,1,0,0,0,22.0,1,1,0,1,5
542,2,2.52,0.504,0.504,2.52,0,1,0,0,22.0,0,1,0,1,5
543,1,1.7999999999999998,0.36,0.36,1.7999999999999998,1,0,0,0,30.0,1,1,0,0,5
544,1,1.7999999999999998,0.36,0.36,1.7999999999999998,1,0,0,0,40.0,0,1,0,1,5
548,4,3.5999999999999996,0.72,0.36,1.7999999999999998,0,0,1,1,22.0,1,1,0,1,5
550,4,3.5999999999999996,0.72,0.72,3.5999999999999996,0,0,1,1,30.0,0,1,0,1,5
553,4,3.5999999999999996,0.72,0.36,1.7999999999999998,0,0,1,0,22.0,1,1,0,0,5
555,4,1.7999999999999998,0.36,0.72,3.5999999999999996,0,0,1,1,54.0,0,1,0,1,5
556,1,3.5999999999999996,0.72,1.0799999999999998,5.399999999999999,1,0,0,1,22.0,1,1,0,1,5
558,4,1.7999999999999998,0.36,0.288,1.4399999999999997,0,0,1,0,22.0,0,1,0,1,5
559,4,1.4399999999999997,0.288,0.72,3.5999999999999996,0,0,1,0,22.0,0,1,0,1,5
560,4,0.7199999999999999,0.144,0.72,3.5999999999999996,0,0,1,1,22.0,1,1,0,0,5
562,1,3.5999999999999996,0.72,0.72,3.5999999999999996,1,0,0,0,22.0,0,1,0,1,5
563,3,1.7999999999999998,0.36,1.0799999999999998,5.399999999999999,0,0,0,1,30.0,1,1,0,1,5
564,2,1.7999999999999998,0.36,0.9359999999999999,4.68,0,1,0,0,22.0,0,1,0,1,5
565,1,3.5999999999999996,0.72,0.72,3.5999999999999996,1,0,0,0,22.0,1,1,0,1,5
566,4,3.2399999999999993,0.6479999999999999,0.288,1.4399999999999997,0,0,1,0,22.0,1,1,0,1,5
567,4,3.5999999999999996,0.72,0.144,0.7199999999999999,0,0,1,1,22.0,0,1,0,1,5
570,4,1.7999999999999998,0.36,0.72,3.5999999999999996,0,0,1,0,22.0,1,1,0,0,5
574,4,1.7999999999999998,0.36,0.144,0.7199999999999999,0,0,1,1,22.0,1,1,0,1,5
576,4,1.7999999999999998,0.36,0.36,1.7999999999999998,0,0,1,1,22.0,0,1,0,1,5
577,4,1.7999999999999998,0.36,1.0799999999999998,5.399999999999999,0,0,1,1,30.0,1,1,0,0,5
578,3,7.199999999999999,1.44,0.36,1.7999999999999998,0,0,0,0,22.0,1,1,0,0,5
579,4,5.399999999999999,1.0799999999999998,1.0799999999999998,5.399999999999999,0,0,1,1,22.0,1,1,0,1,5
580,4,3.5999999999999996,0.72,0.72,3.5999999999999996,0,0,1,0,40.0,0,1,0,1,5
581,4,1.0799999999999998,0.21599999999999997,0.72,3.5999999999999996,0,0,1,0,22.0,0,1,0,1,5
583,2,1.7999999999999998,0.36,0.36,1.7999999999999998,0,1,0,0,22.0,1,1,0,1,5
584,4,1.7999999999999998,0.36,0.36,1.7999999999999998,0,0,1,1,22.0,0,1,0,1,5
586,4,5.399999999999999,1.0799999999999998,0.144,0.7199999999999999,0,0,1,1,22.0,1,1,0,1,5
587,1,1.7999999999999998,0.36,0.504,2.52,1,0,0,0,22.0,0,1,0,1,5
588,4,0.7199999999999999,0.144,0.43199999999999994,2.1599999999999997,0,0,1,0,22.0,0,1,0,1,5
590,4,3.5999999999999996,0.72,0.72,3.5999999999999996,0,0,1,1,30.0,0,1,0,0,5
591,2,3.5999999999999996,0.72,0.36,1.7999999999999998,0,1,0,1,22.0,0,1,0,0,5
592,4,1.7999999999999998,0.36,0.36,1.7999999999999998,0,0,1,0,22.0,1,1,0,1,5
594,1,2.52,0.504,0.36,1.7999999999999998,1,0,0,1,40.0,1,1,0,1,5
595,4,1.7999999999999998,0.36,0.144,0.7199999999999999,0,0,1,0,22.0,0,1,0,1,5
596,4,2.52,0.504,0.576,2.8799999999999994,0,0,1,1,22.0,0,1,0,1,5
597,4,3.5999999999999996,0.72,0.72,3.5999999999999996,0,0,1,1,22.0,1,1,0,0,5
599,4,5.399999999999999,1.0799999999999998,0.72,3.5999999999999996,0,0,1,1,54.0,0,1,0,0,5
602,4,3.5999999999999996,0.72,1.0799999999999998,5.399999999999999,0,0,1,0,22.0,0,1,0,1,5
604,4,2.52,0.504,0.504,2.52,0,0,1,0,22.0,0,1,0,1,5
605,2,3.5999999999999996,0.72,0.504,2.52,0,1,0,0,22.0,0,1,0,1,5
606,4,3.5999999999999996,0.72,0.72,3.5999999999999996,0,0,1,1,22.0,0,1,0,1,5
607,4,3.5999999999999996,0.72,1.0799999999999998,5.399999999999999,0,0,1,0,40.0,0,1,0,1,5
610,2,1.7999999999999998,0.36,0.144,0.7199999999999999,0,1,0,0,22.0,1,1,0,1,5
611,4,3.5999999999999996,0.72,0.36,1.7999999999999998,0,0,1,0,22.0,0,1,0,0,5
612,2,3.5999999999999996,0.72,0.9359999999999999,4.68,0,1,0,0,22.0,0,1,0,1,5
613,2,2.52,0.504,1.0799999999999998,5.399999999999999,0,1,0,1,40.0,0,1,0,1,5
614,4,1.7999999999999998,0.36,0.72,3.5999999999999996,0,0,1,1,54.0,0,1,0,0,5
615,2,5.399999999999999,1.0799999999999998,1.0799999999999998,5.399999999999999,0,1,0,1,40.0,1,1,0,1,5
617,3,5.399999999999999,1.0799999999999998,0.36,1.7999999999999998,0,0,0,1,22.0,1,1,0,1,5
619,4,1.7999999999999998,0.36,1.0799999999999998,5.399999999999999,0,0,1,0,22.0,1,1,0,0,5
620,4,1.7999999999999998,0.36,0.144,0.7199999999999999,0,0,1,1,30.0,1,1,0,0,5
621,4,3.5999999999999996,0.72,0.72,3.5999999999999996,0,0,1,0,54.0,0,1,0,1,5
622,4,1.7999999999999998,0.36,0.36,1.7999999999999998,0,0,1,1,30.0,1,1,0,1,5
623,4,3.5999999999999996,0.72,0.36,1.7999999999999998,0,0,1,0,40.0,0,1,0,1,5
624,4,0.7199999999999999,0.144,0.72,3.5999999999999996,0,0,1,1,22.0,0,1,0,1,5
625,1,1.7999999999999998,0.36,0.72,3.5999999999999996,1,0,0,0,22.0,1,1,0,1,5
626,4,1.4399999999999997,0.288,0.72,3.5999999999999996,0,0,1,0,22.0,1,1,0,1,5
627,4,1.0799999999999998,0.21599999999999997,0.36,1.7999999999999998,0,0,1,0,22.0,0,1,0,1,5
629,4,5.399999999999999,1.0799999999999998,0.72,3.5999999999999996,0,0,1,0,40.0,0,1,0,1,5
631,4,3.5999999999999996,0.72,0.504,2.52,0,0,1,0,40.0,0,1,0,1,5
632,3,1.7999999999999998,0.36,0.72,3.5999999999999996,0,0,0,1,22.0,1,1,0,1,5
634,4,3.5999999999999996,0.72,0.36,1.7999999999999998,0,0,1,0,22.0,0,1,0,1,5
635,4,3.5999999999999996,0.72,0.36,1.7999999999999998,0,0,1,0,54.0,0,1,0,0,5
636,4,5.399999999999999,1.0799999999999998,1.44,7.199999999999999,0,0,1,0,22.0,0,1,0,0,5
637,4,2.52,0.504,0.72,3.5999999999999996,0,0,1,1,30.0,0,1,0,1,5
640,4,5.399999999999999,1.0799999999999998,0.36,1.7999999999999998,0,0,1,0,22.0,1,1,0,0,5
641,3,1.7999999999999998,0.36,0.36,1.7999999999999998,0,0,0,1,40.0,1,1,0,1,5
642,4,1.7999999999999998,0.36,0.72,3.5999999999999996,0,0,1,0,22.0,1,1,0,1,5
643,3,1.0799999999999998,0.21599999999999997,0.72,3.5999999999999996,0,0,0,1,40.0,1,1,0,1,5
645,4,1.7999999999999998,0.36,0.72,3.5999999999999996,0,0,1,0,22.0,1,1,0,0,5
646,2,2.52,0.504,0.72,3.5999999999999996,0,1,0,0,22.0,0,1,0,1,5
647,3,0.7199999999999999,0.144,0.36,1.7999999999999998,0,0,0,0,22.0,0,1,0,0,5
649,2,5.399999999999999,1.0799999999999998,1.0799999999999998,5.399999999999999,0,1,0,1,30.0,1,1,0,1,5
650,4,3.5999999999999996,0.72,0.8639999999999999,4.319999999999999,0,0,1,0,30.0,1,1,0,1,5
652,2,3.5999999999999996,0.72,1.0799999999999998,5.399999999999999,0,1,0,0,22.0,1,1,0,1,5
653,3,3.5999999999999996,0.72,0.72,3.5999999999999996,0,0,0,0,22.0,1,1,0,1,5
655,1,5.399999999999999,1.0799999999999998,1.44,7.199999999999999,1,0,0,1,22.0,1,1,0,1,5
657,4,3.5999999999999996,0.72,0.36,1.7999999999999998,0,0,1,0,22.0,1,1,0,0,5
0,4,1.0799999999999998,0.21599999999999997,0.36,1.7999999999999998,0,0,1,1,40.0,1,1,0,1,15
2,3,1.7999999999999998,0.36,0.576,2.8799999999999994,0,0,0,0,30.0,1,1,0,0,15
3,4,6.479999999999999,1.2959999999999998,0.36,1.7999999999999998,0,0,1,0,22.0,0,1,0,0,15
5,4,5.399999999999999,1.0799999999999998,0.21599999999999997,1.0799999999999998,0,0,1,0,22.0,0,1,0,1,15
7,2,2.1599999999999997,0.43199999999999994,0.43199999999999994,2.1599999999999997,0,1,0,0,22.0,0,1,0,1,15
10,4,3.5999999999999996,0.72,0.36,1.7999999999999998,0,0,1,0,22.0,1,1,0,1,15
11,3,1.0799999999999998,0.21599999999999997,1.0799999999999998,5.399999999999999,0,0,0,0,22.0,1,1,0,1,15
12,4,2.52,0.504,0.504,2.52,0,0,1,0,22.0,0,1,0,1,15
13,4,1.7999999999999998,0.36,0.144,0.7199999999999999,0,0,1,1,22.0,0,1,0,1,15
14,2,1.7999999999999998,0.36,0.36,1.7999999999999998,0,1,0,1,40.0,1,1,0,1,15
19,4,3.5999999999999996,0.72,1.0799999999999998,5.399999999999999,0,0,1,1,54.0,0,1,0,1,15
20,4,3.5999999999999996,0.72,0.72,3.5999999999999996,0,0,1,0,30.0,0,1,0,1,15
21,1,3.5999999999999996,0.72,0.288,1.4399999999999997,1,0,0,1,30.0,0,1,0,1,15
24,4,3.5999999999999996,0.72,0.36,1.7999999999999998,0,0,1,0,30.0,0,1,0,1,15
27,4,1.7999999999999998,0.36,0.36,1.7999999999999998,0,0,1,0,30.0,0,1,0,1,15
29,4,2.52,0.504,0.72,3.5999999999999996,0,0,1,0,65.0,1,1,0,0,15
30,4,5.399999999999999,1.0799999999999998,0.72,3.5999999999999996,0,0,1,0,40.0,0,1,0,1,15
32,1,0.7199999999999999,0.144,0.36,1.7999999999999998,1,0,0,1,22.0,1,1,0,1,15
33,4,1.7999999999999998,0.36,0.36,1.7999999999999998,0,0,1,0,22.0,0,1,0,1,15
35,4,2.52,0.504,1.44,7.199999999999999,0,0,1,0,54.0,0,1,0,0,15
38,4,1.7999999999999998,0.36,0.72,3.5999999999999996,0,0,1,0,40.0,0,1,0,0,15
39,4,1.7999999999999998,0.36,0.36,1.7999999999999998,0,0,1,1,40.0,0,1,0,1,15
40,4,1.7999999999999998,0.36,0.144,0.7199999999999999,0,0,1,0,22.0,1,1,0,0,15
44,2,2.52,0.504,1.568,7.84,0,1,0,0,22.0,0,1,0,1,15
46,4,0.7199999999999999,0.144,0.36,1.7999999999999998,0,0,1,0,30.0,0,1,0,1,15
48,3,0.7199999999999999,0.144,0.36,1.7999999999999998,0,0,0,1,30.0,1,1,0,0,15
55,1,1.7999999999999998,0.36,0.72,3.5999999999999996,1,0,0,0,22.0,0,1,0,1,15
60,4,3.5999999999999996,0.72,0.72,3.5999999999999996,0,0,1,1,22.0,0,1,0,0,15
61,4,1.7999999999999998,0.36,0.72,3.5999999999999996,0,0,1,1,22.0,0,1,0,0,15
63,4,1.7999999999999998,0.36,0.36,1.7999999999999998,0,0,1,0,22.0,0,1,0,0,15
64,3,1.7999999999999998,0.36,0.72,3.5999999999999996,0,0,0,1,22.0,1,1,0,1,15
65,4,2.52,0.504,0.36,1.7999999999999998,0,0,1,1,22.0,0,1,0,1,15
67,4,3.5999999999999996,0.72,0.504,2.52,0,0,1,0,22.0,0,1,0,1,15
69,4,3.5999999999999996,0.72,0.36,1.7999999999999998,0,0,1,1,30.0,0,1,0,1,15
71,1,0.7199999999999999,0.144,0.504,2.52,1,0,0,0,30.0,0,1,0,1,15
72,3,3.5999999999999996,0.72,1.0799999999999998,5.399999999999999,0,0,0,0,22.0,0,1,0,1,15
74,3,0.7199999999999999,0.144,0.144,0.7199999999999999,0,0,0,1,22.0,1,1,0,0,15
75,1,5.399999999999999,1.0799999999999998,1.0799999999999998,5.399999999999999,1,0,0,0,22.0,1,1,0,1,15
76,1,1.4399999999999997,0.288,0.36,1.7999999999999998,1,0,0,0,22.0,0,1,0,1,15
77,3,5.399999999999999,1.0799999999999998,0.72,3.5999999999999996,0,0,0,1,22.0,1,1,0,0,15
78,2,1.0799999999999998,0.21599999999999997,0.72,3.5999999999999996,0,1,0,0,30.0,0,1,0,1,15
79,3,0.7199999999999999,0.144,0.36,1.7999999999999998,0,0,0,1,30.0,1,1,0,0,15
80,4,7.199999999999999,1.44,0.36,1.7999999999999998,0,0,1,1,54.0,1,1,0,1,15
81,4,0.7199999999999999,0.144,0.72,3.5999999999999996,0,0,1,0,30.0,0,1,0,1,15
82,4,2.52,0.504,0.36,1.7999999999999998,0,0,1,0,22.0,0,1,0,0,15
83,4,3.5999999999999996,0.72,0.72,3.5999999999999996,0,0,1,0,22.0,0,1,0,0,15
84,4,0.7199999999999999,0.144,0.36,1.7999999999999998,0,0,1,0,22.0,1,1,0,0,15
86,4,5.399999999999999,1.0799999999999998,0.72,3.5999999999999996,0,0,1,1,40.0,0,1,0,0,15
87,4,2.52,0.504,0.36,1.7999999999999998,0,0,1,1,22.0,0,1,0,0,15
88,4,4.319999999999999,0.8639999999999999,0.36,1.7999999999999998,0,0,1,1,30.0,0,1,0,1,15
89,4,3.5999999999999996,0.72,0.36,1.7999999999999998,0,0,1,1,30.0,0,1,0,0,15
90,4,2.52,0.504,0.36,1.7999999999999998,0,0,1,0,40.0,0,1,0,1,15
91,4,1.4399999999999997,0.288,1.0799999999999998,5.399999999999999,0,0,1,1,30.0,0,1,0,1,15
92,2,3.5999999999999996,0.72,0.72,3.5999999999999996,0,1,0,1,22.0,0,1,0,1,15
93,2,4.319999999999999,0.8639999999999999,0.36,1.7999999999999998,0,1,0,0,22.0,0,1,0,1,15
94,1,3.5999999999999996,0.72,0.72,3.5999999999999996,1,0,0,1,22.0,1,1,0,1,15
95,4,1.7999999999999998,0.36,0.504,2.52,0,0,1,0,22.0,0,1,0,1,15
96,4,1.7999999999999998,0.36,1.0799999999999998,5.399999999999999,0,0,1,1,22.0,0,1,0,1,15
97,3,1.7999999999999998,0.36,0.36,1.7999999999999998,0,0,0,1,40.0,1,1,0,0,15
98,4,3.5999999999999996,0.72,0.36,1.7999999999999998,0,0,1,1,54.0,0,1,0,1,15
99,4,1.7999999999999998,0.36,0.144,0.7199999999999999,0,0,1,0,22.0,1,1,0,0,15
101,4,1.7999999999999998,0.36,0.36,1.7999999999999998,0,0,1,0,22.0,0,1,0,1,15
102,1,3.5999999999999996,0.72,1.0799999999999998,5.399999999999999,1,0,0,0,22.0,1,1,0,1,15
103,1,3.5999999999999996,0.72,1.0799999999999998,5.399999999999999,1,0,0,0,22.0,1,1,0,1,15
106,2,1.7999999999999998,0.36,1.7999999999999998,8.999999999999998,0,1,0,0,22.0,1,1,0,1,15
108,4,3.5999999999999996,0.72,1.44,7.199999999999999,0,0,1,1,30.0,1,1,0,1,15
109,2,7.199999999999999,1.44,0.72,3.5999999999999996,0,1,0,1,30.0,1,1,0,1,15
110,4,1.7999999999999998,0.36,1.0799999999999998,5.399999999999999,0,0,1,1,22.0,0,1,0,0,15
113,4,1.7999999999999998,0.36,0.504,2.52,0,0,1,1,30.0,0,1,0,0,15
117,4,7.199999999999999,1.44,0.72,3.5999999999999996,0,0,1,1,22.0,1,1,0,1,15
118,4,2.52,0.504,0.504,2.52,0,0,1,0,22.0,0,1,0,0,15
119,2,3.5999999999999996,0.72,0.21599999999999997,1.0799999999999998,0,1,0,1,30.0,0,1,0,1,15
120,4,3.5999999999999996,0.72,0.72,3.5999999999999996,0,0,1,1,22.0,1,1,0,1,15
121,4,1.7999999999999998,0.36,0.36,1.7999999999999998,0,0,1,1,40.0,0,1,0,1,15
122,4,0.7199999999999999,0.144,0.21599999999999997,1.0799999999999998,0,0,1,0,40.0,0,1,0,1,15
123,4,0.7199999999999999,0.144,0.144,0.7199999999999999,0,0,1,0,22.0,1,1,0,1,15
124,4,1.7999999999999998,0.36,1.0799999999999998,5.399999999999999,0,0,1,1,30.0,0,1,0,0,15
125,4,1.7999999999999998,0.36,0.36,1.7999999999999998,0,0,1,1,40.0,0,1,0,1,15
127,4,3.5999999999999996,0.72,0.72,3.5999999999999996,0,0,1,1,30.0,1,1,0,1,15
129,2,5.399999999999999,1.0799999999999998,1.0799999999999998,5.399999999999999,0,1,0,1,30.0,1,1,0,1,15
130,1,1.7999999999999998,0.36,0.72,3.5999999999999996,1,0,0,1,22.0,1,1,0,1,15
132,3,1.7999999999999998,0.36,0.36,1.7999999999999998,0,0,0,0,22.0,0,1,0,0,15
135,1,6.67,1.334,0.144,0.7199999999999999,1,0,0,0,22.0,0,1,0,1,15
137,3,2.8799999999999994,0.576,0.72,3.5999999999999996,0,0,0,1,30.0,1,1,0,1,15
139,4,2.52,0.504,0.504,2.52,0,0,1,1,22.0,0,1,0,1,15
141,4,1.0799999999999998,0.21599999999999997,0.144,0.7199999999999999,0,0,1,1,22.0,1,1,0,1,15
145,4,5.399999999999999,1.0799999999999998,1.0799999999999998,5.399999999999999,0,0,1,1,22.0,1,1,0,1,15
146,3,1.0799999999999998,0.21599999999999997,0.72,3.5999999999999996,0,0,0,1,30.0,1,1,0,1,15
147,1,1.7999999999999998,0.36,0.72,3.5999999999999996,1,0,0,0,30.0,1,1,0,1,15
148,4,1.7999999999999998,0.36,1.0799999999999998,5.399999999999999,0,0,1,0,54.0,0,1,0,1,15
149,4,2.52,0.504,1.0799999999999998,5.399999999999999,0,0,1,1,22.0,1,1,0,1,15
150,4,1.7999999999999998,0.36,0.36,1.7999999999999998,0,0,1,1,22.0,1,1,0,1,15
151,4,1.7999999999999998,0.36,0.72,3.5999999999999996,0,0,1,1,22.0,1,1,0,1,15
153,4,3.5999999999999996,0.72,0.36,1.7999999999999998,0,0,1,0,22.0,1,1,0,0,15
154,4,1.7999999999999998,0.36,0.36,1.7999999999999998,0,0,1,1,22.0,0,1,0,1,15
155,4,1.7999999999999998,0.36,0.72,3.5999999999999996,0,0,1,1,30.0,0,1,0,0,15
156,4,3.5999999999999996,0.72,0.144,0.7199999999999999,0,0,1,0,22.0,1,1,0,0,15
157,4,5.399999999999999,1.0799999999999998,0.21599999999999997,1.0799999999999998,0,0,1,1,22.0,1,1,0,1,15
158,4,3.5999999999999996,0.72,0.72,3.5999999999999996,0,0,1,1,54.0,0,1,0,1,15
161,2,1.0799999999999998,0.21599999999999997,0.72,3.5999999999999996,0,1,0,0,22.0,1,1,0,1,15
166,4,7.199999999999999,1.44,0.72,3.5999999999999996,0,0,1,0,30.0,1,1,0,0,15
167,4,3.5999999999999996,0.72,1.0799999999999998,5.399999999999999,0,0,1,0,30.0,1,1,0,0,15
169,3,0.7199999999999999,0.144,0.072,0.35999999999999993,0,0,0,1,30.0,1,1,0,1,15
171,4,0.35999999999999993,0.072,0.144,0.7199999999999999,0,0,1,0,22.0,0,1,0,0,15
174,4,13.35,2.67,0.36,1.7999999999999998,0,0,1,1,22.0,1,1,0,1,15
176,3,1.7999999999999998,0.36,0.36,1.7999999999999998,0,0,0,0,22.0,1,1,0,1,15
177,4,3.5999999999999996,0.72,0.36,1.7999999999999998,0,0,1,0,22.0,1,1,0,0,15
181,4,3.5999999999999996,0.72,0.72,3.5999999999999996,0,0,1,0,65.0,1,1,0,1,15
183,4,1.7999999999999998,0.36,0.36,1.7999999999999998,0,0,1,0,40.0,0,1,0,1,15
187,3,1.0799999999999998,0.21599999999999997,0.72,3.5999999999999996,0,0,0,1,30.0,1,1,0,1,15
189,2,1.7999999999999998,0.36,2.3520000000000003,11.760000000000002,0,1,0,0,22.0,0,1,0,1,15
190,2,5.399999999999999,1.0799999999999998,0.36,1.7999999999999998,0,1,0,0,22.0,0,1,0,1,15
191,2,3.5999999999999996,0.72,0.36,1.7999999999999998,0,1,0,0,30.0,0,1,0,1,15
192,3,1.4399999999999997,0.288,0.288,1.4399999999999997,0,0,0,0,22.0,0,1,0,0,15
196,4,2.52,0.504,0.504,2.52,0,0,1,1,22.0,0,1,0,1,15
198,4,1.7999999999999998,0.36,0.144,0.7199999999999999,0,0,1,0,22.0,0,1,0,1,15
199,2,2.52,0.504,0.288,1.4399999999999997,0,1,0,0,22.0,0,1,0,1,15
201,4,2.52,0.504,0.288,1.4399999999999997,0,0,1,0,22.0,1,1,0,1,15
202,1,3.5999999999999996,0.72,0.36,1.7999999999999998,1,0,0,1,30.0,1,1,0,1,15
203,1,1.7999999999999998,0.36,0.36,1.7999999999999998,1,0,0,0,22.0,1,1,0,1,15
204,1,3.5999999999999996,0.72,2.67,13.35,1,0,0,0,22.0,1,1,0,1,15
205,4,5.399999999999999,1.0799999999999998,1.0799999999999998,5.399999999999999,0,0,1,0,30.0,1,1,0,0,15
207,4,5.399999999999999,1.0799999999999998,0.36,1.7999999999999998,0,0,1,1,30.0,1,1,0,1,15
208,1,3.5999999999999996,0.72,0.72,3.5999999999999996,1,0,0,0,22.0,1,1,0,1,15
210,4,1.7999999999999998,0.36,0.144,0.7199999999999999,0,0,1,0,22.0,1,1,0,0,15
211,4,3.5999999999999996,0.72,0.36,1.7999999999999998,0,0,1,1,30.0,1,1,0,0,15
216,4,3.5999999999999996,0.72,0.72,3.5999999999999996,0,0,1,0,22.0,1,1,0,0,15
217,4,3.5999999999999996,0.72,0.72,3.5999999999999996,0,0,1,1,30.0,1,1,0,0,15
219,4,1.7999999999999998,0.36,1.0799999999999998,5.399999999999999,0,0,1,1,22.0,1,1,0,0,15
220,1,3.5999999999999996,0.72,0.36,1.7999999999999998,1,0,0,0,22.0,1,1,0,1,15
221,2,3.5999999999999996,0.72,0.36,1.7999999999999998,0,1,0,0,30.0,1,1,0,1,15
222,4,3.5999999999999996,0.72,0.36,1.7999999999999998,0,0,1,1,30.0,1,1,0,0,15
224,4,3.5999999999999996,0.72,0.144,0.7199999999999999,0,0,1,1,30.0,1,1,0,0,15
225,4,3.5999999999999996,0.72,1.0799999999999998,5.399999999999999,0,0,1,0,22.0,1,1,0,0,15
228,4,5.399999999999999,1.0799999999999998,0.36,1.7999999999999998,0,0,1,1,30.0,1,1,0,0,15
231,4,0.7199999999999999,0.144,0.144,0.7199999999999999,0,0,1,1,30.0,1,1,0,0,15
235,2,1.7999999999999998,0.36,0.36,1.7999999999999998,0,1,0,0,30.0,0,1,0,0,15
236,4,1.4399999999999997,0.288,0.36,1.7999999999999998,0,0,1,0,54.0,1,1,0,1,15
238,3,0.7199999999999999,0.144,0.21599999999999997,1.0799999999999998,0,0,0,0,22.0,1,1,0,0,15
239,1,5.399999999999999,1.0799999999999998,0.72,3.5999999999999996,1,0,0,1,40.0,1,1,0,1,15
243,4,1.0799999999999998,0.21599999999999997,0.144,0.7199999999999999,0,0,1,0,30.0,1,1,0,1,15
245,2,3.5999999999999996,0.72,0.72,3.5999999999999996,0,1,0,0,22.0,0,1,0,0,15
248,2,1.7999999999999998,0.36,0.36,1.7999999999999998,0,1,0,1,40.0,1,1,0,0,15
251,2,1.7999999999999998,0.36,1.0799999999999998,5.399999999999999,0,1,0,1,30.0,1,1,0,1,15
253,4,1.7999999999999998,0.36,0.144,0.7199999999999999,0,0,1,1,22.0,1,1,0,1,15
255,4,3.5999999999999996,0.72,0.36,1.7999999999999998,0,0,1,0,30.0,0,1,0,1,15
256,4,3.5999999999999996,0.72,0.72,3.5999999999999996,0,0,1,1,40.0,1,1,0,1,15
257,4,0.7199999999999999,0.144,0.36,1.7999999999999998,0,0,1,0,22.0,1,1,0,1,15
258,4,2.52,0.504,0.72,3.5999999999999996,0,0,1,0,40.0,0,1,0,1,15
261,4,0.7199999999999999,0.144,1.0799999999999998,5.399999999999999,0,0,1,0,22.0,1,1,0,0,15
264,1,1.0799999999999998,0.21599999999999997,0.576,2.8799999999999994,1,0,0,0,22.0,0,1,0,0,15
268,2,1.7999999999999998,0.36,0.36,1.7999999999999998,0,1,0,0,30.0,0,1,0,0,15
270,4,1.7999999999999998,0.36,0.72,3.5999999999999996,0,0,1,0,54.0,0,1,0,0,15
271,4,1.7999999999999998,0.36,0.43199999999999994,2.1599999999999997,0,0,1,1,30.0,1,1,0,0,15
275,1,3.5999999999999996,0.72,0.72,3.5999999999999996,1,0,0,0,30.0,0,1,0,0,15
277,2,0.7199999999999999,0.144,0.36,1.7999999999999998,0,1,0,1,40.0,1,1,0,1,15
280,4,1.7999999999999998,0.36,0.72,3.5999999999999996,0,0,1,0,22.0,0,1,0,0,15
282,4,1.7999999999999998,0.36,0.504,2.52,0,0,1,0,22.0,0,1,0,1,15
285,4,2.52,0.504,0.576,2.8799999999999994,0,0,1,0,40.0,0,1,0,1,15
287,4,1.4399999999999997,0.288,0.576,2.8799999999999994,0,0,1,0,30.0,0,1,0,1,15
288,4,1.7999999999999998,0.36,0.36,1.7999999999999998,0,0,1,0,22.0,1,1,0,0,15
289,4,2.52,0.504,0.21599999999999997,1.0799999999999998,0,0,1,0,22.0,0,1,0,1,15
290,3,2.52,0.504,0.288,1.4399999999999997,0,0,0,0,22.0,0,1,0,1,15
292,2,2.52,0.504,0.43199999999999994,2.1599999999999997,0,1,0,0,30.0,0,1,0,1,15
295,4,2.52,0.504,0.72,3.5999999999999996,0,0,1,0,22.0,0,1,0,1,15
297,4,1.7999999999999998,0.36,0.72,3.5999999999999996,0,0,1,0,22.0,0,1,0,1,15
299,2,3.5999999999999996,0.72,0.72,3.5999999999999996,0,1,0,0,22.0,1,1,0,0,15
300,4,3.5999999999999996,0.72,0.36,1.7999999999999998,0,0,1,0,30.0,0,1,0,0,15
303,2,1.7999999999999998,0.36,0.504,2.52,0,1,0,1,22.0,0,1,0,1,15
305,4,1.7999999999999998,0.36,0.144,0.7199999999999999,0,0,1,1,22.0,1,1,0,1,15
306,4,2.1599999999999997,0.43199999999999994,0.72,3.5999999999999996,0,0,1,0,22.0,0,1,0,0,15
308,4,1.7999999999999998,0.36,0.504,2.52,0,0,1,0,22.0,0,1,0,1,15
309,2,1.7999999999999998,0.36,0.43199999999999994,2.1599999999999997,0,1,0,1,22.0,0,1,0,1,15
310,4,7.199999999999999,1.44,0.36,1.7999999999999998,0,0,1,0,22.0,1,1,0,0,15
311,4,5.399999999999999,1.0799999999999998,0.72,3.5999999999999996,0,0,1,1,54.0,0,1,0,1,15
312,4,1.0799999999999998,0.21599999999999997,0.36,1.7999999999999998,0,0,1,0,22.0,0,1,0,1,15
313,2,1.7999999999999998,0.36,0.72,3.5999999999999996,0,1,0,1,30.0,0,1,0,1,15
314,4,3.5999999999999996,0.72,0.72,3.5999999999999996,0,0,1,0,22.0,1,1,0,1,15
318,4,1.7999999999999998,0.36,1.0799999999999998,5.399999999999999,0,0,1,0,22.0,1,1,0,0,15
319,4,5.399999999999999,1.0799999999999998,0.72,3.5999999999999996,0,0,1,0,22.0,1,1,0,1,15
320,4,2.52,0.504,0.576,2.8799999999999994,0,0,1,0,30.0,0,1,0,1,15
324,4,2.52,0.504,0.576,2.8799999999999994,0,0,1,0,40.0,0,1,0,1,15
325,3,1.7999999999999998,0.36,0.21599999999999997,1.0799999999999998,0,0,0,0,22.0,0,1,0,0,15
326,4,1.7999999999999998,0.36,0.72,3.5999999999999996,0,0,1,1,30.0,1,1,0,1,15
327,4,1.7999999999999998,0.36,0.144,0.7199999999999999,0,0,1,1,30.0,1,1,0,0,15
328,4,3.5999999999999996,0.72,0.36,1.7999999999999998,0,0,1,1,30.0,1,1,0,1,15
329,4,3.5999999999999996,0.72,0.36,1.7999999999999998,0,0,1,1,22.0,1,1,0,0,15
330,2,1.7999999999999998,0.36,1.0799999999999998,5.399999999999999,0,1,0,1,30.0,0,1,0,1,15
331,2,1.7999999999999998,0.36,0.72,3.5999999999999996,0,1,0,1,22.0,0,1,0,1,15
333,2,3.5999999999999996,0.72,0.144,0.7199999999999999,0,1,0,1,22.0,0,1,0,1,15
335,4,3.5999999999999996,0.72,0.36,1.7999999999999998,0,0,1,0,54.0,1,1,0,0,15
336,4,3.5999999999999996,0.72,0.288,1.4399999999999997,0,0,1,1,30.0,0,1,0,1,15
339,1,1.7999999999999998,0.36,0.504,2.52,1,0,0,0,22.0,0,1,0,1,15
341,4,0.7199999999999999,0.144,0.72,3.5999999999999996,0,0,1,1,22.0,1,1,0,1,15
343,4,3.5999999999999996,0.72,0.36,1.7999999999999998,0,0,1,1,40.0,1,1,0,1,15
344,4,3.5999999999999996,0.72,0.36,1.7999999999999998,0,0,1,1,40.0,1,1,0,0,15
345,4,1.0799999999999998,0.21599999999999997,0.72,3.5999999999999996,0,0,1,1,22.0,0,1,0,1,15
346,2,5.399999999999999,1.0799999999999998,0.72,3.5999999999999996,0,1,0,0,22.0,0,1,0,1,15
349,4,1.0799999999999998,0.21599999999999997,0.288,1.4399999999999997,0,0,1,0,40.0,0,1,0,1,15
350,4,1.7999999999999998,0.36,0.144,0.7199999999999999,0,0,1,0,22.0,0,1,0,0,15
351,3,1.0799999999999998,0.21599999999999997,0.072,0.35999999999999993,0,0,0,1,22.0,1,1,0,1,15
352,4,1.7999999999999998,0.36,0.36,1.7999999999999998,0,0,1,1,30.0,1,1,0,1,15
353,2,1.0799999999999998,0.21599999999999997,0.144,0.7199999999999999,0,1,0,0,22.0,0,1,0,1,15
358,4,5.399999999999999,1.0799999999999998,0.72,3.5999999999999996,0,0,1,1,22.0,1,1,0,0,15
359,4,1.7999999999999998,0.36,0.72,3.5999999999999996,0,0,1,0,22.0,1,1,0,0,15
361,1,1.7999999999999998,0.36,0.072,0.35999999999999993,1,0,0,1,40.0,1,1,0,1,15
362,2,4.68,0.9359999999999999,0.36,1.7999999999999998,0,1,0,0,22.0,0,1,0,1,15
363,1,5.399999999999999,1.0799999999999998,0.21599999999999997,1.0799999999999998,1,0,0,0,30.0,0,1,0,1,15
364,4,2.52,0.504,0.72,3.5999999999999996,0,0,1,0,22.0,1,1,0,0,15
365,4,1.0799999999999998,0.21599999999999997,0.43199999999999994,2.1599999999999997,0,0,1,1,30.0,1,1,0,1,15
367,4,3.5999999999999996,0.72,0.72,3.5999999999999996,0,0,1,0,22.0,1,1,0,0,15
369,4,1.7999999999999998,0.36,0.36,1.7999999999999998,0,0,1,1,22.0,1,1,0,0,15
370,4,0.7199999999999999,0.144,0.21599999999999997,1.0799999999999998,0,0,1,1,30.0,1,1,0,1,15
373,4,1.7999999999999998,0.36,0.36,1.7999999999999998,0,0,1,0,22.0,1,1,0,0,15
374,4,5.399999999999999,1.0799999999999998,0.72,3.5999999999999996,0,0,1,1,22.0,1,1,0,0,15
375,4,2.52,0.504,1.44,7.199999999999999,0,0,1,1,22.0,0,1,0,0,15
376,2,8.999999999999998,1.7999999999999998,0.144,0.7199999999999999,0,1,0,0,22.0,1,1,0,1,15
377,4,1.0799999999999998,0.21599999999999997,0.504,2.52,0,0,1,0,22.0,0,1,0,0,15
378,1,1.7999999999999998,0.36,0.36,1.7999999999999998,1,0,0,0,22.0,1,1,0,0,15
380,4,1.7999999999999998,0.36,1.44,7.199999999999999,0,0,1,0,22.0,1,1,0,1,15
384,4,3.5999999999999996,0.72,0.36,1.7999999999999998,0,0,1,1,22.0,1,1,0,0,15
386,1,2.52,0.504,0.504,2.52,1,0,0,0,22.0,1,1,0,0,15
391,3,5.399999999999999,1.0799999999999998,0.504,2.52,0,0,0,1,40.0,1,1,0,1,15
394,4,1.7999999999999998,0.36,0.72,3.5999999999999996,0,0,1,1,22.0,1,1,0,1,15
395,4,0.7199999999999999,0.144,0.72,3.5999999999999996,0,0,1,1,30.0,1,1,0,0,15
397,4,3.5999999999999996,0.72,0.72,3.5999999999999996,0,0,1,1,22.0,1,1,0,1,15
399,2,5.399999999999999,1.0799999999999998,1.0799999999999998,5.399999999999999,0,1,0,0,22.0,0,1,0,1,15
400,4,2.52,0.504,0.21599999999999997,1.0799999999999998,0,0,1,1,22.0,0,1,0,1,15
401,2,7.199999999999999,1.44,0.144,0.7199999999999999,0,1,0,1,22.0,0,1,0,1,15
406,4,1.7999999999999998,0.36,0.36,1.7999999999999998,0,0,1,0,22.0,0,1,0,1,15
407,4,1.7999999999999998,0.36,0.36,1.7999999999999998,0,0,1,1,22.0,0,1,0,1,15
408,2,3.5999999999999996,0.72,0.36,1.7999999999999998,0,1,0,1,30.0,1,1,0,1,15
410,2,19.599999999999998,3.92,0.36,1.7999999999999998,0,1,0,1,22.0,1,1,0,1,15
413,4,5.399999999999999,1.0799999999999998,1.0799999999999998,5.399999999999999,0,0,1,1,22.0,1,1,0,1,15
415,4,1.7999999999999998,0.36,0.36,1.7999999999999998,0,0,1,0,40.0,0,1,0,1,15
417,1,3.5999999999999996,0.72,0.36,1.7999999999999998,1,0,0,1,30.0,1,1,0,1,15
419,4,1.0799999999999998,0.21599999999999997,0.36,1.7999999999999998,0,0,1,0,22.0,1,1,0,0,15
422,1,7.199999999999999,1.44,0.72,3.5999999999999996,1,0,0,1,22.0,1,1,0,0,15
423,1,3.5999999999999996,0.72,0.72,3.5999999999999996,1,0,0,1,22.0,1,1,0,0,15
424,1,5.399999999999999,1.0799999999999998,0.36,1.7999999999999998,1,0,0,1,30.0,1,1,0,0,15
425,4,3.5999999999999996,0.72,0.36,1.7999999999999998,0,0,1,0,22.0,0,1,0,1,15
427,4,5.399999999999999,1.0799999999999998,0.72,3.5999999999999996,0,0,1,1,30.0,1,1,0,1,15
428,2,1.7999999999999998,0.36,0.36,1.7999999999999998,0,1,0,1,22.0,0,1,0,0,15
429,4,2.52,0.504,0.36,1.7999999999999998,0,0,1,0,30.0,1,1,0,0,15
431,4,3.5999999999999996,0.72,0.36,1.7999999999999998,0,0,1,0,54.0,0,1,0,1,15
436,2,5.399999999999999,1.0799999999999998,0.72,3.5999999999999996,0,1,0,0,22.0,0,1,0,1,15
437,4,1.7999999999999998,0.36,0.36,1.7999999999999998,0,0,1,1,40.0,0,1,0,1,15
438,3,4.68,0.9359999999999999,0.504,2.52,0,0,0,1,22.0,0,1,0,0,15
440,4,5.399999999999999,1.0799999999999998,0.36,1.7999999999999998,0,0,1,1,22.0,1,1,0,0,15
442,4,3.5999999999999996,0.72,0.43199999999999994,2.1599999999999997,0,0,1,0,22.0,0,1,0,0,15
443,1,5.399999999999999,1.0799999999999998,0.72,3.5999999999999996,1,0,0,0,22.0,1,1,0,1,15
444,4,1.7999999999999998,0.36,0.504,2.52,0,0,1,0,22.0,0,1,0,1,15
447,3,1.4399999999999997,0.288,0.72,3.5999999999999996,0,0,0,0,22.0,0,1,0,0,15
448,2,1.7999999999999998,0.36,0.36,1.7999999999999998,0,1,0,0,22.0,0,1,0,1,15
449,4,1.7999999999999998,0.36,1.0799999999999998,5.399999999999999,0,0,1,1,30.0,1,1,0,0,15
450,4,1.7999999999999998,0.36,0.504,2.52,0,0,1,0,22.0,0,1,0,1,15
452,4,0.7199999999999999,0.144,0.36,1.7999999999999998,0,0,1,1,22.0,1,1,0,0,15
453,4,4.319999999999999,0.8639999999999999,0.36,1.7999999999999998,0,0,1,1,22.0,1,1,0,0,15
454,1,3.5999999999999996,0.72,0.144,0.7199999999999999,1,0,0,1,22.0,1,1,0,0,15
455,4,3.5999999999999996,0.72,0.288,1.4399999999999997,0,0,1,0,22.0,1,1,0,1,15
456,1,1.7999999999999998,0.36,1.0799999999999998,5.399999999999999,1,0,0,0,40.0,1,1,0,1,15
459,4,0.7199999999999999,0.144,1.0799999999999998,5.399999999999999,0,0,1,0,22.0,1,1,0,1,15
461,3,1.7999999999999998,0.36,0.72,3.5999999999999996,0,0,0,1,22.0,1,1,0,0,15
462,4,1.7999999999999998,0.36,0.72,3.5999999999999996,0,0,1,0,22.0,1,1,0,1,15
463,1,1.7999999999999998,0.36,0.72,3.5999999999999996,1,0,0,0,30.0,1,1,0,1,15
464,4,1.7999999999999998,0.36,0.21599999999999997,1.0799999999999998,0,0,1,1,30.0,1,1,0,1,15
466,1,1.0799999999999998,0.21599999999999997,0.36,1.7999999999999998,1,0,0,1,22.0,1,1,0,1,15
467,4,7.199999999999999,1.44,0.36,1.7999999999999998,0,0,1,1,22.0,1,1,0,1,15
470,1,1.7999999999999998,0.36,0.72,3.5999999999999996,1,0,0,1,22.0,1,1,0,0,15
471,4,1.7999999999999998,0.36,0.72,3.5999999999999996,0,0,1,0,40.0,0,1,0,1,15
472,4,1.7999999999999998,0.36,0.72,3.5999999999999996,0,0,1,0,22.0,0,1,0,1,15
475,4,1.7999999999999998,0.36,0.8639999999999999,4.319999999999999,0,0,1,0,30.0,1,1,0,0,15
476,1,5.399999999999999,1.0799999999999998,0.36,1.7999999999999998,1,0,0,0,22.0,1,1,0,1,15
477,4,3.5999999999999996,0.72,0.36,1.7999999999999998,0,0,1,0,22.0,1,1,0,0,15
478,4,1.7999999999999998,0.36,1.568,7.84,0,0,1,0,22.0,1,1,0,1,15
479,4,1.0799999999999998,0.21599999999999997,1.0799999999999998,5.399999999999999,0,0,1,0,22.0,0,1,0,1,15
481,4,1.7999999999999998,0.36,0.72,3.5999999999999996,0,0,1,1,22.0,1,1,0,1,15
482,4,3.5999999999999996,0.72,1.0799999999999998,5.399999999999999,0,0,1,1,22.0,1,1,0,0,15
483,4,1.7999999999999998,0.36,0.36,1.7999999999999998,0,0,1,1,22.0,0,1,0,0,15
488,1,3.5999999999999996,0.72,0.72,3.5999999999999996,1,0,0,1,30.0,1,1,0,1,15
491,1,1.7999999999999998,0.36,0.72,3.5999999999999996,1,0,0,0,22.0,1,1,0,1,15
496,4,0.7199999999999999,0.144,0.21599999999999997,1.0799999999999998,0,0,1,1,40.0,0,1,0,0,15
499,2,1.7999999999999998,0.36,0.36,1.7999999999999998,0,1,0,1,30.0,0,1,0,1,15
500,4,2.52,0.504,0.576,2.8799999999999994,0,0,1,0,54.0,0,1,0,1,15
501,1,3.5999999999999996,0.72,0.72,3.5999999999999996,1,0,0,1,22.0,1,1,0,1,15
503,4,1.4399999999999997,0.288,0.72,3.5999999999999996,0,0,1,1,22.0,0,1,0,1,15
504,4,3.5999999999999996,0.72,0.72,3.5999999999999996,0,0,1,1,30.0,1,1,0,1,15
505,4,1.7999999999999998,0.36,0.504,2.52,0,0,1,0,22.0,0,1,0,1,15
506,4,2.52,0.504,0.36,1.7999999999999998,0,0,1,1,40.0,0,1,0,1,15
507,4,4.319999999999999,0.8639999999999999,0.36,1.7999999999999998,0,0,1,0,22.0,1,1,0,0,15
510,4,5.0,1.0,0.21599999999999997,1.0799999999999998,0,0,1,0,22.0,0,1,0,1,15
512,4,1.7999999999999998,0.36,0.36,1.7999999999999998,0,0,1,1,30.0,1,1,0,1,15
513,4,1.7999999999999998,0.36,0.288,1.4399999999999997,0,0,1,1,22.0,0,1,0,1,15
514,3,1.7999999999999998,0.36,0.504,2.52,0,0,0,0,22.0,1,1,0,0,15
515,4,0.7199999999999999,0.144,0.21599999999999997,1.0799999999999998,0,0,1,0,40.0,0,1,0,1,15
517,4,2.52,0.504,0.9359999999999999,4.68,0,0,1,1,40.0,1,1,0,1,15
518,4,3.5999999999999996,0.72,0.504,2.52,0,0,1,0,22.0,0,1,0,1,15
522,4,2.1599999999999997,0.43199999999999994,0.72,3.5999999999999996,0,0,1,1,30.0,1,1,0,0,15
523,4,5.399999999999999,1.0799999999999998,0.36,1.7999999999999998,0,0,1,1,22.0,1,1,0,0,15
524,4,3.5999999999999996,0.72,0.72,3.5999999999999996,0,0,1,0,22.0,1,1,0,1,15
526,4,3.5999999999999996,0.72,0.576,2.8799999999999994,0,0,1,1,22.0,1,1,0,0,15
528,4,2.52,0.504,0.504,2.52,0,0,1,0,22.0,0,1,0,1,15
529,2,1.7999999999999998,0.36,0.36,1.7999999999999998,0,1,0,0,30.0,1,1,0,1,15
530,1,8.999999999999998,1.7999999999999998,1.0799999999999998,5.399999999999999,1,0,0,1,22.0,1,1,0,1,15
531,4,1.7999999999999998,0.36,0.21599999999999997,1.0799999999999998,0,0,1,0,22.0,0,1,0,1,15
532,4,5.399999999999999,1.0799999999999998,0.504,2.52,0,0,1,0,30.0,1,1,0,0,15
533,4,1.7999999999999998,0.36,0.36,1.7999999999999998,0,0,1,0,22.0,0,1,0,1,15
535,2,0.7199999999999999,0.144,0.36,1.7999999999999998,0,1,0,0,22.0,0,1,0,1,15
538,4,4.68,0.9359999999999999,0.576,2.8799999999999994,0,0,1,0,22.0,1,1,0,0,15
539,4,3.5999999999999996,0.72,0.072,0.35999999999999993,0,0,1,1,30.0,1,1,0,0,15
540,3,1.7999999999999998,0.36,0.36,1.7999999999999998,0,0,0,0,22.0,1,1,0,0,15
541,4,3.5999999999999996,0.72,0.072,0.35999999999999993,0,0,1,0,22.0,1,1,0,0,15
542,4,3.5999999999999996,0.72,0.36,1.7999999999999998,0,0,1,1,30.0,1,1,0,0,15
543,2,1.7999999999999998,0.36,0.504,2.52,0,1,0,1,22.0,1,1,0,0,15
544,4,3.5999999999999996,0.72,0.21599999999999997,1.0799999999999998,0,0,1,0,40.0,1,1,0,0,15
545,4,3.5999999999999996,0.72,1.44,7.199999999999999,0,0,1,0,22.0,1,1,0,0,15
546,4,3.5999999999999996,0.72,0.36,1.7999999999999998,0,0,1,1,22.0,1,1,0,1,15
547,4,1.7999999999999998,0.36,0.504,2.52,0,0,1,1,22.0,1,1,0,1,15
549,1,7.199999999999999,1.44,1.0799999999999998,5.399999999999999,1,0,0,1,22.0,1,1,0,1,15
550,4,2.52,0.504,0.72,3.5999999999999996,0,0,1,1,30.0,1,1,0,1,15
551,4,3.5999999999999996,0.72,0.36,1.7999999999999998,0,0,1,1,22.0,1,1,0,0,15
556,3,1.7999999999999998,0.36,0.36,1.7999999999999998,0,0,0,1,22.0,0,1,0,0,15
559,4,1.7999999999999998,0.36,0.504,2.52,0,0,1,0,40.0,0,1,0,1,15
560,4,3.5999999999999996,0.72,0.72,3.5999999999999996,0,0,1,0,22.0,0,1,0,1,15
561,2,3.5999999999999996,0.72,0.21599999999999997,1.0799999999999998,0,1,0,1,40.0,1,1,0,1,15
562,4,1.7999999999999998,0.36,0.36,1.7999999999999998,0,0,1,0,54.0,0,1,0,0,15
563,4,1.7999999999999998,0.36,1.0799999999999998,5.399999999999999,0,0,1,0,40.0,0,1,0,1,15
564,4,1.7999999999999998,0.36,0.504,2.52,0,0,1,0,54.0,0,1,0,0,15
565,4,1.7999999999999998,0.36,0.576,2.8799999999999994,0,0,1,0,54.0,0,1,0,1,15
570,2,1.4399999999999997,0.288,0.21599999999999997,1.0799999999999998,0,1,0,1,22.0,0,1,0,1,15
572,4,1.7999999999999998,0.36,0.36,1.7999999999999998,0,0,1,1,40.0,0,1,0,1,15
573,4,3.5999999999999996,0.72,0.72,3.5999999999999996,0,0,1,1,30.0,0,1,0,1,15
575,2,1.7999999999999998,0.36,0.36,1.7999999999999998,0,1,0,0,22.0,0,1,0,0,15
577,4,2.52,0.504,0.36,1.7999999999999998,0,0,1,0,22.0,0,1,0,0,15
578,4,5.399999999999999,1.0799999999999998,0.36,1.7999999999999998,0,0,1,0,22.0,0,1,0,1,15
579,4,3.5999999999999996,0.72,0.36,1.7999999999999998,0,0,1,1,22.0,1,1,0,0,15
580,4,1.7999999999999998,0.36,0.36,1.7999999999999998,0,0,1,1,40.0,0,1,0,1,15
584,4,5.399999999999999,1.0799999999999998,0.36,1.7999999999999998,0,0,1,0,40.0,1,1,0,1,15
585,4,1.7999999999999998,0.36,0.144,0.7199999999999999,0,0,1,1,30.0,1,1,0,0,15
587,1,3.5999999999999996,0.72,0.504,2.52,1,0,0,0,22.0,0,1,0,1,15
590,4,3.5999999999999996,0.72,0.072,0.35999999999999993,0,0,1,1,22.0,1,1,0,1,15
591,4,5.399999999999999,1.0799999999999998,0.144,0.7199999999999999,0,0,1,1,30.0,1,1,0,1,15
592,2,3.5999999999999996,0.72,0.36,1.7999999999999998,0,1,0,1,22.0,1,1,0,0,15
593,4,2.8799999999999994,0.576,0.72,3.5999999999999996,0,0,1,1,30.0,1,1,0,1,15
596,2,3.5999999999999996,0.72,0.36,1.7999999999999998,0,1,0,1,22.0,1,1,0,0,15
598,3,1.7999999999999998,0.36,0.504,2.52,0,0,0,1,54.0,1,1,0,1,15
599,2,7.199999999999999,1.44,0.36,1.7999999999999998,0,1,0,1,22.0,0,1,0,0,15
601,1,0.7199999999999999,0.144,0.21599999999999997,1.0799999999999998,1,0,0,1,30.0,1,1,0,1,15
602,1,7.199999999999999,1.44,1.44,7.199999999999999,1,0,0,0,30.0,1,1,0,0,15
606,4,1.7999999999999998,0.36,0.72,3.5999999999999996,0,0,1,0,22.0,1,1,0,0,15
607,4,0.7199999999999999,0.144,0.36,1.7999999999999998,0,0,1,0,22.0,1,1,0,0,15
610,1,5.399999999999999,1.0799999999999998,0.21599999999999997,1.0799999999999998,1,0,0,1,30.0,1,1,0,1,15
613,4,2.8799999999999994,0.576,0.36,1.7999999999999998,0,0,1,1,22.0,1,1,0,0,15
614,1,3.5999999999999996,0.72,0.21599999999999997,1.0799999999999998,1,0,0,0,22.0,1,1,0,0,15
615,3,1.0799999999999998,0.21599999999999997,0.36,1.7999999999999998,0,0,0,1,22.0,1,1,0,0,15
616,1,1.7999999999999998,0.36,1.0799999999999998,5.399999999999999,1,0,0,1,30.0,1,1,0,1,15
617,1,1.7999999999999998,0.36,0.72,3.5999999999999996,1,0,0,1,30.0,1,1,0,1,15
620,4,5.399999999999999,1.0799999999999998,1.0799999999999998,5.399999999999999,0,0,1,0,30.0,1,1,0,1,15
621,4,3.5999999999999996,0.72,0.72,3.5999999999999996,0,0,1,1,22.0,1,1,0,0,15
623,4,1.0799999999999998,0.21599999999999997,0.72,3.5999999999999996,0,0,1,0,30.0,0,1,0,1,15
627,4,1.7999999999999998,0.36,0.36,1.7999999999999998,0,0,1,1,22.0,1,1,0,0,15
629,3,1.7999999999999998,0.36,0.36,1.7999999999999998,0,0,0,0,22.0,0,1,0,0,15
631,4,2.52,0.504,0.72,3.5999999999999996,0,0,1,0,40.0,0,1,0,1,15
632,4,1.7999999999999998,0.36,0.36,1.7999999999999998,0,0,1,1,22.0,1,1,0,1,15
634,4,1.0799999999999998,0.21599999999999997,0.504,2.52,0,0,1,0,22.0,0,1,0,1,15
635,4,1.7999999999999998,0.36,0.36,1.7999999999999998,0,0,1,0,22.0,0,1,0,1,15
636,3,5.399999999999999,1.0799999999999998,0.72,3.5999999999999996,0,0,0,1,30.0,1,1,0,0,15
637,4,1.7999999999999998,0.36,0.72,3.5999999999999996,0,0,1,1,30.0,1,1,0,1,15
639,4,1.7999999999999998,0.36,0.21599999999999997,1.0799999999999998,0,0,1,1,30.0,1,1,0,0,15
640,4,1.7999999999999998,0.36,0.36,1.7999999999999998,0,0,1,0,22.0,1,1,0,0,15
641,4,1.0799999999999998,0.21599999999999997,0.72,3.5999999999999996,0,0,1,1,22.0,1,1,0,1,15
