ID,AGE,USE,AD,ED,ACCESS_TIME,EGRESS_TIME,ALT1,ALT2,ALT3,BICYCLES,MOTOR,WB,GENDER,UNO,SERO,DM1,DM2,DM3,DM4,DM5
1,22.0,4,0.3,2.25,5,7,0,0,1,0,1,0,0,1,0,1,0,0,0,0
2,22.0,4,0.75,0.3,10,2,0,0,1,1,1,1,0,1,0,0,1,0,0,0
3,30.0,4,4.25,0.75,10,5,0,0,1,1,1,0,0,1,0,0,0,0,0,1
4,40.0,4,0.3,1.25,5,5,0,0,1,0,1,1,1,1,0,1,0,0,0,0
5,22.0,4,3.75,1.25,15,10,0,0,1,0,1,0,1,1,0,0,0,0,1,0
6,30.0,1,5.0,5.0,10,17,1,0,0,0,0,0,0,1,0,0,0,0,0,1
7,22.0,1,5.0,2.75,20,10,1,0,0,1,1,0,1,1,0,0,0,0,0,1
8,40.0,4,0.3,0.75,5,10,0,0,1,0,1,0,0,1,0,1,0,0,0,0
9,65.0,4,2.75,3.25,20,20,0,0,1,0,1,0,1,1,0,0,0,0,1,0
10,22.0,4,1.75,1.25,20,10,0,0,1,0,0,1,1,1,0,0,0,1,0,0
11,40.0,1,0.3,1.75,5,20,1,0,0,0,1,0,1,1,0,1,0,0,0,0
12,30.0,4,1.75,0.3,15,2,0,0,1,0,1,0,1,1,0,0,0,1,0,0
13,22.0,4,0.75,1.25,3,13,0,0,1,0,1,0,1,1,0,0,1,0,0,0
14,30.0,4,5.0,1.75,20,10,0,0,1,0,1,1,1,1,0,0,0,0,0,1
15,40.0,4,0.3,2.75,3,10,0,0,1,0,1,0,0,1,0,1,0,0,0,0
16,30.0,4,4.25,2.75,15,15,0,0,1,0,1,0,0,1,0,0,0,0,0,1
17,40.0,1,3.75,4.25,15,15,1,0,0,1,1,0,1,1,0,0,0,0,1,0
18,40.0,4,5.0,0.3,20,5,0,0,1,0,1,0,0,1,0,0,0,0,0,1
19,22.0,1,0.3,0.3,5,2,1,0,0,0,0,0,1,1,0,1,0,0,0,0
20,40.0,4,1.75,0.3,5,5,0,0,1,0,1,0,0,1,0,0,0,1,0,0
21,54.0,4,1.75,1.75,10,10,0,0,1,0,0,1,1,1,0,0,0,1,0,0
22,30.0,2,3.75,4.75,15,20,0,1,0,0,1,1,0,1,0,0,0,0,1,0
23,40.0,1,2.25,2.25,10,10,1,0,0,0,1,1,1,1,0,0,0,0,1,0
24,30.0,4,2.75,1.25,10,10,0,0,1,0,1,0,1,1,0,0,0,0,1,0
25,30.0,4,1.75,1.75,25,10,0,0,1,0,1,0,0,1,0,0,0,1,0,0
26,40.0,4,1.25,0.3,10,10,0,0,1,0,1,1,1,1,0,0,0,1,0,0
27,22.0,4,0.3,0.75,5,4,0,0,1,0,0,1,0,1,0,1,0,0,0,0
28,30.0,4,2.25,2.25,10,10,0,0,1,0,1,1,1,1,0,0,0,0,1,0
29,30.0,2,0.3,0.3,10,4,0,1,0,0,0,0,0,1,0,1,0,0,0,0
30,30.0,1,0.75,1.25,10,15,1,0,0,0,1,0,1,1,0,0,1,0,0,0
31,54.0,1,0.3,0.3,5,7,1,0,0,0,1,1,1,1,0,1,0,0,0,0
32,22.0,1,1.25,2.75,10,10,1,0,0,0,1,0,0,1,0,0,0,1,0,0
33,30.0,4,2.75,1.75,18,13,0,0,1,0,1,0,1,1,0,0,0,0,1,0
34,22.0,1,0.75,0.75,10,10,1,0,0,0,1,0,0,1,0,0,1,0,0,0
35,22.0,1,1.25,0.3,15,5,1,0,0,1,1,0,0,1,0,0,0,1,0,0
36,22.0,2,0.3,0.3,10,5,0,1,0,0,1,1,1,1,0,1,0,0,0,0
37,30.0,4,0.3,5.0,2,45,0,0,1,0,1,1,1,1,0,1,0,0,0,0
38,22.0,1,1.25,2.75,10,10,1,0,0,0,0,1,1,1,0,0,0,1,0,0
39,22.0,2,1.25,0.3,10,5,0,1,0,1,1,0,0,1,0,0,0,1,0,0
40,22.0,4,0.3,0.3,5,5,0,0,1,0,1,1,0,1,0,1,0,0,0,0
41,30.0,2,2.75,0.75,10,10,0,1,0,0,1,1,0,1,0,0,0,0,1,0
42,22.0,4,1.25,0.3,10,2,0,0,1,0,1,0,1,1,0,0,0,1,0,0
43,54.0,4,0.3,0.3,5,5,0,0,1,0,0,1,1,1,0,1,0,0,0,0
44,22.0,4,5.0,0.75,20,10,0,0,1,0,0,1,0,1,0,0,0,0,0,1
45,30.0,4,0.3,0.75,3,3,0,0,1,0,1,1,1,1,0,1,0,0,0,0
46,54.0,4,0.3,1.75,3,10,0,0,1,0,0,1,1,1,0,1,0,0,0,0
47,22.0,4,3.75,1.75,15,7,0,0,1,1,1,1,1,1,0,0,0,0,1,0
48,22.0,4,5.0,0.75,250,5,0,0,1,0,1,0,1,1,0,0,0,0,0,1
49,22.0,1,0.75,0.75,10,10,1,0,0,0,1,0,0,1,0,0,1,0,0,0
50,22.0,2,0.3,0.3,5,5,0,1,0,1,1,0,0,1,0,1,0,0,0,0
51,40.0,4,5.0,0.3,30,5,0,0,1,0,1,1,1,1,0,0,0,0,0,1
52,30.0,4,0.3,2.75,5,10,0,0,1,1,0,1,1,1,0,1,0,0,0,0
53,22.0,1,0.3,0.3,5,10,1,0,0,0,1,0,0,1,0,1,0,0,0,0
54,22.0,2,0.75,0.3,8,5,0,1,0,0,1,0,0,1,0,0,1,0,0,0
55,40.0,2,5.0,5.0,15,30,0,1,0,0,1,1,0,1,0,0,0,0,0,1
56,22.0,1,0.3,0.3,2,1,1,0,0,0,1,0,1,1,0,1,0,0,0,0
57,40.0,1,3.75,0.75,15,10,1,0,0,1,1,1,0,1,0,0,0,0,1,0
58,22.0,4,2.25,1.75,10,10,0,0,1,0,1,0,0,1,0,0,0,0,1,0
59,22.0,4,1.25,0.3,15,2,0,0,1,0,1,0,1,1,0,0,0,1,0,0
60,30.0,4,1.25,1.25,13,20,0,0,1,0,0,0,1,1,0,0,0,1,0,0
61,22.0,4,0.3,0.3,10,5,0,0,1,0,1,1,1,1,0,1,0,0,0,0
62,40.0,2,0.3,5.0,5,40,0,1,0,0,1,1,1,1,0,1,0,0,0,0
63,22.0,2,0.3,2.25,8,10,0,1,0,0,1,0,0,1,0,1,0,0,0,0
64,54.0,4,1.75,0.75,20,10,0,0,1,0,1,1,1,1,0,0,0,1,0,0
65,22.0,1,5.0,0.3,20,2,1,0,0,0,1,0,1,1,0,0,0,0,0,1
66,30.0,1,4.25,0.75,10,10,1,0,0,0,1,1,1,1,0,0,0,0,0,1
67,30.0,1,0.75,0.3,10,3,1,0,0,0,1,1,1,1,0,0,1,0,0,0
68,40.0,1,0.75,3.75,10,15,1,0,0,0,1,1,1,1,0,0,1,0,0,0
69,22.0,1,0.75,2.25,7,10,1,0,0,0,0,0,0,1,0,0,1,0,0,0
70,30.0,4,5.0,0.3,120,2,0,0,1,0,1,1,1,1,0,0,0,0,0,1
71,22.0,1,1.25,0.3,15,1,1,0,0,0,1,1,1,1,0,0,0,1,0,0
72,22.0,4,0.3,0.3,1,1,0,0,1,0,1,1,1,1,0,1,0,0,0,0
73,22.0,1,3.25,0.75,10,10,1,0,0,0,1,0,1,1,0,0,0,0,1,0
74,54.0,4,5.0,1.25,50,10,0,0,1,1,1,0,0,1,0,0,0,0,0,1
75,22.0,1,1.25,0.3,5,2,1,0,0,0,1,1,1,1,0,0,0,1,0,0
76,22.0,4,0.75,0.75,10,10,0,0,1,0,0,0,0,1,0,0,1,0,0,0
77,40.0,1,0.3,0.75,5,10,1,0,0,1,1,0,1,1,0,1,0,0,0,0
78,22.0,4,1.25,0.3,10,2,0,0,1,1,1,1,1,1,0,0,0,1,0,0
79,22.0,1,0.75,0.3,10,5,1,0,0,1,1,0,1,1,0,0,1,0,0,0
80,30.0,4,0.3,0.3,10,10,0,0,1,0,1,1,1,1,0,1,0,0,0,0
81,22.0,1,0.3,0.75,5,10,1,0,0,0,0,0,1,1,0,1,0,0,0,0
82,40.0,4,0.75,0.3,10,4,0,0,1,0,1,1,0,1,0,0,1,0,0,0
83,22.0,1,0.75,0.3,20,4,1,0,0,0,1,0,0,1,0,0,1,0,0,0
84,22.0,4,0.3,1.25,5,15,0,0,1,0,1,1,0,1,0,1,0,0,0,0
85,22.0,4,4.25,0.3,15,5,0,0,1,0,1,1,0,1,0,0,0,0,0,1
86,22.0,4,0.3,0.3,5,4,0,0,1,0,1,0,0,1,0,1,0,0,0,0
87,30.0,4,0.3,1.25,5,10,0,0,1,0,0,1,1,1,0,1,0,0,0,0
88,22.0,1,0.3,0.3,5,7,1,0,0,1,1,0,1,1,0,1,0,0,0,0
89,30.0,4,0.3,1.75,7,5,0,0,1,0,1,1,0,1,0,1,0,0,0,0
90,22.0,4,0.3,0.3,2,2,0,0,1,1,1,0,1,1,0,1,0,0,0,0
91,22.0,1,1.25,0.3,5,2,1,0,0,0,1,1,0,1,0,0,0,1,0,0
92,22.0,4,3.25,0.3,10,2,0,0,1,0,1,1,1,1,0,0,0,0,1,0
93,40.0,1,0.75,0.3,5,2,1,0,0,1,1,1,1,1,0,0,1,0,0,0
94,30.0,1,0.75,0.3,5,5,1,0,0,0,1,1,1,1,0,0,1,0,0,0
95,22.0,4,0.3,0.75,2,10,0,0,1,0,0,0,0,1,0,1,0,0,0,0
96,22.0,4,0.75,0.3,10,3,0,0,1,0,1,1,1,1,0,0,1,0,0,0
97,22.0,1,0.75,0.3,10,2,1,0,0,1,1,0,1,1,0,0,1,0,0,0
98,22.0,4,1.75,0.3,10,2,0,0,1,0,1,1,0,1,0,0,0,1,0,0
99,22.0,4,0.75,0.3,10,3,0,0,1,0,1,0,0,1,0,0,1,0,0,0
100,22.0,1,0.3,0.75,5,10,1,0,0,0,1,0,1,1,0,1,0,0,0,0
101,22.0,4,2.25,0.3,15,5,0,0,1,0,0,0,1,1,0,0,0,0,1,0
102,22.0,1,0.75,3.25,7,10,1,0,0,0,1,1,0,1,0,0,1,0,0,0
103,22.0,1,0.75,0.75,10,10,1,0,0,0,1,0,1,1,0,0,1,0,0,0
104,22.0,4,0.3,3.25,5,10,0,0,1,0,1,0,1,1,0,1,0,0,0,0
105,30.0,4,0.3,0.3,5,5,0,0,1,0,1,0,0,1,0,1,0,0,0,0
106,40.0,1,0.3,0.3,7,2,1,0,0,1,1,1,1,1,0,1,0,0,0,0
107,22.0,2,1.25,5.0,5,120,0,1,0,0,1,0,0,1,0,0,0,1,0,0
108,22.0,4,0.75,0.3,5,3,0,0,1,1,1,0,1,1,0,0,1,0,0,0
109,22.0,4,0.3,0.3,5,10,0,0,1,0,1,0,0,1,0,1,0,0,0,0
110,22.0,2,0.3,0.3,5,2,0,1,0,0,1,1,0,1,0,1,0,0,0,0
111,30.0,2,1.75,4.25,15,25,0,1,0,0,0,0,0,1,0,0,0,1,0,0
112,40.0,4,4.75,2.25,20,30,0,0,1,1,1,1,1,1,0,0,0,0,0,1
113,22.0,4,0.3,0.3,5,2,0,0,1,1,1,0,0,1,0,1,0,0,0,0
114,30.0,4,2.25,4.25,7,10,0,0,1,0,0,1,0,1,0,0,0,0,1,0
115,30.0,4,5.0,0.3,25,5,0,0,1,1,1,0,1,1,0,0,0,0,0,1
116,30.0,1,0.3,0.3,6,5,1,0,0,0,1,0,0,1,0,1,0,0,0,0
117,22.0,4,5.0,1.25,20,10,0,0,1,0,1,1,0,1,0,0,0,0,0,1
118,30.0,1,0.3,0.3,5,5,1,0,0,0,0,1,1,1,0,1,0,0,0,0
119,22.0,4,0.3,0.3,5,5,0,0,1,0,0,0,0,1,0,1,0,0,0,0
120,22.0,4,0.3,1.25,3,6,0,0,1,0,1,1,0,1,0,1,0,0,0,0
121,22.0,4,5.0,0.3,20,5,0,0,1,0,1,1,1,1,0,0,0,0,0,1
122,40.0,4,0.3,0.75,5,10,0,0,1,0,1,1,0,1,0,1,0,0,0,0
123,30.0,2,2.25,2.75,5,15,0,1,0,0,1,1,0,1,0,0,0,0,1,0
124,22.0,2,0.3,0.3,3,2,0,1,0,0,0,0,0,1,0,1,0,0,0,0
125,22.0,4,0.3,1.25,7,13,0,0,1,0,1,0,0,1,0,1,0,0,0,0
126,30.0,1,0.75,1.25,10,20,1,0,0,0,1,1,1,1,0,0,1,0,0,0
127,22.0,2,1.25,0.3,15,5,0,1,0,1,1,0,0,1,0,0,0,1,0,0
128,22.0,4,0.75,0.3,7,5,0,0,1,0,1,0,0,1,0,0,1,0,0,0
129,54.0,4,0.3,1.25,5,15,0,0,1,0,0,0,1,1,0,1,0,0,0,0
130,22.0,1,0.75,0.75,7,7,1,0,0,0,1,0,0,1,0,0,1,0,0,0
131,40.0,2,0.75,0.75,10,10,0,1,0,0,0,0,1,1,0,0,1,0,0,0
132,22.0,2,4.75,0.3,15,5,0,1,0,0,1,0,0,1,0,0,0,0,0,1
133,22.0,4,1.75,0.3,15,5,0,0,1,0,1,1,1,1,0,0,0,1,0,0
134,30.0,1,0.3,1.25,5,7,1,0,0,0,1,1,0,1,0,1,0,0,0,0
135,22.0,2,0.3,0.3,5,4,0,1,0,1,1,1,0,1,0,1,0,0,0,0
136,54.0,4,0.3,0.75,5,10,0,0,1,0,1,1,0,1,0,1,0,0,0,0
137,22.0,4,0.3,0.3,5,3,0,0,1,0,1,1,1,1,0,1,0,0,0,0
138,22.0,2,0.75,1.25,10,13,0,1,0,0,0,0,0,1,0,0,1,0,0,0
139,22.0,4,0.75,0.3,10,5,0,0,1,0,1,0,0,1,0,0,1,0,0,0
140,30.0,4,0.3,0.3,3,2,0,0,1,0,0,1,1,1,0,1,0,0,0,0
141,22.0,4,0.3,0.75,7,10,0,0,1,0,0,0,0,1,0,1,0,0,0,0
142,22.0,2,0.3,3.25,5,20,0,1,0,0,1,0,0,1,0,1,0,0,0,0
143,22.0,2,0.3,0.75,5,6,0,1,0,0,0,1,0,1,0,1,0,0,0,0
144,22.0,4,0.75,1.25,8,15,0,0,1,1,1,0,0,1,0,0,1,0,0,0
145,22.0,4,5.0,0.75,25,10,0,0,1,0,1,0,1,1,0,0,0,0,0,1
146,22.0,4,0.75,0.3,10,5,0,0,1,0,1,1,1,1,0,0,1,0,0,0
147,22.0,4,0.3,0.75,5,10,0,0,1,1,1,0,1,1,0,1,0,0,0,0
148,40.0,4,4.75,2.25,20,10,0,0,1,1,1,1,1,1,0,0,0,0,0,1
149,22.0,4,0.3,0.75,6,7,0,0,1,1,1,0,1,1,0,1,0,0,0,0
150,54.0,4,0.75,0.75,10,10,0,0,1,0,0,1,1,1,0,0,1,0,0,0
151,30.0,4,1.25,1.25,10,10,0,0,1,0,1,1,1,1,0,0,0,1,0,0
152,22.0,1,3.25,0.75,10,10,1,0,0,0,1,1,1,1,0,0,0,0,1,0
153,54.0,1,1.25,0.3,5,5,1,0,0,1,1,0,1,1,0,0,0,1,0,0
154,22.0,4,1.75,0.3,8,10,0,0,1,0,1,0,1,1,0,0,0,1,0,0
155,22.0,4,0.3,0.3,5,5,0,0,1,0,0,0,1,1,0,1,0,0,0,0
156,22.0,4,0.3,0.3,5,5,0,0,1,0,1,1,1,1,0,1,0,0,0,0
157,30.0,4,0.75,0.75,15,5,0,0,1,0,1,1,1,1,0,0,1,0,0,0
158,22.0,1,0.3,0.3,5,2,1,0,0,1,1,0,1,1,0,1,0,0,0,0
159,30.0,4,0.75,1.75,5,15,0,0,1,0,1,0,1,1,0,0,1,0,0,0
160,30.0,2,0.3,0.3,5,2,0,1,0,0,1,1,1,1,0,1,0,0,0,0
161,30.0,1,0.75,0.75,10,5,1,0,0,0,0,1,1,1,0,0,1,0,0,0
162,30.0,1,0.75,0.75,10,10,1,0,0,0,0,1,1,1,0,0,1,0,0,0
163,40.0,1,2.75,0.3,10,3,1,0,0,1,1,1,1,1,0,0,0,0,1,0
164,22.0,2,0.75,4.75,10,20,0,1,0,0,1,1,1,1,0,0,1,0,0,0
165,30.0,2,0.75,0.3,8,2,0,1,0,0,1,1,1,1,0,0,1,0,0,0
166,22.0,4,1.25,0.3,5,7,0,0,1,0,1,0,1,1,0,0,0,1,0,0
167,30.0,4,0.3,2.25,5,5,0,0,1,1,1,1,1,1,0,1,0,0,0,0
168,30.0,4,0.3,0.75,2,10,0,0,1,0,1,1,1,1,0,1,0,0,0,0
169,30.0,4,0.3,0.75,3,10,0,0,1,0,0,0,1,1,0,1,0,0,0,0
170,40.0,1,2.25,0.3,10,5,1,0,0,1,1,1,1,1,0,0,0,0,1,0
171,22.0,1,1.25,0.3,12,3,1,0,0,1,1,1,0,1,0,0,0,1,0,0
172,22.0,4,5.0,0.75,15,10,0,0,1,0,1,0,1,1,0,0,0,0,0,1
173,40.0,4,0.3,0.3,5,5,0,0,1,0,1,1,1,1,0,1,0,0,0,0
174,22.0,4,4.75,2.25,15,15,0,0,1,1,1,1,1,1,0,0,0,0,0,1
175,22.0,4,4.75,0.3,20,7,0,0,1,0,1,0,0,1,0,0,0,0,0,1
176,22.0,2,2.75,0.3,20,5,0,1,0,0,1,0,1,1,0,0,0,0,1,0
177,22.0,1,0.3,0.3,15,8,1,0,0,0,0,0,0,1,0,1,0,0,0,0
178,30.0,1,2.75,0.3,15,10,1,0,0,0,1,1,1,1,0,0,0,0,1,0
179,22.0,1,0.3,0.3,10,10,1,0,0,1,1,0,1,1,0,1,0,0,0,0
180,30.0,4,0.3,0.3,6,5,0,0,1,0,1,1,1,1,0,1,0,0,0,0
181,30.0,4,0.75,2.25,5,10,0,0,1,0,1,0,1,1,0,0,1,0,0,0
182,30.0,4,5.0,2.25,90,15,0,0,1,0,1,1,1,1,0,0,0,0,0,1
183,40.0,4,0.75,1.25,10,15,0,0,1,1,1,1,1,1,0,0,1,0,0,0
184,40.0,4,1.25,0.3,10,10,0,0,1,0,1,0,1,1,0,0,0,1,0,0
185,22.0,4,1.75,1.75,15,30,0,0,1,1,1,0,1,1,0,0,0,1,0,0
186,40.0,1,0.75,5.0,13,45,1,0,0,0,1,1,0,1,0,0,1,0,0,0
187,22.0,4,1.75,0.3,15,5,0,0,1,0,0,0,1,1,0,0,0,1,0,0
188,22.0,4,1.25,0.3,5,6,0,0,1,0,1,0,1,1,0,0,0,1,0,0
189,22.0,4,0.3,0.75,5,10,0,0,1,0,0,0,0,1,0,1,0,0,0,0
190,22.0,4,0.3,0.3,5,3,0,0,1,0,1,0,1,1,0,1,0,0,0,0
191,22.0,1,0.75,1.25,10,15,1,0,0,0,0,0,1,1,0,0,1,0,0,0
192,22.0,4,0.75,0.3,10,3,0,0,1,0,0,0,1,1,0,0,1,0,0,0
193,30.0,1,3.25,1.25,10,15,1,0,0,0,0,0,1,1,0,0,0,0,1,0
194,22.0,4,0.75,3.25,10,20,0,0,1,0,1,1,0,1,0,0,1,0,0,0
195,22.0,2,0.75,1.25,10,13,0,1,0,0,0,1,0,1,0,0,1,0,0,0
196,54.0,4,2.25,0.3,30,2,0,0,1,0,1,1,1,1,0,0,0,0,1,0
197,22.0,4,2.25,0.75,10,5,0,0,1,0,1,0,0,1,0,0,0,0,1,0
198,22.0,2,0.3,1.75,5,15,0,1,0,0,1,0,0,1,0,1,0,0,0,0
199,30.0,4,0.3,2.25,7,4,0,0,1,0,1,1,0,1,0,1,0,0,0,0
200,22.0,4,0.75,0.3,5,5,0,0,1,1,1,0,0,1,0,0,1,0,0,0
201,30.0,4,0.3,0.75,5,7,0,0,1,0,1,1,0,1,0,1,0,0,0,0
202,22.0,4,0.3,0.3,2,10,0,0,1,0,0,0,0,1,0,1,0,0,0,0
203,30.0,4,0.3,1.25,5,15,0,0,1,0,0,1,0,1,0,1,0,0,0,0
204,22.0,2,3.25,0.75,10,7,0,1,0,1,1,0,0,1,0,0,0,0,1,0
205,22.0,2,0.3,1.75,5,3,0,1,0,0,1,0,0,1,0,1,0,0,0,0
206,22.0,4,0.3,0.75,5,8,0,0,1,0,1,1,0,1,0,1,0,0,0,0
207,54.0,4,0.3,0.3,10,8,0,0,1,0,0,0,0,1,0,1,0,0,0,0
208,22.0,2,0.75,0.3,8,5,0,1,0,1,1,0,0,1,0,0,1,0,0,0
209,22.0,2,2.75,2.25,10,15,0,1,0,0,1,0,0,1,0,0,0,0,1,0
210,22.0,4,0.75,0.3,10,5,0,0,1,0,0,0,0,1,0,0,1,0,0,0
211,40.0,4,4.75,0.75,15,5,0,0,1,0,1,0,1,1,0,0,0,0,0,1
212,30.0,4,5.0,0.75,20,8,0,0,1,0,0,0,1,1,0,0,0,0,0,1
213,22.0,2,0.75,4.75,7,20,0,1,0,0,1,0,0,1,0,0,1,0,0,0
214,40.0,4,1.75,2.25,5,15,0,0,1,1,1,0,1,1,0,0,0,1,0,0
215,30.0,4,0.75,0.3,7,7,0,0,1,0,0,0,0,1,0,0,1,0,0,0
216,30.0,4,0.3,0.75,10,10,0,0,1,0,1,1,1,1,0,1,0,0,0,0
217,22.0,1,0.3,0.3,5,3,1,0,0,0,0,0,0,1,0,1,0,0,0,0
218,22.0,1,1.25,0.3,5,5,1,0,0,0,1,1,0,1,0,0,0,1,0,0
219,30.0,2,0.3,0.3,5,2,0,1,0,1,1,0,0,1,0,1,0,0,0,0
220,30.0,4,0.3,0.3,5,15,0,0,1,0,1,1,1,1,0,1,0,0,0,0
221,30.0,1,1.75,5.0,10,30,1,0,0,1,1,0,0,1,0,0,0,1,0,0
222,22.0,4,0.3,1.25,5,10,0,0,1,0,0,0,0,1,0,1,0,0,0,0
223,22.0,4,0.3,0.3,2,2,0,0,1,0,1,1,0,1,0,1,0,0,0,0
224,22.0,2,0.75,0.3,10,6,0,1,0,0,1,0,0,1,0,0,1,0,0,0
225,40.0,4,2.25,0.3,10,1,0,0,1,1,1,0,1,1,0,0,0,0,1,0
226,22.0,4,3.75,0.75,10,15,0,0,1,0,1,0,0,1,0,0,0,0,1,0
227,40.0,4,1.75,5.0,6,15,0,0,1,0,1,0,0,1,0,0,0,1,0,0
228,22.0,2,0.3,0.3,6,2,0,1,0,1,1,0,0,1,0,1,0,0,0,0
229,22.0,1,0.3,1.25,5,10,1,0,0,0,0,0,1,1,0,1,0,0,0,0
230,30.0,1,2.25,2.25,10,10,1,0,0,0,1,1,0,1,0,0,0,0,1,0
231,22.0,4,0.3,0.3,5,5,0,0,1,0,0,0,0,1,0,1,0,0,0,0
232,22.0,2,0.3,0.3,20,5,0,1,0,1,1,0,1,1,0,1,0,0,0,0
233,30.0,1,0.3,1.25,7,15,1,0,0,1,1,0,0,1,0,1,0,0,0,0
234,30.0,4,0.75,1.25,10,10,0,0,1,0,1,0,1,1,0,0,1,0,0,0
235,22.0,4,0.3,0.3,7,6,0,0,1,0,0,0,0,1,0,1,0,0,0,0
236,22.0,1,0.3,0.3,6,7,1,0,0,0,1,0,0,1,0,1,0,0,0,0
237,30.0,4,0.75,0.3,10,5,0,0,1,0,1,1,1,1,0,0,1,0,0,0
238,22.0,4,0.3,0.3,2,5,0,0,1,0,1,0,0,1,0,1,0,0,0,0
239,22.0,2,4.75,0.3,20,5,0,1,0,0,1,0,0,1,0,0,0,0,0,1
240,22.0,4,5.0,0.3,15,3,0,0,1,0,1,0,0,1,0,0,0,0,0,1
241,22.0,2,4.25,0.3,25,5,0,1,0,0,1,0,0,1,0,0,0,0,0,1
242,22.0,2,0.3,0.3,5,5,0,1,0,0,1,0,0,1,0,1,0,0,0,0
243,30.0,4,4.25,0.3,15,5,0,0,1,0,1,0,0,1,0,0,0,0,0,1
244,22.0,4,5.0,0.75,60,10,0,0,1,0,0,0,1,1,0,0,0,0,0,1
245,22.0,1,0.3,1.75,3,5,1,0,0,0,0,0,0,1,0,1,0,0,0,0
246,22.0,4,0.75,0.3,10,5,0,0,1,0,0,0,0,1,0,0,1,0,0,0
247,22.0,4,0.75,0.3,10,5,0,0,1,0,1,1,1,1,0,0,1,0,0,0
248,22.0,2,0.75,0.75,10,7,0,1,0,0,1,1,0,1,0,0,1,0,0,0
249,30.0,4,0.75,0.75,7,7,0,0,1,0,1,0,0,1,0,0,1,0,0,0
250,22.0,4,0.3,1.25,5,10,0,0,1,0,1,0,0,1,0,1,0,0,0,0
251,40.0,4,1.25,0.3,3,10,0,0,1,0,1,0,0,1,0,0,0,1,0,0
252,22.0,2,0.3,0.75,5,20,0,1,0,0,0,0,1,1,0,1,0,0,0,0
253,22.0,2,0.75,0.3,10,5,0,1,0,1,1,0,0,1,0,0,1,0,0,0
254,30.0,4,0.75,0.75,15,10,0,0,1,1,1,0,0,1,0,0,1,0,0,0
255,22.0,2,0.75,0.3,10,6,0,1,0,1,1,0,0,1,0,0,1,0,0,0
256,22.0,2,2.75,1.25,15,5,0,1,0,0,1,0,0,1,0,0,0,0,1,0
257,30.0,4,0.3,0.75,5,5,0,0,1,0,1,1,0,1,0,1,0,0,0,0
258,22.0,4,5.0,0.75,90,10,0,0,1,1,1,0,1,1,0,0,0,0,0,1
259,22.0,4,0.75,0.75,7,7,0,0,1,0,1,1,0,1,0,0,1,0,0,0
260,30.0,2,0.3,0.3,10,4,0,1,0,0,1,1,0,1,0,1,0,0,0,0
261,22.0,4,5.0,1.25,20,20,0,0,1,1,1,0,0,1,0,0,0,0,0,1
262,22.0,4,0.75,0.3,10,5,0,0,1,1,1,0,0,1,0,0,1,0,0,0
263,22.0,2,5.0,1.75,20,5,0,1,0,0,1,0,0,1,0,0,0,0,0,1
264,22.0,4,0.75,1.25,10,15,0,0,1,0,1,1,0,1,0,0,1,0,0,0
265,22.0,2,1.25,1.25,15,15,0,1,0,0,0,1,0,1,0,0,0,1,0,0
266,30.0,4,0.3,1.75,4,7,0,0,1,0,1,1,0,1,0,1,0,0,0,0
267,30.0,4,0.3,0.75,5,10,0,0,1,0,1,1,1,1,0,1,0,0,0,0
268,40.0,4,0.75,3.25,7,10,0,0,1,1,1,0,0,1,0,0,1,0,0,0
269,30.0,4,4.25,4.25,5,10,0,0,1,0,1,1,0,1,0,0,0,0,0,1
270,40.0,1,0.75,0.3,5,2,1,0,0,1,1,1,1,1,0,0,1,0,0,0
271,30.0,4,0.75,5.0,10,40,0,0,1,0,1,1,0,1,0,0,1,0,0,0
272,30.0,4,0.3,0.75,7,10,0,0,1,0,1,0,0,1,0,1,0,0,0,0
273,30.0,1,1.25,0.3,6,2,1,0,0,0,0,1,1,1,0,0,0,1,0,0
274,22.0,4,0.75,0.3,10,5,0,0,1,0,1,0,1,1,0,0,1,0,0,0
275,30.0,4,0.75,0.3,10,5,0,0,1,0,1,1,1,1,0,0,1,0,0,0
276,22.0,4,4.75,2.25,30,7,0,0,1,1,1,1,1,1,0,0,0,0,0,1
277,54.0,1,1.75,1.25,25,10,1,0,0,0,0,1,1,1,0,0,0,1,0,0
278,30.0,4,0.3,0.3,3,3,0,0,1,1,1,0,0,1,0,1,0,0,0,0
279,22.0,4,0.75,0.3,10,3,0,0,1,0,1,1,0,1,0,0,1,0,0,0
280,22.0,4,5.0,5.0,30,30,0,0,1,0,1,0,1,1,0,0,0,0,0,1
281,30.0,2,0.75,0.75,10,10,0,1,0,1,1,0,1,1,0,0,1,0,0,0
282,54.0,4,1.25,1.25,25,15,0,0,1,0,0,0,0,1,0,0,0,1,0,0
283,30.0,4,0.3,5.0,2,60,0,0,1,0,1,1,0,1,0,1,0,0,0,0
284,22.0,1,0.3,0.3,10,2,1,0,0,0,1,0,1,1,0,1,0,0,0,0
285,22.0,4,0.75,0.75,10,15,0,0,1,0,1,0,0,1,0,0,1,0,0,0
286,22.0,4,2.25,1.75,25,15,0,0,1,0,0,1,1,1,0,0,0,0,1,0
287,22.0,4,0.75,0.3,10,3,0,0,1,0,1,0,1,1,0,0,1,0,0,0
288,30.0,2,0.3,1.25,5,15,0,1,0,0,0,0,0,1,0,1,0,0,0,0
289,22.0,2,0.3,0.3,7,7,0,1,0,0,1,0,0,1,0,1,0,0,0,0
290,22.0,1,3.25,0.75,10,9,1,0,0,0,1,0,1,1,0,0,0,0,1,0
291,22.0,4,3.75,0.3,15,2,0,0,1,0,1,1,0,1,0,0,0,0,1,0
292,22.0,4,3.75,0.3,15,5,0,0,1,0,1,0,0,1,0,0,0,0,1,0
293,54.0,4,0.75,0.75,5,10,0,0,1,0,1,0,0,1,0,0,1,0,0,0
294,22.0,4,0.3,0.3,2,2,0,0,1,1,1,0,1,1,0,1,0,0,0,0
295,22.0,1,0.3,1.25,5,15,1,0,0,1,1,0,1,1,0,1,0,0,0,0
296,22.0,2,0.75,0.75,15,10,0,1,0,0,1,0,0,1,0,0,1,0,0,0
297,54.0,4,0.75,0.75,7,10,0,0,1,0,0,1,0,1,0,0,1,0,0,0
298,54.0,4,1.25,0.3,15,7,0,0,1,0,1,0,0,1,0,0,0,1,0,0
299,54.0,4,0.3,0.75,5,5,0,0,1,0,1,1,0,1,0,1,0,0,0,0
300,22.0,2,0.75,0.3,10,5,0,1,0,1,1,0,0,1,0,0,1,0,0,0
301,40.0,4,0.75,0.3,5,2,0,0,1,0,1,0,0,1,0,0,1,0,0,0
302,40.0,2,1.75,0.3,5,10,0,1,0,1,1,1,0,1,0,0,0,1,0,0
303,54.0,4,2.25,0.3,7,5,0,0,1,0,1,0,0,1,0,0,0,0,1,0
304,54.0,4,0.75,0.75,5,8,0,0,1,0,1,0,0,1,0,0,1,0,0,0
305,40.0,4,5.0,2.25,15,13,0,0,1,1,1,0,1,1,0,0,0,0,0,1
306,30.0,4,5.0,5.0,60,20,0,0,1,0,1,1,1,1,0,0,0,0,0,1
307,30.0,4,4.75,5.0,15,30,0,0,1,0,1,1,0,1,0,0,0,0,0,1
308,22.0,2,3.75,0.3,20,5,0,1,0,1,1,1,0,1,0,0,0,0,1,0
309,22.0,2,0.75,0.75,5,7,0,1,0,0,1,1,0,1,0,0,1,0,0,0
310,30.0,2,0.75,0.3,10,5,0,1,0,0,1,1,0,1,0,0,1,0,0,0
311,30.0,1,1.25,1.25,10,15,1,0,0,0,0,1,1,1,0,0,0,1,0,0
312,22.0,2,0.3,0.3,7,5,0,1,0,0,1,0,0,1,0,1,0,0,0,0
313,22.0,4,0.3,0.3,7,4,0,0,1,0,0,1,0,1,0,1,0,0,0,0
314,30.0,1,1.75,0.3,10,5,1,0,0,0,0,0,1,1,0,0,0,1,0,0
315,40.0,4,5.0,0.75,15,7,0,0,1,1,1,1,0,1,0,0,0,0,0,1
316,40.0,2,0.3,1.25,3,10,0,1,0,0,1,1,0,1,0,1,0,0,0,0
317,22.0,1,0.3,0.3,5,2,1,0,0,0,1,0,1,1,0,1,0,0,0,0
318,40.0,1,5.0,2.25,20,10,1,0,0,0,1,1,1,1,0,0,0,0,0,1
319,30.0,4,2.25,4.25,13,10,0,0,1,0,1,1,0,1,0,0,0,0,1,0
320,30.0,2,0.75,2.25,5,10,0,1,0,0,1,1,0,1,0,0,1,0,0,0
321,22.0,4,1.75,0.3,10,5,0,0,1,0,1,1,0,1,0,0,0,1,0,0
322,22.0,2,0.75,0.75,7,7,0,1,0,1,1,0,0,1,0,0,1,0,0,0
323,30.0,1,0.3,0.3,5,5,1,0,0,0,0,0,1,1,0,1,0,0,0,0
324,40.0,1,0.3,0.3,5,5,1,0,0,0,1,0,0,1,0,1,0,0,0,0
325,22.0,4,3.25,0.75,12,10,0,0,1,0,1,1,1,1,0,0,0,0,1,0
326,30.0,2,5.0,0.75,30,7,0,1,0,0,1,1,0,1,0,0,0,0,0,1
327,22.0,4,2.25,0.3,7,5,0,0,1,0,1,1,0,1,0,0,0,0,1,0
328,22.0,4,0.3,0.3,10,5,0,0,1,1,1,1,1,1,0,1,0,0,0,0
329,22.0,1,1.75,0.75,15,10,1,0,0,0,1,1,1,1,0,0,0,1,0,0
330,30.0,4,0.3,0.75,10,10,0,0,1,0,1,1,0,1,0,1,0,0,0,0
331,30.0,4,0.3,5.0,5,25,0,0,1,0,1,1,0,1,0,1,0,0,0,0
332,40.0,1,4.25,0.3,20,5,1,0,0,0,1,1,1,1,0,0,0,0,0,1
333,54.0,4,0.3,0.3,5,10,0,0,1,0,1,1,0,1,0,1,0,0,0,0
334,22.0,1,1.25,1.75,10,15,1,0,0,0,1,1,1,1,0,0,0,1,0,0
335,54.0,4,0.75,4.75,10,15,0,0,1,0,1,0,0,1,0,0,1,0,0,0
336,22.0,4,0.3,0.3,5,4,0,0,1,0,1,0,0,1,0,1,0,0,0,0
337,22.0,4,0.3,0.75,4,10,0,0,1,0,1,0,0,1,0,1,0,0,0,0
338,22.0,4,0.3,0.75,2,10,0,0,1,0,0,1,1,1,0,1,0,0,0,0
339,30.0,1,0.75,0.75,5,10,1,0,0,0,1,1,1,1,0,0,1,0,0,0
340,22.0,1,0.75,0.75,10,10,1,0,0,1,1,0,0,1,0,0,1,0,0,0
341,22.0,2,0.3,0.75,5,13,0,1,0,0,1,0,0,1,0,1,0,0,0,0
342,22.0,1,0.75,0.75,10,10,1,0,0,0,1,0,1,1,0,0,1,0,0,0
343,22.0,4,0.75,0.3,9,4,0,0,1,1,1,0,1,1,0,0,1,0,0,0
344,22.0,4,0.75,0.3,10,2,0,0,1,0,1,1,0,1,0,0,1,0,0,0
345,40.0,4,4.25,0.75,10,10,0,0,1,0,1,0,0,1,0,0,0,0,0,1
346,22.0,4,0.3,0.75,5,10,0,0,1,0,0,0,1,1,0,1,0,0,0,0
347,30.0,4,0.75,2.25,10,15,0,0,1,0,0,0,1,1,0,0,1,0,0,0
348,30.0,4,2.25,4.25,10,15,0,0,1,0,1,1,0,1,0,0,0,0,1,0
349,40.0,4,4.25,1.75,30,10,0,0,1,1,1,0,0,1,0,0,0,0,0,1
350,22.0,4,0.3,0.3,5,5,0,0,1,0,1,1,0,1,0,1,0,0,0,0
351,22.0,4,0.75,0.75,15,15,0,0,1,0,1,1,1,1,0,0,1,0,0,0
352,40.0,4,0.75,0.75,10,10,0,0,1,0,1,0,0,1,0,0,1,0,0,0
353,22.0,4,0.3,0.75,3,10,0,0,1,0,1,0,0,1,0,1,0,0,0,0
354,30.0,2,1.25,1.75,15,10,0,1,0,0,0,0,1,1,0,0,0,1,0,0
355,22.0,2,0.3,0.3,5,5,0,1,0,0,1,0,1,1,0,1,0,0,0,0
356,22.0,4,0.3,0.3,5,5,0,0,1,0,1,1,0,1,0,1,0,0,0,0
357,22.0,1,1.25,0.3,6,5,1,0,0,0,1,0,1,1,0,0,0,1,0,0
358,22.0,1,0.3,0.75,5,7,1,0,0,1,1,0,0,1,0,1,0,0,0,0
359,22.0,2,1.25,0.3,10,5,0,1,0,1,1,0,0,1,0,0,0,1,0,0
360,30.0,4,0.3,0.75,10,10,0,0,1,0,0,1,0,1,0,1,0,0,0,0
361,22.0,2,0.75,0.3,10,5,0,1,0,0,0,1,0,1,0,0,1,0,0,0
362,22.0,4,0.3,0.3,5,5,0,0,1,0,1,0,1,1,0,1,0,0,0,0
363,40.0,4,2.25,0.3,10,6,0,0,1,1,1,0,0,1,0,0,0,0,1,0
364,40.0,1,0.3,0.3,7,5,1,0,0,0,1,1,1,1,0,1,0,0,0,0
365,22.0,4,0.75,0.75,7,8,0,0,1,0,1,1,0,1,0,0,1,0,0,0
366,54.0,4,1.75,0.75,15,10,0,0,1,0,0,1,0,1,0,0,0,1,0,0
367,22.0,4,0.75,0.3,5,5,0,0,1,0,1,0,0,1,0,0,1,0,0,0
368,30.0,4,0.75,0.3,10,5,0,0,1,0,1,1,1,1,0,0,1,0,0,0
369,22.0,4,0.75,0.75,7,7,0,0,1,0,1,0,0,1,0,0,1,0,0,0
370,22.0,2,0.75,0.3,10,7,0,1,0,1,1,0,0,1,0,0,1,0,0,0
371,22.0,4,0.3,0.3,10,10,0,0,1,0,1,1,0,1,0,1,0,0,0,0
372,40.0,4,0.75,0.75,10,15,0,0,1,0,1,0,0,1,0,0,1,0,0,0
373,22.0,4,5.0,1.25,30,15,0,0,1,0,1,0,0,1,0,0,0,0,0,1
374,22.0,2,0.75,1.25,10,13,0,1,0,1,1,0,0,1,0,0,1,0,0,0
375,40.0,2,0.3,0.75,7,15,0,1,0,1,1,1,0,1,0,1,0,0,0,0
376,40.0,2,1.25,0.75,15,15,0,1,0,0,1,1,1,1,0,0,0,1,0,0
377,40.0,4,0.75,0.3,10,5,0,0,1,1,1,0,0,1,0,0,1,0,0,0
378,22.0,4,0.3,1.25,2,10,0,0,1,0,1,1,0,1,0,1,0,0,0,0
379,40.0,4,0.75,0.75,15,10,0,0,1,0,1,0,0,1,0,0,1,0,0,0
380,40.0,4,0.75,0.75,10,7,0,0,1,0,1,0,0,1,0,0,1,0,0,0
381,22.0,4,0.75,0.3,10,5,0,0,1,1,1,0,0,1,0,0,1,0,0,0
382,54.0,4,0.3,0.3,10,5,0,0,1,0,1,0,0,1,0,1,0,0,0,0
383,30.0,4,0.75,0.75,7,10,0,0,1,1,1,1,0,1,0,0,1,0,0,0
384,30.0,4,0.75,1.25,10,12,0,0,1,0,1,0,1,1,0,0,1,0,0,0
385,22.0,4,0.3,1.75,5,7,0,0,1,0,1,0,1,1,0,1,0,0,0,0
386,40.0,4,0.3,0.75,3,5,0,0,1,0,1,1,1,1,0,1,0,0,0,0
387,22.0,4,1.75,0.3,6,2,0,0,1,1,1,0,0,1,0,0,0,1,0,0
388,22.0,4,1.75,0.75,18,5,0,0,1,0,0,0,0,1,0,0,0,1,0,0
389,22.0,4,0.75,0.3,15,3,0,0,1,0,1,0,0,1,0,0,1,0,0,0
390,22.0,2,0.3,0.3,6,6,0,1,0,0,1,0,0,1,0,1,0,0,0,0
391,30.0,4,0.75,5.0,5,45,0,0,1,0,1,1,1,1,0,0,1,0,0,0
392,30.0,1,1.25,0.75,15,10,1,0,0,0,0,0,0,1,0,0,0,1,0,0
393,22.0,4,0.75,0.3,10,5,0,0,1,1,1,0,1,1,0,0,1,0,0,0
394,22.0,4,0.3,0.75,7,7,0,0,1,0,1,0,0,1,0,1,0,0,0,0
395,22.0,4,0.3,0.3,5,2,0,0,1,0,1,1,0,1,0,1,0,0,0,0
396,40.0,2,0.3,0.3,5,5,0,1,0,0,1,1,1,1,0,1,0,0,0,0
397,40.0,4,0.3,5.0,5,30,0,0,1,0,1,1,1,1,0,1,0,0,0,0
398,30.0,2,3.25,5.0,23,30,0,1,0,1,1,0,1,1,0,0,0,0,1,0
399,40.0,1,1.25,5.0,8,20,1,0,0,0,1,1,1,1,0,0,0,1,0,0
400,30.0,1,4.75,0.75,10,10,1,0,0,0,1,1,1,1,0,0,0,0,0,1
401,30.0,4,0.75,0.75,10,10,0,0,1,0,1,0,0,1,0,0,1,0,0,0
402,30.0,1,0.3,0.3,10,4,1,0,0,0,1,1,0,1,0,1,0,0,0,0
403,30.0,1,1.75,5.0,10,30,1,0,0,1,1,1,1,1,0,0,0,1,0,0
404,22.0,4,2.75,0.3,6,2,0,0,1,0,1,0,1,1,0,0,0,0,1,0
405,30.0,4,5.0,2.75,35,15,0,0,1,0,1,1,0,1,0,0,0,0,0,1
406,22.0,1,0.3,0.3,2,5,1,0,0,0,1,1,1,1,0,1,0,0,0,0
407,40.0,4,1.75,0.3,10,5,0,0,1,0,1,0,0,1,0,0,0,1,0,0
408,40.0,4,1.75,0.3,5,6,0,0,1,0,1,0,0,1,0,0,0,1,0,0
409,54.0,4,3.75,0.75,10,10,0,0,1,0,1,0,0,1,0,0,0,0,1,0
410,22.0,4,5.0,0.3,10,2,0,0,1,1,1,0,1,1,0,0,0,0,0,1
411,30.0,4,0.3,0.3,2,5,0,0,1,0,1,0,0,1,0,1,0,0,0,0
412,22.0,1,2.75,0.75,10,20,1,0,0,0,1,0,0,1,0,0,0,0,1,0
413,54.0,4,1.75,0.75,8,5,0,0,1,1,1,0,1,1,0,0,0,1,0,0
414,30.0,1,2.75,0.3,10,5,1,0,0,0,1,1,1,1,0,0,0,0,1,0
415,40.0,4,2.75,0.3,15,3,0,0,1,0,1,0,0,1,0,0,0,0,1,0
416,22.0,1,0.3,0.75,5,10,1,0,0,0,1,0,0,1,0,1,0,0,0,0
417,40.0,4,0.3,2.75,5,30,0,0,1,0,0,0,1,1,0,1,0,0,0,0
418,40.0,1,4.25,0.3,20,10,1,0,0,1,1,1,0,1,0,0,0,0,0,1
419,30.0,2,5.0,0.3,30,3,0,1,0,0,1,1,0,1,0,0,0,0,0,1
420,22.0,2,0.3,0.75,5,6,0,1,0,1,1,0,0,1,0,1,0,0,0,0
421,30.0,4,1.75,3.75,15,15,0,0,1,0,1,1,1,1,0,0,0,1,0,0
422,30.0,2,0.3,0.3,3,10,0,1,0,0,1,0,0,1,0,1,0,0,0,0
423,54.0,4,1.75,0.75,20,5,0,0,1,0,1,1,1,1,0,0,0,1,0,0
424,22.0,4,0.3,0.3,2,5,0,0,1,0,0,0,1,1,0,1,0,0,0,0
425,30.0,4,0.3,5.0,2,30,0,0,1,0,0,1,1,1,0,1,0,0,0,0
426,30.0,4,0.75,0.3,10,5,0,0,1,0,0,1,0,1,0,0,1,0,0,0
427,22.0,1,0.75,0.75,10,10,1,0,0,0,1,1,1,1,0,0,1,0,0,0
428,22.0,4,0.3,0.3,5,2,0,0,1,1,0,0,1,1,0,1,0,0,0,0
429,30.0,4,3.75,3.75,15,15,0,0,1,0,1,1,1,1,0,0,0,0,1,0
430,30.0,4,0.75,1.75,10,20,0,0,1,0,1,1,1,1,0,0,1,0,0,0
431,30.0,2,1.75,0.75,20,10,0,1,0,0,1,1,1,1,0,0,0,1,0,0
432,22.0,4,0.3,0.75,5,15,0,0,1,0,0,1,0,1,0,1,0,0,0,0
433,22.0,1,3.25,0.3,15,5,1,0,0,0,1,0,0,1,0,0,0,0,1,0
434,22.0,4,5.0,0.3,30,5,0,0,1,0,1,0,1,1,0,0,0,0,0,1
435,30.0,4,0.3,0.3,5,7,0,0,1,0,0,1,0,1,0,1,0,0,0,0
436,30.0,2,4.75,0.3,17,6,0,1,0,1,1,1,0,1,0,0,0,0,0,1
437,22.0,4,4.25,0.3,15,7,0,0,1,0,1,1,0,1,0,0,0,0,0,1
438,30.0,4,2.25,0.3,25,5,0,0,1,0,1,1,0,1,0,0,0,0,1,0
439,22.0,4,1.25,1.25,20,10,0,0,1,0,1,1,1,1,0,0,0,1,0,0
440,30.0,2,0.75,0.3,10,3,0,1,0,1,1,1,0,1,0,0,1,0,0,0
441,22.0,4,0.3,0.75,10,10,0,0,1,1,1,1,1,1,0,1,0,0,0,0
442,40.0,4,0.3,0.3,2,3,0,0,1,0,1,0,0,1,0,1,0,0,0,0
443,22.0,4,0.3,0.3,2,2,0,0,1,0,1,0,1,1,0,1,0,0,0,0
444,30.0,4,0.3,1.75,5,15,0,0,1,0,0,1,0,1,0,1,0,0,0,0
445,40.0,4,0.3,0.3,5,5,0,0,1,1,1,1,0,1,0,1,0,0,0,0
446,30.0,4,0.75,0.75,10,10,0,0,1,0,1,1,1,1,0,0,1,0,0,0
447,22.0,4,1.75,2.75,5,10,0,0,1,0,0,0,0,1,0,0,0,1,0,0
448,22.0,1,0.3,0.75,5,10,1,0,0,0,1,1,1,1,0,1,0,0,0,0
449,22.0,2,1.25,1.75,20,20,0,1,0,0,1,1,0,1,0,0,0,1,0,0
450,22.0,1,2.25,5.0,5,15,1,0,0,1,1,0,0,1,0,0,0,0,1,0
451,40.0,4,1.75,1.25,15,15,0,0,1,1,1,1,0,1,0,0,0,1,0,0
452,22.0,1,1.25,0.3,2,2,1,0,0,1,1,0,0,1,0,0,0,1,0,0
453,22.0,4,0.3,1.75,10,15,0,0,1,0,1,0,0,1,0,1,0,0,0,0
454,22.0,4,0.3,0.3,7,7,0,0,1,0,1,1,0,1,0,1,0,0,0,0
455,54.0,4,5.0,1.75,40,7,0,0,1,1,1,0,0,1,0,0,0,0,0,1
456,22.0,4,0.3,0.3,3,2,0,0,1,0,1,1,1,1,0,1,0,0,0,0
457,22.0,4,4.25,2.25,15,10,0,0,1,0,1,0,0,1,0,0,0,0,0,1
458,22.0,4,1.25,1.25,15,15,0,0,1,0,1,1,1,1,0,0,0,1,0,0
459,54.0,4,0.3,0.75,5,15,0,0,1,1,1,0,0,1,0,1,0,0,0,0
460,22.0,4,0.75,1.25,7,15,0,0,1,1,1,1,1,1,0,0,1,0,0,0
461,22.0,4,0.3,0.75,5,10,0,0,1,1,1,1,1,1,0,1,0,0,0,0
462,22.0,2,2.25,0.3,15,5,0,1,0,0,1,0,0,1,0,0,0,0,1,0
463,22.0,4,0.75,0.3,10,5,0,0,1,0,0,0,1,1,0,0,1,0,0,0
464,22.0,4,1.75,0.3,15,3,0,0,1,0,1,1,1,1,0,0,0,1,0,0
465,54.0,4,0.3,0.75,10,10,0,0,1,0,1,1,0,1,0,1,0,0,0,0
466,22.0,4,1.25,0.75,10,10,0,0,1,0,1,0,0,1,0,0,0,1,0,0
467,54.0,4,1.25,0.75,15,10,0,0,1,0,0,0,0,1,0,0,0,1,0,0
468,22.0,4,0.3,2.25,7,10,0,0,1,0,1,1,0,1,0,1,0,0,0,0
469,40.0,4,0.75,0.3,5,10,0,0,1,0,1,0,0,1,0,0,1,0,0,0
470,40.0,4,3.25,5.0,10,40,0,0,1,0,0,1,0,1,0,0,0,0,1,0
471,30.0,1,0.3,0.3,5,5,1,0,0,1,1,1,1,1,0,1,0,0,0,0
472,30.0,4,2.25,0.3,10,4,0,0,1,0,1,0,1,1,0,0,0,0,1,0
473,22.0,4,1.75,0.3,10,5,0,0,1,0,1,0,1,1,0,0,0,1,0,0
474,40.0,4,5.0,0.3,15,10,0,0,1,0,1,0,0,1,0,0,0,0,0,1
475,40.0,4,0.75,0.75,5,5,0,0,1,0,1,0,0,1,0,0,1,0,0,0
476,30.0,4,1.25,0.75,5,15,0,0,1,0,1,0,0,1,0,0,0,1,0,0
477,30.0,2,0.75,0.3,10,5,0,1,0,1,1,0,0,1,0,0,1,0,0,0
478,30.0,2,0.75,1.25,5,15,0,1,0,0,1,1,0,1,0,0,1,0,0,0
479,22.0,4,0.3,0.3,5,2,0,0,1,1,1,0,0,1,0,1,0,0,0,0
480,22.0,2,0.3,0.3,7,4,0,1,0,1,1,0,0,1,0,1,0,0,0,0
481,30.0,4,1.75,0.3,5,2,0,0,1,0,1,1,1,1,0,0,0,1,0,0
482,22.0,4,0.75,0.3,7,4,0,0,1,0,1,0,1,1,0,0,1,0,0,0
483,30.0,1,0.3,0.3,10,5,1,0,0,0,1,1,1,1,0,1,0,0,0,0
484,22.0,1,0.75,2.25,10,5,1,0,0,0,1,0,1,1,0,0,1,0,0,0
485,30.0,4,1.25,2.25,15,15,0,0,1,0,0,0,1,1,0,0,0,1,0,0
486,30.0,4,1.25,0.3,15,5,0,0,1,1,1,1,1,1,0,0,0,1,0,0
487,22.0,1,0.75,0.75,10,10,1,0,0,0,1,0,1,1,0,0,1,0,0,0
488,22.0,4,2.75,1.25,10,10,0,0,1,0,1,1,1,1,0,0,0,0,1,0
489,22.0,4,0.3,0.3,5,2,0,0,1,0,0,0,1,1,0,1,0,0,0,0
490,30.0,4,0.75,0.3,10,5,0,0,1,0,0,1,1,1,0,0,1,0,0,0
491,22.0,4,1.75,0.3,20,5,0,0,1,0,1,0,1,1,0,0,0,1,0,0
492,30.0,4,3.75,1.25,12,15,0,0,1,0,1,1,1,1,0,0,0,0,1,0
493,30.0,1,3.75,0.3,20,5,1,0,0,0,1,0,1,1,0,0,0,0,1,0
494,22.0,4,3.75,0.3,15,4,0,0,1,0,1,0,1,1,0,0,0,0,1,0
495,22.0,4,1.75,1.75,10,10,0,0,1,1,1,0,1,1,0,0,0,1,0,0
496,30.0,2,0.75,0.3,10,5,0,1,0,0,1,0,1,1,0,0,1,0,0,0
497,54.0,4,0.75,5.0,5,28,0,0,1,1,1,1,1,1,0,0,1,0,0,0
498,30.0,4,0.3,0.3,2,2,0,0,1,0,0,1,1,1,0,1,0,0,0,0
499,22.0,4,2.75,0.75,20,10,0,0,1,0,0,0,0,1,0,0,0,0,1,0
500,30.0,2,0.3,0.3,5,5,0,1,0,0,0,0,0,1,0,1,0,0,0,0
501,40.0,1,1.25,0.75,15,10,1,0,0,0,1,1,1,1,0,0,0,1,0,0
502,30.0,4,0.3,0.3,3,2,0,0,1,0,1,0,1,1,0,1,0,0,0,0
503,40.0,4,5.0,1.75,30,10,0,0,1,1,1,1,1,1,0,0,0,0,0,1
504,22.0,2,0.75,1.25,7,10,0,1,0,0,0,0,1,1,0,0,1,0,0,0
505,30.0,2,1.75,0.3,5,5,0,1,0,0,1,1,1,1,0,0,0,1,0,0
506,30.0,4,0.75,0.3,10,5,0,0,1,0,1,0,0,1,0,0,1,0,0,0
507,40.0,4,0.75,0.75,10,10,0,0,1,0,1,1,1,1,0,0,1,0,0,0
508,22.0,4,0.3,0.3,2,5,0,0,1,0,1,0,1,1,0,1,0,0,0,0
509,40.0,4,0.75,1.25,7,10,0,0,1,1,1,0,0,1,0,0,1,0,0,0
510,22.0,2,3.25,2.75,10,15,0,1,0,1,0,0,1,1,0,0,0,0,1,0
511,30.0,2,0.75,0.3,5,5,0,1,0,1,1,0,0,1,0,0,1,0,0,0
512,22.0,4,0.3,0.75,2,15,0,0,1,0,0,0,1,1,0,1,0,0,0,0
513,30.0,4,0.3,1.25,7,7,0,0,1,0,1,0,0,1,0,1,0,0,0,0
514,40.0,4,0.75,1.25,7,10,0,0,1,1,1,0,0,1,0,0,1,0,0,0
515,22.0,1,0.3,0.3,3,8,1,0,0,0,0,0,0,1,0,1,0,0,0,0
516,54.0,4,1.75,3.25,10,15,0,0,1,0,1,0,0,1,0,0,0,1,0,0
517,22.0,2,3.25,1.75,10,10,0,1,0,1,1,0,1,1,0,0,0,0,1,0
518,40.0,4,0.75,0.3,5,5,0,0,1,1,1,0,1,1,0,0,1,0,0,0
519,30.0,2,0.3,0.3,5,5,0,1,0,0,0,0,0,1,0,1,0,0,0,0
520,22.0,4,0.75,1.25,10,7,0,0,1,0,0,1,0,1,0,0,1,0,0,0
521,54.0,4,0.3,0.75,5,10,0,0,1,0,0,0,0,1,0,1,0,0,0,0
522,22.0,2,3.75,1.75,25,15,0,1,0,0,1,0,1,1,0,0,0,0,1,0
523,22.0,4,3.75,0.3,30,5,0,0,1,0,1,0,0,1,0,0,0,0,1,0
524,22.0,1,1.75,1.25,30,15,1,0,0,0,0,0,0,1,0,0,0,1,0,0
525,30.0,1,0.75,0.75,10,10,1,0,0,0,0,0,0,1,0,0,1,0,0,0
526,22.0,4,1.25,0.75,8,7,0,0,1,0,0,0,0,1,0,0,0,1,0,0
527,40.0,2,0.3,0.3,2,5,0,1,0,1,1,1,1,1,0,1,0,0,0,0
528,22.0,4,0.3,0.75,5,10,0,0,1,0,0,0,0,1,0,1,0,0,0,0
529,22.0,4,2.75,0.3,10,3,0,0,1,0,1,0,0,1,0,0,0,0,1,0
530,22.0,2,0.75,0.75,7,5,0,1,0,1,1,0,0,1,0,0,1,0,0,0
531,40.0,4,0.3,0.3,7,8,0,0,1,0,1,0,0,1,0,1,0,0,0,0
532,30.0,4,0.3,0.3,4,8,0,0,1,0,1,0,0,1,0,1,0,0,0,0
533,22.0,4,0.75,0.3,7,3,0,0,1,0,1,0,0,1,0,0,1,0,0,0
534,22.0,1,5.0,5.0,20,20,1,0,0,0,1,0,1,1,0,0,0,0,0,1
535,30.0,2,0.75,0.75,7,6,0,1,0,1,1,0,0,1,0,0,1,0,0,0
536,22.0,4,2.75,0.3,15,5,0,0,1,0,1,0,0,1,0,0,0,0,1,0
537,30.0,2,3.75,5.0,13,15,0,1,0,0,0,0,0,1,0,0,0,0,1,0
538,22.0,4,0.75,0.75,7,10,0,0,1,0,1,0,0,1,0,0,1,0,0,0
539,22.0,4,0.3,0.75,5,10,0,0,1,1,1,0,0,1,0,1,0,0,0,0
540,22.0,2,0.75,0.3,10,5,0,1,0,1,1,0,0,1,0,0,1,0,0,0
541,22.0,2,0.75,0.75,10,10,0,1,0,0,0,0,1,1,0,0,1,0,0,0
542,30.0,4,0.75,0.3,10,5,0,0,1,0,0,0,0,1,0,0,1,0,0,0
543,30.0,4,0.75,0.75,5,10,0,0,1,0,1,0,0,1,0,0,1,0,0,0
544,30.0,2,0.75,0.75,5,3,0,1,0,1,1,0,0,1,0,0,1,0,0,0
545,22.0,4,0.3,0.75,6,10,0,0,1,0,0,0,0,1,0,1,0,0,0,0
546,22.0,4,0.3,0.3,5,7,0,0,1,0,1,0,0,1,0,1,0,0,0,0
547,22.0,2,0.3,0.75,5,6,0,1,0,0,1,1,0,1,0,1,0,0,0,0
548,22.0,4,1.75,0.3,20,5,0,0,1,0,0,0,1,1,0,0,0,1,0,0
549,22.0,4,0.3,0.3,3,5,0,0,1,0,1,0,0,1,0,1,0,0,0,0
550,22.0,4,0.3,3.25,2,10,0,0,1,0,0,0,0,1,0,1,0,0,0,0
551,40.0,4,0.3,0.75,7,8,0,0,1,1,1,0,0,1,0,1,0,0,0,0
552,30.0,4,0.3,0.3,5,2,0,0,1,0,0,1,1,1,0,1,0,0,0,0
553,30.0,4,1.25,0.3,10,5,0,0,1,0,1,1,1,1,0,0,0,1,0,0
554,22.0,4,0.75,0.3,10,5,0,0,1,0,0,1,1,1,0,0,1,0,0,0
555,30.0,2,0.3,0.75,5,15,0,1,0,1,1,1,0,1,0,1,0,0,0,0
556,22.0,2,0.3,0.3,5,10,0,1,0,0,1,1,0,1,0,1,0,0,0,0
557,40.0,4,0.3,5.0,5,30,0,0,1,0,1,1,1,1,0,1,0,0,0,0
558,22.0,2,0.3,0.3,10,2,0,1,0,0,1,1,0,1,0,1,0,0,0,0
559,30.0,2,1.25,0.3,5,5,0,1,0,1,1,1,0,1,0,0,0,1,0,0
560,54.0,4,0.75,0.3,10,5,0,0,1,0,0,0,1,1,0,0,1,0,0,0
561,30.0,4,0.75,0.3,10,4,0,0,1,1,1,1,0,1,0,0,1,0,0,0
562,54.0,4,0.75,0.3,5,10,0,0,1,0,1,1,0,1,0,0,1,0,0,0
563,22.0,4,5.0,0.75,25,5,0,0,1,1,1,1,0,1,0,0,0,0,0,1
564,22.0,1,0.3,0.75,5,7,1,0,0,0,1,0,0,1,0,1,0,0,0,0
565,22.0,4,5.0,0.3,25,4,0,0,1,0,1,1,0,1,0,0,0,0,0,1
566,22.0,4,0.3,0.75,2,10,0,0,1,0,1,1,1,1,0,1,0,0,0,0
567,22.0,4,1.75,3.75,10,10,0,0,1,1,1,0,0,1,0,0,0,1,0,0
568,40.0,4,0.75,0.3,10,5,0,0,1,1,1,1,1,1,0,0,1,0,0,0
569,40.0,4,0.75,0.3,10,5,0,0,1,0,0,1,1,1,0,0,1,0,0,0
570,22.0,4,0.3,0.75,3,10,0,0,1,0,1,1,0,1,0,1,0,0,0,0
571,22.0,2,1.25,0.75,15,10,0,1,0,0,1,0,0,1,0,0,0,1,0,0
572,40.0,1,3.75,0.3,10,5,1,0,0,1,1,1,1,1,0,0,0,0,1,0
573,40.0,4,0.3,0.3,3,4,0,0,1,0,1,0,0,1,0,1,0,0,0,0
574,22.0,2,0.3,0.3,3,2,0,1,0,0,1,0,0,1,0,1,0,0,0,0
575,22.0,2,1.25,0.3,15,8,0,1,0,0,1,0,0,1,0,0,0,1,0,0
576,54.0,4,0.3,0.75,5,8,0,0,1,0,1,0,0,1,0,1,0,0,0,0
577,30.0,2,0.75,3.75,8,10,0,1,0,0,1,1,0,1,0,0,1,0,0,0
578,22.0,2,0.75,2.75,10,15,0,1,0,1,1,0,0,1,0,0,1,0,0,0
579,22.0,4,0.75,0.75,15,10,0,0,1,0,0,1,1,1,0,0,1,0,0,0
580,22.0,4,0.3,1.75,2,8,0,0,1,1,1,0,0,1,0,1,0,0,0,0
581,40.0,1,0.3,0.3,5,1,1,0,0,0,1,1,1,1,0,1,0,0,0,0
582,22.0,2,0.75,0.3,13,5,0,1,0,1,1,0,0,1,0,0,1,0,0,0
583,30.0,1,0.75,0.3,15,3,1,0,0,1,1,0,0,1,0,0,1,0,0,0
584,30.0,4,0.3,0.75,3,6,0,0,1,0,1,1,1,1,0,1,0,0,0,0
585,22.0,4,0.75,0.75,10,10,0,0,1,0,0,0,1,1,0,0,1,0,0,0
586,30.0,1,1.25,0.3,10,5,1,0,0,0,1,1,1,1,0,0,0,1,0,0
587,22.0,4,0.3,0.3,5,5,0,0,1,0,0,1,1,1,0,1,0,0,0,0
588,30.0,4,0.3,0.3,2,3,0,0,1,0,1,1,1,1,0,1,0,0,0,0
589,22.0,4,0.3,0.3,5,5,0,0,1,0,0,0,1,1,0,1,0,0,0,0
590,22.0,4,1.25,0.75,15,10,0,0,1,0,0,1,1,1,0,0,0,1,0,0
591,22.0,2,1.75,0.3,25,2,0,1,0,0,1,0,1,1,0,0,0,1,0,0
592,22.0,4,0.3,0.75,3,7,0,0,1,0,0,0,0,1,0,1,0,0,0,0
593,22.0,4,0.3,0.3,5,2,0,0,1,0,0,1,1,1,0,1,0,0,0,0
594,22.0,2,1.75,0.3,10,5,0,1,0,0,0,0,1,1,0,0,0,1,0,0
595,30.0,4,0.3,0.3,2,10,0,0,1,0,0,1,1,1,0,1,0,0,0,0
596,22.0,2,1.25,0.75,5,10,0,1,0,0,1,1,0,1,0,0,0,1,0,0
597,22.0,2,1.25,1.25,15,15,0,1,0,0,1,0,0,1,0,0,0,1,0,0
598,22.0,4,0.75,0.3,7,3,0,0,1,0,1,1,0,1,0,0,1,0,0,0
599,22.0,2,1.75,0.3,20,2,0,1,0,0,1,1,0,1,0,0,0,1,0,0
600,22.0,4,5.0,0.3,15,5,0,0,1,0,1,0,1,1,0,0,0,0,0,1
601,40.0,4,5.0,0.3,15,5,0,0,1,0,1,1,1,1,0,0,0,0,0,1
602,30.0,4,3.75,0.3,15,5,0,0,1,0,1,1,0,1,0,0,0,0,1,0
603,22.0,4,5.0,4.25,20,15,0,0,1,0,1,1,0,1,0,0,0,0,0,1
604,22.0,4,0.3,0.3,5,5,0,0,1,0,1,0,0,1,0,1,0,0,0,0
605,22.0,4,0.3,0.75,5,5,0,0,1,0,1,1,0,1,0,1,0,0,0,0
606,30.0,2,0.75,0.3,10,5,0,1,0,0,1,1,1,1,0,0,1,0,0,0
607,30.0,2,3.75,5.0,15,40,0,1,0,0,1,1,1,1,0,0,0,0,1,0
608,22.0,2,2.75,0.3,5,5,0,1,0,1,1,1,1,1,0,0,0,0,1,0
609,30.0,4,5.0,2.25,30,8,0,0,1,1,1,1,0,1,0,0,0,0,0,1
610,22.0,4,5.0,0.3,60,5,0,0,1,0,1,1,0,1,0,0,0,0,0,1
611,22.0,4,1.25,1.25,15,15,0,0,1,1,1,1,1,1,0,0,0,1,0,0
612,22.0,1,0.75,0.3,10,2,1,0,0,1,1,0,1,1,0,0,1,0,0,0
613,40.0,4,0.3,0.75,5,5,0,0,1,0,1,0,0,1,0,1,0,0,0,0
614,40.0,2,0.75,2.25,5,10,0,1,0,1,1,1,0,1,0,0,1,0,0,0
615,30.0,1,0.3,0.3,10,5,1,0,0,1,1,1,1,1,0,1,0,0,0,0
616,22.0,1,1.25,0.3,10,5,1,0,0,0,1,0,1,1,0,0,0,1,0,0
617,22.0,4,0.3,0.3,3,5,0,0,1,0,0,0,1,1,0,1,0,0,0,0
618,22.0,1,1.25,0.75,20,10,1,0,0,0,0,1,1,1,0,0,0,1,0,0
619,22.0,1,0.75,0.75,10,10,1,0,0,0,0,1,1,1,0,0,1,0,0,0
620,30.0,1,1.25,0.3,15,5,1,0,0,0,0,1,1,1,0,0,0,1,0,0
621,22.0,4,0.75,0.3,10,5,0,0,1,1,1,0,0,1,0,0,1,0,0,0
622,22.0,4,5.0,2.75,35,15,0,0,1,0,0,1,1,1,0,0,0,0,0,1
623,22.0,2,0.3,0.3,5,5,0,1,0,0,0,1,0,1,0,1,0,0,0,0
624,30.0,4,0.3,0.3,7,5,0,0,1,0,0,0,1,1,0,1,0,0,0,0
625,30.0,1,2.25,5.0,10,30,1,0,0,0,1,1,1,1,0,0,0,0,1,0
626,54.0,4,0.75,0.3,10,5,0,0,1,0,1,0,0,1,0,0,1,0,0,0
627,22.0,1,1.75,0.75,30,10,1,0,0,0,0,1,1,1,0,0,0,1,0,0
628,22.0,1,1.25,0.75,5,6,1,0,0,0,1,0,1,1,0,0,0,1,0,0
629,30.0,1,5.0,0.3,35,5,1,0,0,0,1,0,1,1,0,0,0,0,0,1
630,22.0,2,1.25,0.75,15,10,0,1,0,0,1,0,0,1,0,0,0,1,0,0
631,22.0,2,0.75,0.75,8,8,0,1,0,0,1,0,0,1,0,0,1,0,0,0
632,22.0,4,0.3,0.75,5,7,0,0,1,0,1,0,0,1,0,1,0,0,0,0
633,30.0,2,0.3,2.25,5,8,0,1,0,0,1,1,0,1,0,1,0,0,0,0
634,22.0,2,0.75,0.3,5,5,0,1,0,0,1,0,0,1,0,0,1,0,0,0
635,22.0,4,0.3,0.75,5,7,0,0,1,0,1,0,0,1,0,1,0,0,0,0
636,22.0,2,2.25,1.25,15,20,0,1,0,0,1,0,0,1,0,0,0,0,1,0
637,22.0,4,0.75,0.3,12,5,0,0,1,0,0,1,1,1,0,0,1,0,0,0
638,22.0,1,0.3,0.3,10,2,1,0,0,0,0,1,1,1,0,1,0,0,0,0
639,22.0,4,0.75,0.3,10,4,0,0,1,1,1,0,1,1,0,0,1,0,0,0
640,40.0,1,0.3,1.25,5,15,1,0,0,0,1,0,1,1,0,1,0,0,0,0
641,30.0,2,0.75,0.3,5,2,0,1,0,0,1,1,1,1,0,0,1,0,0,0
642,30.0,4,0.75,5.0,5,20,0,0,1,0,1,0,1,1,0,0,1,0,0,0
643,40.0,2,3.75,1.25,20,15,0,1,0,0,1,1,1,1,0,0,0,0,1,0
644,22.0,4,0.75,0.3,20,5,0,0,1,0,1,1,1,1,0,0,1,0,0,0
645,40.0,4,0.75,3.25,10,15,0,0,1,0,1,0,0,1,0,0,1,0,0,0
646,22.0,1,0.3,0.75,5,10,1,0,0,0,0,1,1,1,0,1,0,0,0,0
647,54.0,4,2.25,0.75,15,5,0,0,1,0,1,0,0,1,0,0,0,0,1,0
648,22.0,1,1.75,0.3,15,5,1,0,0,1,1,0,1,1,0,0,0,1,0,0
649,22.0,4,0.75,0.3,10,5,0,0,1,0,0,0,1,1,0,0,1,0,0,0
650,54.0,4,2.25,0.3,10,0,0,0,1,0,1,0,0,1,0,0,0,0,1,0
651,30.0,4,1.75,1.25,10,10,0,0,1,0,1,1,1,1,0,0,0,1,0,0
652,22.0,1,1.75,0.3,10,7,1,0,0,1,1,0,1,1,0,0,0,1,0,0
653,40.0,4,0.3,0.3,2,3,0,0,1,0,0,1,0,1,0,1,0,0,0,0
654,22.0,1,1.75,1.75,7,12,1,0,0,0,1,0,1,1,0,0,0,1,0,0
655,30.0,2,0.3,0.3,5,5,0,1,0,0,1,1,0,1,0,1,0,0,0,0
656,22.0,1,1.25,0.75,10,10,1,0,0,1,1,1,1,1,0,0,0,1,0,0
657,22.0,2,3.25,0.75,10,10,0,1,0,0,1,0,0,1,0,0,0,0,1,0
658,22.0,4,0.3,0.75,4,10,0,0,1,0,1,1,0,1,0,1,0,0,0,0
659,30.0,4,0.75,1.25,10,10,0,0,1,0,1,1,1,1,0,0,1,0,0,0
660,22.0,4,0.3,0.75,5,7,0,0,1,0,1,0,0,1,0,1,0,0,0,0
661,40.0,4,0.75,0.3,7,5,0,0,1,0,1,1,0,1,0,0,1,0,0,0
662,22.0,4,0.3,0.3,12,5,0,0,1,0,0,0,1,1,0,1,0,0,0,0
663,30.0,4,1.25,1.25,5,20,0,0,1,0,1,1,0,1,0,0,0,1,0,0
664,40.0,4,0.3,5.0,5,25,0,0,1,1,1,1,1,1,0,1,0,0,0,0
665,30.0,4,1.75,3.75,15,10,0,0,1,0,0,1,1,1,0,0,0,1,0,0
666,30.0,4,0.75,0.3,5,5,0,0,1,0,1,1,1,1,0,0,1,0,0,0
667,22.0,4,0.75,0.3,5,4,0,0,1,0,1,1,0,1,0,0,1,0,0,0
668,40.0,4,0.3,0.3,2,3,0,0,1,0,1,0,0,1,0,1,0,0,0,0
669,22.0,2,1.25,0.75,5,10,0,1,0,0,1,1,1,1,0,0,0,1,0,0
670,22.0,4,0.75,0.3,10,7,0,0,1,0,1,0,0,1,0,0,1,0,0,0
671,22.0,4,2.75,0.3,10,5,0,0,1,1,1,0,1,1,0,0,0,0,1,0
672,22.0,4,0.75,2.75,10,10,0,0,1,0,0,0,1,1,0,0,1,0,0,0
673,30.0,4,0.75,0.75,6,10,0,0,1,0,0,1,1,1,0,0,1,0,0,0
674,22.0,4,1.25,0.3,15,5,0,0,1,0,0,1,1,1,0,0,0,1,0,0
675,22.0,4,2.25,3.25,10,15,0,0,1,0,1,0,1,1,0,0,0,0,1,0
676,22.0,4,0.75,1.25,10,8,0,0,1,0,0,1,1,1,0,0,1,0,0,0
677,22.0,4,0.75,0.75,7,7,0,0,1,0,1,0,0,1,0,0,1,0,0,0
678,22.0,4,0.3,0.3,5,3,0,0,1,0,1,0,0,1,0,1,0,0,0,0
679,30.0,4,1.75,0.3,15,7,0,0,1,0,0,0,1,1,0,0,0,1,0,0
680,30.0,4,5.0,0.3,30,5,0,0,1,0,0,1,1,1,0,0,0,0,0,1
681,30.0,4,0.75,0.3,10,1,0,0,1,0,0,1,1,1,0,0,1,0,0,0
682,22.0,4,0.75,0.3,10,1,0,0,1,0,0,0,1,1,0,0,1,0,0,0
683,30.0,4,0.75,0.3,10,5,0,0,1,0,0,1,1,1,0,0,1,0,0,0
684,40.0,4,0.3,0.3,10,3,0,0,1,0,0,0,1,1,0,1,0,0,0,0
685,22.0,4,0.75,1.25,10,20,0,0,1,0,0,0,1,1,0,0,1,0,0,0
686,22.0,4,0.75,0.3,10,5,0,0,1,0,1,1,1,1,0,0,1,0,0,0
687,22.0,4,0.75,0.3,10,5,0,0,1,0,0,1,1,1,0,0,1,0,0,0
688,30.0,4,3.25,0.75,10,10,0,0,1,0,1,1,1,1,0,0,0,0,1,0
689,30.0,4,1.75,1.75,5,10,0,0,1,0,0,0,1,1,0,0,0,1,0,0
690,40.0,4,5.0,1.25,10,15,0,0,1,1,1,1,1,1,0,0,0,0,0,1
691,22.0,4,0.3,4.25,5,12,0,0,1,0,0,0,1,1,0,1,0,0,0,0
692,40.0,2,1.75,0.75,10,5,0,1,0,0,1,1,1,1,0,0,0,1,0,0
693,30.0,2,5.0,0.75,30,10,0,1,0,0,1,1,0,1,0,0,0,0,0,1
694,22.0,2,0.3,0.3,4,3,0,1,0,0,1,1,0,1,0,1,0,0,0,0
695,22.0,4,1.25,0.75,10,5,0,0,1,0,1,1,1,1,0,0,0,1,0,0
696,40.0,4,0.3,0.3,5,5,0,0,1,0,1,1,0,1,0,1,0,0,0,0
697,30.0,4,0.75,0.75,10,10,0,0,1,0,1,1,0,1,0,0,1,0,0,0
698,30.0,4,1.75,1.75,10,20,0,0,1,0,1,1,1,1,0,0,0,1,0,0
699,22.0,2,0.3,0.75,5,5,0,1,0,0,0,0,0,1,0,1,0,0,0,0
700,22.0,2,0.75,3.25,10,15,0,1,0,0,1,0,0,1,0,0,1,0,0,0
701,22.0,4,0.75,0.3,7,5,0,0,1,0,0,0,0,1,0,0,1,0,0,0
702,22.0,4,0.75,0.3,15,5,0,0,1,0,1,0,0,1,0,0,1,0,0,0
703,22.0,4,0.75,0.3,10,5,0,0,1,0,0,1,1,1,0,0,1,0,0,0
704,40.0,4,0.3,0.3,5,5,0,0,1,0,1,1,0,1,0,1,0,0,0,0
705,30.0,4,1.25,0.3,5,3,0,0,1,0,1,1,0,1,0,0,0,1,0,0
706,22.0,2,4.25,0.3,30,5,0,1,0,1,1,0,0,1,0,0,0,0,0,1
707,22.0,4,2.75,0.3,20,5,0,0,1,0,1,0,0,1,0,0,0,0,1,0
708,22.0,1,0.75,0.3,10,7,1,0,0,0,1,0,0,1,0,0,1,0,0,0
709,22.0,4,0.3,0.75,3,7,0,0,1,0,1,1,0,1,0,1,0,0,0,0
710,22.0,4,5.0,0.3,15,5,0,0,1,0,0,0,1,1,0,0,0,0,0,1
711,22.0,4,0.75,0.3,10,1,0,0,1,0,1,1,1,1,0,0,1,0,0,0
712,30.0,4,0.75,0.3,15,2,0,0,1,0,1,1,1,1,0,0,1,0,0,0
713,22.0,2,0.75,0.3,10,5,0,1,0,0,0,1,1,1,0,0,1,0,0,0
714,30.0,4,0.3,0.75,8,10,0,0,1,0,1,1,1,1,0,1,0,0,0,0
715,54.0,4,0.3,0.3,5,5,0,0,1,0,0,1,1,1,0,1,0,0,0,0
716,22.0,2,0.75,0.3,10,5,0,1,0,0,0,1,1,1,0,0,1,0,0,0
717,22.0,4,1.25,1.75,15,10,0,0,1,1,1,1,1,1,0,0,0,1,0,0
718,54.0,4,0.3,3.75,5,15,0,0,1,0,1,0,1,1,0,1,0,0,0,0
719,30.0,1,0.3,0.3,2,3,1,0,0,0,1,1,1,1,0,1,0,0,0,0
720,30.0,1,1.75,1.75,20,20,1,0,0,0,0,0,1,1,0,0,0,1,0,0
721,30.0,4,4.75,0.3,20,3,0,0,1,0,1,1,1,1,0,0,0,0,0,1
722,40.0,4,0.75,1.75,13,8,0,0,1,0,1,1,0,1,0,0,1,0,0,0
723,22.0,2,1.75,2.75,7,5,0,1,0,1,1,0,0,1,0,0,0,1,0,0
724,22.0,4,0.3,0.75,5,10,0,0,1,0,0,0,1,1,0,1,0,0,0,0
725,22.0,2,0.75,5.0,5,15,0,1,0,0,1,0,0,1,0,0,1,0,0,0
726,30.0,1,0.75,0.3,15,3,1,0,0,0,1,1,1,1,0,0,1,0,0,0
727,22.0,1,0.75,2.75,8,20,1,0,0,0,1,0,1,1,0,0,1,0,0,0
728,22.0,4,0.75,0.3,8,5,0,0,1,0,0,1,1,1,0,0,1,0,0,0
729,22.0,1,0.75,0.3,10,3,1,0,0,0,0,0,1,1,0,0,1,0,0,0
730,30.0,1,0.3,0.75,5,15,1,0,0,0,1,1,1,1,0,1,0,0,0,0
731,30.0,4,1.75,1.25,15,15,0,0,1,0,1,0,1,1,0,0,0,1,0,0
732,40.0,4,0.75,0.75,4,5,0,0,1,0,1,0,0,1,0,0,1,0,0,0
733,30.0,1,3.25,0.75,15,10,1,0,0,1,0,1,1,1,0,0,0,0,1,0
734,22.0,4,0.3,0.3,5,5,0,0,1,0,0,1,1,1,0,1,0,0,0,0
735,30.0,4,2.75,0.3,10,5,0,0,1,0,1,0,1,1,0,0,0,0,1,0
736,40.0,4,0.3,0.75,7,10,0,0,1,1,1,0,0,1,0,1,0,0,0,0
737,22.0,4,0.3,0.3,5,5,0,0,1,0,1,1,1,1,0,1,0,0,0,0
738,22.0,2,1.25,0.75,5,5,0,1,0,0,1,0,0,1,0,0,0,1,0,0
739,22.0,4,0.3,1.25,5,5,0,0,1,0,0,0,1,1,0,1,0,0,0,0
740,22.0,4,0.3,0.3,5,5,0,0,1,0,0,0,1,1,0,1,0,0,0,0
